20:37:26.615 INFO  manager.ApplicationManager -- All tests runs in Chrome Browser
20:37:29.805 INFO  manager.ApplicationManager -- The link --->https://telranedu.web.app/home
20:37:29.852 INFO  manager.TestNGListener -- Start testing on date -->Mon Jun 01 20:37:29 IDT 2026
20:37:34.940 INFO  manager.ListenerWD -- Before find element-->By.cssSelector: a[href='/login']
20:37:35.010 INFO  manager.ListenerWD -- After find element-->By.cssSelector: a[href='/login']
20:37:35.026 INFO  manager.ListenerWD -- Location of element-->a
20:37:35.069 INFO  manager.ListenerWD -- Before click element-->atext-->LOGIN
20:37:35.262 INFO  manager.ListenerWD -- After click element-->a
20:37:35.266 INFO  manager.ListenerWD -- Before find element-->By.name: email
20:37:35.336 INFO  manager.ListenerWD -- After find element-->By.name: email
20:37:35.350 INFO  manager.ListenerWD -- Location of element-->input
20:37:35.383 INFO  manager.ListenerWD -- Before click element-->inputtext-->
20:37:35.570 INFO  manager.ListenerWD -- After click element-->input
20:37:35.657 INFO  manager.ListenerWD -- SendKeys-->
20:37:35.670 INFO  manager.ListenerWD -- SendKeys_TagName-->input
20:37:35.788 INFO  manager.ListenerWD -- SendKeys-->
20:37:35.800 INFO  manager.ListenerWD -- SendKeys_TagName-->input
20:37:35.870 INFO  manager.ListenerWD -- SendKeys-->
20:37:35.882 INFO  manager.ListenerWD -- SendKeys_TagName-->input
20:37:35.970 INFO  manager.ListenerWD -- Before find element-->By.xpath: //input[@placeholder='Password']
20:37:36.035 INFO  manager.ListenerWD -- After find element-->By.xpath: //input[@placeholder='Password']
20:37:36.047 INFO  manager.ListenerWD -- Location of element-->input
20:37:36.077 INFO  manager.ListenerWD -- Before click element-->inputtext-->
20:37:36.207 INFO  manager.ListenerWD -- After click element-->input
20:37:36.280 INFO  manager.ListenerWD -- SendKeys-->
20:37:36.295 INFO  manager.ListenerWD -- SendKeys_TagName-->input
20:37:36.363 INFO  manager.ListenerWD -- SendKeys-->
20:37:36.375 INFO  manager.ListenerWD -- SendKeys_TagName-->input
20:37:36.445 INFO  manager.ListenerWD -- SendKeys-->
20:37:36.460 INFO  manager.ListenerWD -- SendKeys_TagName-->input
20:37:36.543 INFO  manager.ListenerWD -- Before find element-->By.xpath: //button[text()='Login']
20:37:36.603 INFO  manager.ListenerWD -- After find element-->By.xpath: //button[text()='Login']
20:37:36.615 INFO  manager.ListenerWD -- Location of element-->button
20:37:36.642 INFO  manager.ListenerWD -- Before click element-->buttontext-->Login
20:37:36.789 INFO  tests.TestBase -- Before method finished login
20:37:36.829 INFO  tests.TestBase -- Name of method (test) ---> addContactSuccessAllFieldsCSV
20:37:36.843 INFO  manager.TestNGListener -- Start test --> null
20:37:36.853 INFO  tests.TestBase -- Tests run with data: --->Contact(name=Harry, lastName=Potter, phone=056321478411, email=harry@gmail.com, address=Haifa, description=friend)
20:37:36.854 INFO  manager.ListenerWD -- Before find element-->By.cssSelector: a[href="/add"]
20:37:37.809 INFO  manager.ListenerWD -- After find element-->By.cssSelector: a[href="/add"]
20:37:37.822 INFO  manager.ListenerWD -- Location of element-->a
20:37:37.852 INFO  manager.ListenerWD -- Before click element-->atext-->ADD
20:37:38.023 INFO  manager.ListenerWD -- After click element-->a
20:37:38.026 INFO  manager.ListenerWD -- Before find element-->By.xpath: //input[@placeholder='Name']
20:37:38.086 INFO  manager.ListenerWD -- After find element-->By.xpath: //input[@placeholder='Name']
20:37:38.100 INFO  manager.ListenerWD -- Location of element-->input
20:37:38.139 INFO  manager.ListenerWD -- Before click element-->inputtext-->
20:37:38.270 INFO  manager.ListenerWD -- After click element-->input
20:37:38.334 INFO  manager.ListenerWD -- SendKeys-->
20:37:38.345 INFO  manager.ListenerWD -- SendKeys_TagName-->input
20:37:38.413 INFO  manager.ListenerWD -- SendKeys-->
20:37:38.423 INFO  manager.ListenerWD -- SendKeys_TagName-->input
20:37:38.487 INFO  manager.ListenerWD -- SendKeys-->
20:37:38.498 INFO  manager.ListenerWD -- SendKeys_TagName-->input
20:37:38.550 INFO  manager.ListenerWD -- Before find element-->By.xpath: //input[@placeholder='Last Name']
20:37:38.598 INFO  manager.ListenerWD -- After find element-->By.xpath: //input[@placeholder='Last Name']
20:37:38.609 INFO  manager.ListenerWD -- Location of element-->input
20:37:38.636 INFO  manager.ListenerWD -- Before click element-->inputtext-->
20:37:38.757 INFO  manager.ListenerWD -- After click element-->input
20:37:38.820 INFO  manager.ListenerWD -- SendKeys-->
20:37:38.833 INFO  manager.ListenerWD -- SendKeys_TagName-->input
20:37:38.898 INFO  manager.ListenerWD -- SendKeys-->
20:37:38.912 INFO  manager.ListenerWD -- SendKeys_TagName-->input
20:37:38.976 INFO  manager.ListenerWD -- SendKeys-->
20:37:38.985 INFO  manager.ListenerWD -- SendKeys_TagName-->input
20:37:39.041 INFO  manager.ListenerWD -- Before find element-->By.xpath: //input[@placeholder='Phone']
20:37:39.077 INFO  manager.ListenerWD -- After find element-->By.xpath: //input[@placeholder='Phone']
20:37:39.089 INFO  manager.ListenerWD -- Location of element-->input
20:37:39.118 INFO  manager.ListenerWD -- Before click element-->inputtext-->
20:37:39.244 INFO  manager.ListenerWD -- After click element-->input
20:37:39.312 INFO  manager.ListenerWD -- SendKeys-->
20:37:39.327 INFO  manager.ListenerWD -- SendKeys_TagName-->input
20:37:39.395 INFO  manager.ListenerWD -- SendKeys-->
20:37:39.406 INFO  manager.ListenerWD -- SendKeys_TagName-->input
20:37:39.482 INFO  manager.ListenerWD -- SendKeys-->
20:37:39.497 INFO  manager.ListenerWD -- SendKeys_TagName-->input
20:37:39.646 INFO  manager.ListenerWD -- Before find element-->By.xpath: //input[@placeholder='email']
20:37:39.696 INFO  manager.ListenerWD -- After find element-->By.xpath: //input[@placeholder='email']
20:37:39.710 INFO  manager.ListenerWD -- Location of element-->input
20:37:39.741 INFO  manager.ListenerWD -- Before click element-->inputtext-->
20:37:39.892 INFO  manager.ListenerWD -- After click element-->input
20:37:39.985 INFO  manager.ListenerWD -- SendKeys-->
20:37:39.999 INFO  manager.ListenerWD -- SendKeys_TagName-->input
20:37:40.105 INFO  manager.ListenerWD -- SendKeys-->
20:37:40.123 INFO  manager.ListenerWD -- SendKeys_TagName-->input
20:37:40.216 INFO  manager.ListenerWD -- SendKeys-->
20:37:40.229 INFO  manager.ListenerWD -- SendKeys_TagName-->input
20:37:40.327 INFO  manager.ListenerWD -- Before find element-->By.xpath: //input[@placeholder='Address']
20:37:40.391 INFO  manager.ListenerWD -- After find element-->By.xpath: //input[@placeholder='Address']
20:37:40.406 INFO  manager.ListenerWD -- Location of element-->input
20:37:40.445 INFO  manager.ListenerWD -- Before click element-->inputtext-->
20:37:40.608 INFO  manager.ListenerWD -- After click element-->input
20:37:40.673 INFO  manager.ListenerWD -- SendKeys-->
20:37:40.685 INFO  manager.ListenerWD -- SendKeys_TagName-->input
20:37:40.768 INFO  manager.ListenerWD -- SendKeys-->
20:37:40.783 INFO  manager.ListenerWD -- SendKeys_TagName-->input
20:37:40.870 INFO  manager.ListenerWD -- SendKeys-->
20:37:40.890 INFO  manager.ListenerWD -- SendKeys_TagName-->input
20:37:40.965 INFO  manager.ListenerWD -- Before find element-->By.xpath: //input[@placeholder='description']
20:37:41.018 INFO  manager.ListenerWD -- After find element-->By.xpath: //input[@placeholder='description']
20:37:41.031 INFO  manager.ListenerWD -- Location of element-->input
20:37:41.061 INFO  manager.ListenerWD -- Before click element-->inputtext-->
20:37:41.180 INFO  manager.ListenerWD -- After click element-->input
20:37:41.239 INFO  manager.ListenerWD -- SendKeys-->
20:37:41.248 INFO  manager.ListenerWD -- SendKeys_TagName-->input
20:37:41.310 INFO  manager.ListenerWD -- SendKeys-->
20:37:41.323 INFO  manager.ListenerWD -- SendKeys_TagName-->input
20:37:41.385 INFO  manager.ListenerWD -- SendKeys-->
20:37:41.396 INFO  manager.ListenerWD -- SendKeys_TagName-->input
20:37:42.008 INFO  manager.TestNGListener -- Failure test --> null
20:37:42.010 INFO  tests.TestBase -- ===============================================
20:37:42.012 INFO  tests.TestBase -- Name of method (test) ---> addContactSuccessAllFieldsCSV
20:37:42.013 INFO  manager.TestNGListener -- Start test --> null
20:37:42.014 INFO  tests.TestBase -- Tests run with data: --->Contact(name=John, lastName=Lev, phone=0512365410, email=john@lev.com, address=Tel Aviv, description=friend)
20:37:42.014 INFO  manager.ListenerWD -- Before find element-->By.cssSelector: a[href="/add"]
20:37:42.045 INFO  manager.ListenerWD -- After find element-->By.cssSelector: a[href="/add"]
20:37:42.062 INFO  manager.ListenerWD -- Location of element-->a
20:37:42.093 INFO  manager.ListenerWD -- Before click element-->atext-->ADD
20:37:42.243 INFO  manager.ListenerWD -- After click element-->a
20:37:42.245 INFO  manager.ListenerWD -- Before find element-->By.xpath: //input[@placeholder='Name']
20:37:42.292 INFO  manager.ListenerWD -- After find element-->By.xpath: //input[@placeholder='Name']
20:37:42.305 INFO  manager.ListenerWD -- Location of element-->input
20:37:42.338 INFO  manager.ListenerWD -- Before click element-->inputtext-->
20:37:42.484 INFO  manager.ListenerWD -- After click element-->input
20:37:42.563 INFO  manager.ListenerWD -- SendKeys-->
20:37:42.576 INFO  manager.ListenerWD -- SendKeys_TagName-->input
20:37:42.720 INFO  manager.ListenerWD -- SendKeys-->
20:37:42.736 INFO  manager.ListenerWD -- SendKeys_TagName-->input
20:37:42.819 INFO  manager.ListenerWD -- SendKeys-->
20:37:42.830 INFO  manager.ListenerWD -- SendKeys_TagName-->input
20:37:42.899 INFO  manager.ListenerWD -- Before find element-->By.xpath: //input[@placeholder='Last Name']
20:37:42.942 INFO  manager.ListenerWD -- After find element-->By.xpath: //input[@placeholder='Last Name']
20:37:42.955 INFO  manager.ListenerWD -- Location of element-->input
20:37:42.994 INFO  manager.ListenerWD -- Before click element-->inputtext-->
20:37:43.130 INFO  manager.ListenerWD -- After click element-->input
20:37:43.210 INFO  manager.ListenerWD -- SendKeys-->
20:37:43.218 INFO  manager.ListenerWD -- SendKeys_TagName-->input
20:37:43.308 INFO  manager.ListenerWD -- SendKeys-->
20:37:43.317 INFO  manager.ListenerWD -- SendKeys_TagName-->input
20:37:43.380 INFO  manager.ListenerWD -- SendKeys-->
20:37:43.397 INFO  manager.ListenerWD -- SendKeys_TagName-->input
20:37:43.458 INFO  manager.ListenerWD -- Before find element-->By.xpath: //input[@placeholder='Phone']
20:37:43.497 INFO  manager.ListenerWD -- After find element-->By.xpath: //input[@placeholder='Phone']
20:37:43.509 INFO  manager.ListenerWD -- Location of element-->input
20:37:43.542 INFO  manager.ListenerWD -- Before click element-->inputtext-->
20:37:43.666 INFO  manager.ListenerWD -- After click element-->input
20:37:43.722 INFO  manager.ListenerWD -- SendKeys-->
20:37:43.733 INFO  manager.ListenerWD -- SendKeys_TagName-->input
20:37:43.821 INFO  manager.ListenerWD -- SendKeys-->
20:37:43.831 INFO  manager.ListenerWD -- SendKeys_TagName-->input
20:37:43.897 INFO  manager.ListenerWD -- SendKeys-->
20:37:43.913 INFO  manager.ListenerWD -- SendKeys_TagName-->input
20:37:43.973 INFO  manager.ListenerWD -- Before find element-->By.xpath: //input[@placeholder='email']
20:37:44.007 INFO  manager.ListenerWD -- After find element-->By.xpath: //input[@placeholder='email']
20:37:44.021 INFO  manager.ListenerWD -- Location of element-->input
20:37:44.047 INFO  manager.ListenerWD -- Before click element-->inputtext-->
20:37:44.151 INFO  manager.ListenerWD -- After click element-->input
20:37:44.219 INFO  manager.ListenerWD -- SendKeys-->
20:37:44.230 INFO  manager.ListenerWD -- SendKeys_TagName-->input
20:37:44.330 INFO  manager.ListenerWD -- SendKeys-->
20:37:44.340 INFO  manager.ListenerWD -- SendKeys_TagName-->input
20:37:44.406 INFO  manager.ListenerWD -- SendKeys-->
20:37:44.419 INFO  manager.ListenerWD -- SendKeys_TagName-->input
20:37:44.495 INFO  manager.ListenerWD -- Before find element-->By.xpath: //input[@placeholder='Address']
20:37:44.528 INFO  manager.ListenerWD -- After find element-->By.xpath: //input[@placeholder='Address']
20:37:44.541 INFO  manager.ListenerWD -- Location of element-->input
20:37:44.569 INFO  manager.ListenerWD -- Before click element-->inputtext-->
20:37:44.686 INFO  manager.ListenerWD -- After click element-->input
20:37:44.754 INFO  manager.ListenerWD -- SendKeys-->
20:37:44.766 INFO  manager.ListenerWD -- SendKeys_TagName-->input
20:37:44.870 INFO  manager.ListenerWD -- SendKeys-->
20:37:44.881 INFO  manager.ListenerWD -- SendKeys_TagName-->input
20:37:44.945 INFO  manager.ListenerWD -- SendKeys-->
20:37:44.955 INFO  manager.ListenerWD -- SendKeys_TagName-->input
20:37:45.013 INFO  manager.ListenerWD -- Before find element-->By.xpath: //input[@placeholder='description']
20:37:45.043 INFO  manager.ListenerWD -- After find element-->By.xpath: //input[@placeholder='description']
20:37:45.055 INFO  manager.ListenerWD -- Location of element-->input
20:37:45.081 INFO  manager.ListenerWD -- Before click element-->inputtext-->
20:37:45.177 INFO  manager.ListenerWD -- After click element-->input
20:37:45.248 INFO  manager.ListenerWD -- SendKeys-->
20:37:45.258 INFO  manager.ListenerWD -- SendKeys_TagName-->input
20:37:45.350 INFO  manager.ListenerWD -- SendKeys-->
20:37:45.358 INFO  manager.ListenerWD -- SendKeys_TagName-->input
20:37:45.415 INFO  manager.ListenerWD -- SendKeys-->
20:37:45.425 INFO  manager.ListenerWD -- SendKeys_TagName-->input
20:37:45.939 INFO  manager.TestNGListener -- Failure test --> null
20:37:45.940 INFO  tests.TestBase -- ===============================================
20:37:45.941 INFO  tests.TestBase -- Name of method (test) ---> addContactSuccessAllFieldsCSV
20:37:45.942 INFO  manager.TestNGListener -- Start test --> null
20:37:45.942 INFO  tests.TestBase -- Tests run with data: --->Contact(name=Tonya, lastName=Fisher, phone=0512000147, email=tonya@mail.com, address=Almaty, description=ahot)
20:37:45.942 INFO  manager.ListenerWD -- Before find element-->By.cssSelector: a[href="/add"]
20:37:45.969 INFO  manager.ListenerWD -- After find element-->By.cssSelector: a[href="/add"]
20:37:45.980 INFO  manager.ListenerWD -- Location of element-->a
20:37:46.005 INFO  manager.ListenerWD -- Before click element-->atext-->ADD
20:37:46.119 INFO  manager.ListenerWD -- After click element-->a
20:37:46.120 INFO  manager.ListenerWD -- Before find element-->By.xpath: //input[@placeholder='Name']
20:37:46.146 INFO  manager.ListenerWD -- After find element-->By.xpath: //input[@placeholder='Name']
20:37:46.157 INFO  manager.ListenerWD -- Location of element-->input
20:37:46.182 INFO  manager.ListenerWD -- Before click element-->inputtext-->
20:37:46.301 INFO  manager.ListenerWD -- After click element-->input
20:37:46.372 INFO  manager.ListenerWD -- SendKeys-->
20:37:46.389 INFO  manager.ListenerWD -- SendKeys_TagName-->input
20:37:46.494 INFO  manager.ListenerWD -- SendKeys-->
20:37:46.505 INFO  manager.ListenerWD -- SendKeys_TagName-->input
20:37:46.573 INFO  manager.ListenerWD -- SendKeys-->
20:37:46.584 INFO  manager.ListenerWD -- SendKeys_TagName-->input
20:37:46.636 INFO  manager.ListenerWD -- Before find element-->By.xpath: //input[@placeholder='Last Name']
20:37:46.662 INFO  manager.ListenerWD -- After find element-->By.xpath: //input[@placeholder='Last Name']
20:37:46.672 INFO  manager.ListenerWD -- Location of element-->input
20:37:46.705 INFO  manager.ListenerWD -- Before click element-->inputtext-->
20:37:46.813 INFO  manager.ListenerWD -- After click element-->input
20:37:46.883 INFO  manager.ListenerWD -- SendKeys-->
20:37:46.894 INFO  manager.ListenerWD -- SendKeys_TagName-->input
20:37:46.993 INFO  manager.ListenerWD -- SendKeys-->
20:37:47.002 INFO  manager.ListenerWD -- SendKeys_TagName-->input
20:37:47.066 INFO  manager.ListenerWD -- SendKeys-->
20:37:47.076 INFO  manager.ListenerWD -- SendKeys_TagName-->input
20:37:47.132 INFO  manager.ListenerWD -- Before find element-->By.xpath: //input[@placeholder='Phone']
20:37:47.155 INFO  manager.ListenerWD -- After find element-->By.xpath: //input[@placeholder='Phone']
20:37:47.166 INFO  manager.ListenerWD -- Location of element-->input
20:37:47.191 INFO  manager.ListenerWD -- Before click element-->inputtext-->
20:37:47.302 INFO  manager.ListenerWD -- After click element-->input
20:37:47.360 INFO  manager.ListenerWD -- SendKeys-->
20:37:47.369 INFO  manager.ListenerWD -- SendKeys_TagName-->input
20:37:47.467 INFO  manager.ListenerWD -- SendKeys-->
20:37:47.477 INFO  manager.ListenerWD -- SendKeys_TagName-->input
20:37:47.541 INFO  manager.ListenerWD -- SendKeys-->
20:37:47.550 INFO  manager.ListenerWD -- SendKeys_TagName-->input
20:37:47.609 INFO  manager.ListenerWD -- Before find element-->By.xpath: //input[@placeholder='email']
20:37:47.631 INFO  manager.ListenerWD -- After find element-->By.xpath: //input[@placeholder='email']
20:37:47.640 INFO  manager.ListenerWD -- Location of element-->input
20:37:47.662 INFO  manager.ListenerWD -- Before click element-->inputtext-->
20:37:47.766 INFO  manager.ListenerWD -- After click element-->input
20:37:47.831 INFO  manager.ListenerWD -- SendKeys-->
20:37:47.842 INFO  manager.ListenerWD -- SendKeys_TagName-->input
20:37:47.942 INFO  manager.ListenerWD -- SendKeys-->
20:37:47.955 INFO  manager.ListenerWD -- SendKeys_TagName-->input
20:37:48.017 INFO  manager.ListenerWD -- SendKeys-->
20:37:48.027 INFO  manager.ListenerWD -- SendKeys_TagName-->input
20:37:48.097 INFO  manager.ListenerWD -- Before find element-->By.xpath: //input[@placeholder='Address']
20:37:48.128 INFO  manager.ListenerWD -- After find element-->By.xpath: //input[@placeholder='Address']
20:37:48.144 INFO  manager.ListenerWD -- Location of element-->input
20:37:48.169 INFO  manager.ListenerWD -- Before click element-->inputtext-->
20:37:48.275 INFO  manager.ListenerWD -- After click element-->input
20:37:48.341 INFO  manager.ListenerWD -- SendKeys-->
20:37:48.350 INFO  manager.ListenerWD -- SendKeys_TagName-->input
20:37:48.450 INFO  manager.ListenerWD -- SendKeys-->
20:37:48.460 INFO  manager.ListenerWD -- SendKeys_TagName-->input
20:37:48.522 INFO  manager.ListenerWD -- SendKeys-->
20:37:48.533 INFO  manager.ListenerWD -- SendKeys_TagName-->input
20:37:48.598 INFO  manager.ListenerWD -- Before find element-->By.xpath: //input[@placeholder='description']
20:37:48.628 INFO  manager.ListenerWD -- After find element-->By.xpath: //input[@placeholder='description']
20:37:48.640 INFO  manager.ListenerWD -- Location of element-->input
20:37:48.669 INFO  manager.ListenerWD -- Before click element-->inputtext-->
20:37:48.814 INFO  manager.ListenerWD -- After click element-->input
20:37:48.889 INFO  manager.ListenerWD -- SendKeys-->
20:37:48.901 INFO  manager.ListenerWD -- SendKeys_TagName-->input
20:37:49.007 INFO  manager.ListenerWD -- SendKeys-->
20:37:49.018 INFO  manager.ListenerWD -- SendKeys_TagName-->input
20:37:49.088 INFO  manager.ListenerWD -- SendKeys-->
20:37:49.100 INFO  manager.ListenerWD -- SendKeys_TagName-->input
20:37:49.726 INFO  manager.TestNGListener -- Failure test --> null
20:37:49.727 INFO  tests.TestBase -- ===============================================
20:37:49.732 INFO  tests.TestBase -- Name of method (test) ---> addNewContactFiledLastNameIsEmpty
20:37:49.733 INFO  manager.TestNGListener -- Start test --> null
20:37:49.734 INFO  tests.TestBase -- Test data ---> name: 'Tony001', last name: ' ', phone: '0541035974',tony@dvo.com', address: 'Dali av. 79/147', description: 'LastNameIsEmpty'
20:37:49.735 INFO  manager.ListenerWD -- Before find element-->By.cssSelector: a[href="/add"]
20:37:49.778 INFO  manager.ListenerWD -- After find element-->By.cssSelector: a[href="/add"]
20:37:49.790 INFO  manager.ListenerWD -- Location of element-->a
20:37:49.831 INFO  manager.ListenerWD -- Before click element-->atext-->ADD
20:37:49.976 INFO  manager.ListenerWD -- After click element-->a
20:37:49.977 INFO  manager.ListenerWD -- Before find element-->By.xpath: //input[@placeholder='Name']
20:37:50.009 INFO  manager.ListenerWD -- After find element-->By.xpath: //input[@placeholder='Name']
20:37:50.019 INFO  manager.ListenerWD -- Location of element-->input
20:37:50.044 INFO  manager.ListenerWD -- Before click element-->inputtext-->
20:37:50.161 INFO  manager.ListenerWD -- After click element-->input
20:37:50.237 INFO  manager.ListenerWD -- SendKeys-->
20:37:50.248 INFO  manager.ListenerWD -- SendKeys_TagName-->input
20:37:50.359 INFO  manager.ListenerWD -- SendKeys-->
20:37:50.366 INFO  manager.ListenerWD -- SendKeys_TagName-->input
20:37:50.429 INFO  manager.ListenerWD -- SendKeys-->
20:37:50.440 INFO  manager.ListenerWD -- SendKeys_TagName-->input
20:37:50.493 INFO  manager.ListenerWD -- Before find element-->By.xpath: //input[@placeholder='Last Name']
20:37:50.529 INFO  manager.ListenerWD -- After find element-->By.xpath: //input[@placeholder='Last Name']
20:37:50.542 INFO  manager.ListenerWD -- Location of element-->input
20:37:50.579 INFO  manager.ListenerWD -- Before click element-->inputtext-->
20:37:50.701 INFO  manager.ListenerWD -- After click element-->input
20:37:50.768 INFO  manager.ListenerWD -- SendKeys-->
20:37:50.779 INFO  manager.ListenerWD -- SendKeys_TagName-->input
20:37:50.868 INFO  manager.ListenerWD -- SendKeys-->
20:37:50.877 INFO  manager.ListenerWD -- SendKeys_TagName-->input
20:37:50.921 INFO  manager.ListenerWD -- Before find element-->By.xpath: //input[@placeholder='Phone']
20:37:50.943 INFO  manager.ListenerWD -- After find element-->By.xpath: //input[@placeholder='Phone']
20:37:50.953 INFO  manager.ListenerWD -- Location of element-->input
20:37:50.977 INFO  manager.ListenerWD -- Before click element-->inputtext-->
20:37:51.087 INFO  manager.ListenerWD -- After click element-->input
20:37:51.146 INFO  manager.ListenerWD -- SendKeys-->
20:37:51.157 INFO  manager.ListenerWD -- SendKeys_TagName-->input
20:37:51.277 INFO  manager.ListenerWD -- SendKeys-->
20:37:51.292 INFO  manager.ListenerWD -- SendKeys_TagName-->input
20:37:51.389 INFO  manager.ListenerWD -- SendKeys-->
20:37:51.412 INFO  manager.ListenerWD -- SendKeys_TagName-->input
20:37:51.554 INFO  manager.ListenerWD -- Before find element-->By.xpath: //input[@placeholder='email']
20:37:51.620 INFO  manager.ListenerWD -- After find element-->By.xpath: //input[@placeholder='email']
20:37:51.634 INFO  manager.ListenerWD -- Location of element-->input
20:37:51.665 INFO  manager.ListenerWD -- Before click element-->inputtext-->
20:37:51.825 INFO  manager.ListenerWD -- After click element-->input
20:37:51.900 INFO  manager.ListenerWD -- SendKeys-->
20:37:51.910 INFO  manager.ListenerWD -- SendKeys_TagName-->input
20:37:52.012 INFO  manager.ListenerWD -- SendKeys-->
20:37:52.025 INFO  manager.ListenerWD -- SendKeys_TagName-->input
20:37:52.099 INFO  manager.ListenerWD -- SendKeys-->
20:37:52.111 INFO  manager.ListenerWD -- SendKeys_TagName-->input
20:37:52.188 INFO  manager.ListenerWD -- Before find element-->By.xpath: //input[@placeholder='Address']
20:37:52.216 INFO  manager.ListenerWD -- After find element-->By.xpath: //input[@placeholder='Address']
20:37:52.227 INFO  manager.ListenerWD -- Location of element-->input
20:37:52.258 INFO  manager.ListenerWD -- Before click element-->inputtext-->
20:37:52.367 INFO  manager.ListenerWD -- After click element-->input
20:37:52.441 INFO  manager.ListenerWD -- SendKeys-->
20:37:52.451 INFO  manager.ListenerWD -- SendKeys_TagName-->input
20:37:52.540 INFO  manager.ListenerWD -- SendKeys-->
20:37:52.551 INFO  manager.ListenerWD -- SendKeys_TagName-->input
20:37:52.622 INFO  manager.ListenerWD -- SendKeys-->
20:37:52.631 INFO  manager.ListenerWD -- SendKeys_TagName-->input
20:37:52.707 INFO  manager.ListenerWD -- Before find element-->By.xpath: //input[@placeholder='description']
20:37:52.738 INFO  manager.ListenerWD -- After find element-->By.xpath: //input[@placeholder='description']
20:37:52.749 INFO  manager.ListenerWD -- Location of element-->input
20:37:52.774 INFO  manager.ListenerWD -- Before click element-->inputtext-->
20:37:52.885 INFO  manager.ListenerWD -- After click element-->input
20:37:52.964 INFO  manager.ListenerWD -- SendKeys-->
20:37:52.975 INFO  manager.ListenerWD -- SendKeys_TagName-->input
20:37:53.091 INFO  manager.ListenerWD -- SendKeys-->
20:37:53.103 INFO  manager.ListenerWD -- SendKeys_TagName-->input
20:37:53.180 INFO  manager.ListenerWD -- SendKeys-->
20:37:53.194 INFO  manager.ListenerWD -- SendKeys_TagName-->input
20:37:53.309 INFO  manager.ListenerWD -- Before find element-->By.cssSelector: .add_main__1tbl_ button
20:37:53.355 INFO  manager.ListenerWD -- After find element-->By.cssSelector: .add_main__1tbl_ button
20:37:53.378 INFO  manager.ListenerWD -- Location of element-->button
20:37:53.425 INFO  manager.ListenerWD -- Before click element-->buttontext-->Save
20:37:53.691 INFO  manager.ListenerWD -- After click element-->button
20:37:53.786 INFO  tests.TestBase -- Assert check is element button 'Save' no active'
20:37:53.787 INFO  tests.TestBase -- Assert check is add contact page still displayed
20:37:53.790 INFO  manager.TestNGListener -- Success test --> addNewContactFiledLastNameIsEmpty
20:37:53.792 INFO  tests.TestBase -- ===============================================
20:37:53.795 INFO  tests.TestBase -- Name of method (test) ---> addNewContactFiledNameIsEmpty
20:37:53.797 INFO  manager.TestNGListener -- Start test --> null
20:37:53.797 INFO  tests.TestBase -- Test data ---> name: ' ', last name: 'Dor', phone: '0541035974',tony@dvo.com', address: 'Dali av. 79/147', description: 'NameIsEmpty'
20:37:53.798 INFO  manager.ListenerWD -- Before find element-->By.cssSelector: a[href="/add"]
20:37:53.838 INFO  manager.ListenerWD -- After find element-->By.cssSelector: a[href="/add"]
20:37:53.852 INFO  manager.ListenerWD -- Location of element-->a
20:37:53.878 INFO  manager.ListenerWD -- Before click element-->atext-->ADD
20:37:54.030 INFO  manager.ListenerWD -- After click element-->a
20:37:54.030 INFO  manager.ListenerWD -- Before find element-->By.xpath: //input[@placeholder='Name']
20:37:54.065 INFO  manager.ListenerWD -- After find element-->By.xpath: //input[@placeholder='Name']
20:37:54.075 INFO  manager.ListenerWD -- Location of element-->input
20:37:54.104 INFO  manager.ListenerWD -- Before click element-->inputtext-->
20:37:54.240 INFO  manager.ListenerWD -- After click element-->input
20:37:54.335 INFO  manager.ListenerWD -- SendKeys-->
20:37:54.346 INFO  manager.ListenerWD -- SendKeys_TagName-->input
20:37:54.463 INFO  manager.ListenerWD -- SendKeys-->
20:37:54.478 INFO  manager.ListenerWD -- SendKeys_TagName-->input
20:37:54.550 INFO  manager.ListenerWD -- Before find element-->By.xpath: //input[@placeholder='Last Name']
20:37:54.595 INFO  manager.ListenerWD -- After find element-->By.xpath: //input[@placeholder='Last Name']
20:37:54.606 INFO  manager.ListenerWD -- Location of element-->input
20:37:54.659 INFO  manager.ListenerWD -- Before click element-->inputtext-->
20:37:54.792 INFO  manager.ListenerWD -- After click element-->input
20:37:54.875 INFO  manager.ListenerWD -- SendKeys-->
20:37:54.889 INFO  manager.ListenerWD -- SendKeys_TagName-->input
20:37:54.964 INFO  manager.ListenerWD -- SendKeys-->
20:37:54.975 INFO  manager.ListenerWD -- SendKeys_TagName-->input
20:37:55.081 INFO  manager.ListenerWD -- SendKeys-->
20:37:55.093 INFO  manager.ListenerWD -- SendKeys_TagName-->input
20:37:55.154 INFO  manager.ListenerWD -- Before find element-->By.xpath: //input[@placeholder='Phone']
20:37:55.179 INFO  manager.ListenerWD -- After find element-->By.xpath: //input[@placeholder='Phone']
20:37:55.191 INFO  manager.ListenerWD -- Location of element-->input
20:37:55.218 INFO  manager.ListenerWD -- Before click element-->inputtext-->
20:37:55.353 INFO  manager.ListenerWD -- After click element-->input
20:37:55.487 INFO  manager.ListenerWD -- SendKeys-->
20:37:55.593 INFO  manager.ListenerWD -- SendKeys_TagName-->input
20:37:55.855 INFO  manager.ListenerWD -- SendKeys-->
20:37:55.938 INFO  manager.ListenerWD -- SendKeys_TagName-->input
20:37:56.124 INFO  manager.ListenerWD -- SendKeys-->
20:37:56.138 INFO  manager.ListenerWD -- SendKeys_TagName-->input
20:37:56.239 INFO  manager.ListenerWD -- Before find element-->By.xpath: //input[@placeholder='email']
20:37:56.284 INFO  manager.ListenerWD -- After find element-->By.xpath: //input[@placeholder='email']
20:37:56.299 INFO  manager.ListenerWD -- Location of element-->input
20:37:56.325 INFO  manager.ListenerWD -- Before click element-->inputtext-->
20:37:56.471 INFO  manager.ListenerWD -- After click element-->input
20:37:56.545 INFO  manager.ListenerWD -- SendKeys-->
20:37:56.557 INFO  manager.ListenerWD -- SendKeys_TagName-->input
20:37:56.680 INFO  manager.ListenerWD -- SendKeys-->
20:37:56.690 INFO  manager.ListenerWD -- SendKeys_TagName-->input
20:37:56.758 INFO  manager.ListenerWD -- SendKeys-->
20:37:56.770 INFO  manager.ListenerWD -- SendKeys_TagName-->input
20:37:56.855 INFO  manager.ListenerWD -- Before find element-->By.xpath: //input[@placeholder='Address']
20:37:56.887 INFO  manager.ListenerWD -- After find element-->By.xpath: //input[@placeholder='Address']
20:37:56.897 INFO  manager.ListenerWD -- Location of element-->input
20:37:56.923 INFO  manager.ListenerWD -- Before click element-->inputtext-->
20:37:57.043 INFO  manager.ListenerWD -- After click element-->input
20:37:57.117 INFO  manager.ListenerWD -- SendKeys-->
20:37:57.125 INFO  manager.ListenerWD -- SendKeys_TagName-->input
20:37:57.213 INFO  manager.ListenerWD -- SendKeys-->
20:37:57.223 INFO  manager.ListenerWD -- SendKeys_TagName-->input
20:37:57.278 INFO  manager.ListenerWD -- SendKeys-->
20:37:57.287 INFO  manager.ListenerWD -- SendKeys_TagName-->input
20:37:57.345 INFO  manager.ListenerWD -- Before find element-->By.xpath: //input[@placeholder='description']
20:37:57.367 INFO  manager.ListenerWD -- After find element-->By.xpath: //input[@placeholder='description']
20:37:57.375 INFO  manager.ListenerWD -- Location of element-->input
20:37:57.396 INFO  manager.ListenerWD -- Before click element-->inputtext-->
20:37:57.507 INFO  manager.ListenerWD -- After click element-->input
20:37:57.569 INFO  manager.ListenerWD -- SendKeys-->
20:37:57.579 INFO  manager.ListenerWD -- SendKeys_TagName-->input
20:37:57.668 INFO  manager.ListenerWD -- SendKeys-->
20:37:57.677 INFO  manager.ListenerWD -- SendKeys_TagName-->input
20:37:57.730 INFO  manager.ListenerWD -- SendKeys-->
20:37:57.738 INFO  manager.ListenerWD -- SendKeys_TagName-->input
20:37:57.793 INFO  manager.ListenerWD -- Before find element-->By.cssSelector: .add_main__1tbl_ button
20:37:57.819 INFO  manager.ListenerWD -- After find element-->By.cssSelector: .add_main__1tbl_ button
20:37:57.829 INFO  manager.ListenerWD -- Location of element-->button
20:37:57.852 INFO  manager.ListenerWD -- Before click element-->buttontext-->Save
20:37:57.937 INFO  manager.ListenerWD -- After click element-->button
20:37:57.994 INFO  tests.TestBase -- Assert check is element button 'Save' no active'
20:37:57.994 INFO  tests.TestBase -- Assert check is add contact page still displayed
20:37:57.994 INFO  manager.TestNGListener -- Success test --> addNewContactFiledNameIsEmpty
20:37:57.995 INFO  tests.TestBase -- ===============================================
20:37:57.997 INFO  tests.TestBase -- Name of method (test) ---> addNewContactSuccessAllFields
20:37:57.997 INFO  manager.TestNGListener -- Start test --> null
20:37:58.002 INFO  tests.TestBase -- Test data ---> name: 'Alex2277', last name: 'Levin', phone: '05475672277', email: 'alex2277@lev.com', address: 'Roboad av. 7/278', description: 'friend'
20:37:58.002 INFO  manager.ListenerWD -- Before find element-->By.cssSelector: a[href="/add"]
20:37:58.024 INFO  manager.ListenerWD -- After find element-->By.cssSelector: a[href="/add"]
20:37:58.033 INFO  manager.ListenerWD -- Location of element-->a
20:37:58.057 INFO  manager.ListenerWD -- Before click element-->atext-->ADD
20:37:58.162 INFO  manager.ListenerWD -- After click element-->a
20:37:58.163 INFO  manager.ListenerWD -- Before find element-->By.xpath: //input[@placeholder='Name']
20:37:58.184 INFO  manager.ListenerWD -- After find element-->By.xpath: //input[@placeholder='Name']
20:37:58.194 INFO  manager.ListenerWD -- Location of element-->input
20:37:58.224 INFO  manager.ListenerWD -- Before click element-->inputtext-->
20:37:58.341 INFO  manager.ListenerWD -- After click element-->input
20:37:58.411 INFO  manager.ListenerWD -- SendKeys-->
20:37:58.420 INFO  manager.ListenerWD -- SendKeys_TagName-->input
20:37:58.486 INFO  manager.ListenerWD -- SendKeys-->
20:37:58.495 INFO  manager.ListenerWD -- SendKeys_TagName-->input
20:37:58.557 INFO  manager.ListenerWD -- SendKeys-->
20:37:58.567 INFO  manager.ListenerWD -- SendKeys_TagName-->input
20:37:58.618 INFO  manager.ListenerWD -- Before find element-->By.xpath: //input[@placeholder='Last Name']
20:37:58.638 INFO  manager.ListenerWD -- After find element-->By.xpath: //input[@placeholder='Last Name']
20:37:58.646 INFO  manager.ListenerWD -- Location of element-->input
20:37:58.670 INFO  manager.ListenerWD -- Before click element-->inputtext-->
20:37:58.782 INFO  manager.ListenerWD -- After click element-->input
20:37:58.856 INFO  manager.ListenerWD -- SendKeys-->
20:37:58.866 INFO  manager.ListenerWD -- SendKeys_TagName-->input
20:37:58.962 INFO  manager.ListenerWD -- SendKeys-->
20:37:58.973 INFO  manager.ListenerWD -- SendKeys_TagName-->input
20:37:59.040 INFO  manager.ListenerWD -- SendKeys-->
20:37:59.049 INFO  manager.ListenerWD -- SendKeys_TagName-->input
20:37:59.100 INFO  manager.ListenerWD -- Before find element-->By.xpath: //input[@placeholder='Phone']
20:37:59.126 INFO  manager.ListenerWD -- After find element-->By.xpath: //input[@placeholder='Phone']
20:37:59.136 INFO  manager.ListenerWD -- Location of element-->input
20:37:59.159 INFO  manager.ListenerWD -- Before click element-->inputtext-->
20:37:59.274 INFO  manager.ListenerWD -- After click element-->input
20:37:59.346 INFO  manager.ListenerWD -- SendKeys-->
20:37:59.353 INFO  manager.ListenerWD -- SendKeys_TagName-->input
20:37:59.451 INFO  manager.ListenerWD -- SendKeys-->
20:37:59.462 INFO  manager.ListenerWD -- SendKeys_TagName-->input
20:37:59.527 INFO  manager.ListenerWD -- SendKeys-->
20:37:59.537 INFO  manager.ListenerWD -- SendKeys_TagName-->input
20:37:59.609 INFO  manager.ListenerWD -- Before find element-->By.xpath: //input[@placeholder='email']
20:37:59.637 INFO  manager.ListenerWD -- After find element-->By.xpath: //input[@placeholder='email']
20:37:59.647 INFO  manager.ListenerWD -- Location of element-->input
20:37:59.673 INFO  manager.ListenerWD -- Before click element-->inputtext-->
20:37:59.791 INFO  manager.ListenerWD -- After click element-->input
20:37:59.854 INFO  manager.ListenerWD -- SendKeys-->
20:37:59.865 INFO  manager.ListenerWD -- SendKeys_TagName-->input
20:37:59.972 INFO  manager.ListenerWD -- SendKeys-->
20:37:59.983 INFO  manager.ListenerWD -- SendKeys_TagName-->input
20:38:00.056 INFO  manager.ListenerWD -- SendKeys-->
20:38:00.067 INFO  manager.ListenerWD -- SendKeys_TagName-->input
20:38:00.135 INFO  manager.ListenerWD -- Before find element-->By.xpath: //input[@placeholder='Address']
20:38:00.163 INFO  manager.ListenerWD -- After find element-->By.xpath: //input[@placeholder='Address']
20:38:00.174 INFO  manager.ListenerWD -- Location of element-->input
20:38:00.200 INFO  manager.ListenerWD -- Before click element-->inputtext-->
20:38:00.323 INFO  manager.ListenerWD -- After click element-->input
20:38:00.389 INFO  manager.ListenerWD -- SendKeys-->
20:38:00.403 INFO  manager.ListenerWD -- SendKeys_TagName-->input
20:38:00.537 INFO  manager.ListenerWD -- SendKeys-->
20:38:00.551 INFO  manager.ListenerWD -- SendKeys_TagName-->input
20:38:00.635 INFO  manager.ListenerWD -- SendKeys-->
20:38:00.649 INFO  manager.ListenerWD -- SendKeys_TagName-->input
20:38:00.730 INFO  manager.ListenerWD -- Before find element-->By.xpath: //input[@placeholder='description']
20:38:00.763 INFO  manager.ListenerWD -- After find element-->By.xpath: //input[@placeholder='description']
20:38:00.773 INFO  manager.ListenerWD -- Location of element-->input
20:38:00.799 INFO  manager.ListenerWD -- Before click element-->inputtext-->
20:38:00.915 INFO  manager.ListenerWD -- After click element-->input
20:38:00.987 INFO  manager.ListenerWD -- SendKeys-->
20:38:00.998 INFO  manager.ListenerWD -- SendKeys_TagName-->input
20:38:01.100 INFO  manager.ListenerWD -- SendKeys-->
20:38:01.109 INFO  manager.ListenerWD -- SendKeys_TagName-->input
20:38:01.173 INFO  manager.ListenerWD -- SendKeys-->
20:38:01.184 INFO  manager.ListenerWD -- SendKeys_TagName-->input
20:38:01.768 INFO  manager.ListenerWD -- Before find element-->By.cssSelector: .add_main__1tbl_ button
20:38:01.793 INFO  manager.ListenerWD -- After find element-->By.cssSelector: .add_main__1tbl_ button
20:38:01.803 INFO  manager.ListenerWD -- Location of element-->button
20:38:01.828 INFO  manager.ListenerWD -- Before click element-->buttontext-->Save
20:38:01.933 INFO  manager.ListenerWD -- After click element-->button
20:38:02.840 INFO  tests.TestBase -- Assert check is contact added by name
20:38:02.977 INFO  tests.TestBase -- Assert check is contact added by phone
20:38:02.977 INFO  manager.TestNGListener -- Success test --> addNewContactSuccessAllFields
20:38:02.978 INFO  tests.TestBase -- ===============================================
20:38:02.980 INFO  tests.TestBase -- Name of method (test) ---> addNewContactSuccessAllFields
20:38:02.981 INFO  manager.TestNGListener -- Start test --> null
20:38:02.983 INFO  tests.TestBase -- Test data ---> name: 'Alex2282', last name: 'Levin', phone: '05475672282', email: 'alex2282@lev.com', address: 'Roboad av. 7/278', description: 'friend'
20:38:02.986 INFO  manager.ListenerWD -- Before find element-->By.cssSelector: a[href="/add"]
20:38:03.027 INFO  manager.ListenerWD -- After find element-->By.cssSelector: a[href="/add"]
20:38:03.038 INFO  manager.ListenerWD -- Location of element-->a
20:38:03.066 INFO  manager.ListenerWD -- Before click element-->atext-->ADD
20:38:03.200 INFO  manager.ListenerWD -- After click element-->a
20:38:03.201 INFO  manager.ListenerWD -- Before find element-->By.xpath: //input[@placeholder='Name']
20:38:03.230 INFO  manager.ListenerWD -- After find element-->By.xpath: //input[@placeholder='Name']
20:38:03.243 INFO  manager.ListenerWD -- Location of element-->input
20:38:03.271 INFO  manager.ListenerWD -- Before click element-->inputtext-->
20:38:03.411 INFO  manager.ListenerWD -- After click element-->input
20:38:03.481 INFO  manager.ListenerWD -- SendKeys-->
20:38:03.493 INFO  manager.ListenerWD -- SendKeys_TagName-->input
20:38:03.588 INFO  manager.ListenerWD -- SendKeys-->
20:38:03.600 INFO  manager.ListenerWD -- SendKeys_TagName-->input
20:38:03.666 INFO  manager.ListenerWD -- SendKeys-->
20:38:03.678 INFO  manager.ListenerWD -- SendKeys_TagName-->input
20:38:03.739 INFO  manager.ListenerWD -- Before find element-->By.xpath: //input[@placeholder='Last Name']
20:38:03.770 INFO  manager.ListenerWD -- After find element-->By.xpath: //input[@placeholder='Last Name']
20:38:03.784 INFO  manager.ListenerWD -- Location of element-->input
20:38:03.810 INFO  manager.ListenerWD -- Before click element-->inputtext-->
20:38:03.922 INFO  manager.ListenerWD -- After click element-->input
20:38:03.976 INFO  manager.ListenerWD -- SendKeys-->
20:38:03.986 INFO  manager.ListenerWD -- SendKeys_TagName-->input
20:38:04.057 INFO  manager.ListenerWD -- SendKeys-->
20:38:04.068 INFO  manager.ListenerWD -- SendKeys_TagName-->input
20:38:04.143 INFO  manager.ListenerWD -- SendKeys-->
20:38:04.152 INFO  manager.ListenerWD -- SendKeys_TagName-->input
20:38:04.226 INFO  manager.ListenerWD -- Before find element-->By.xpath: //input[@placeholder='Phone']
20:38:04.254 INFO  manager.ListenerWD -- After find element-->By.xpath: //input[@placeholder='Phone']
20:38:04.263 INFO  manager.ListenerWD -- Location of element-->input
20:38:04.286 INFO  manager.ListenerWD -- Before click element-->inputtext-->
20:38:04.391 INFO  manager.ListenerWD -- After click element-->input
20:38:04.453 INFO  manager.ListenerWD -- SendKeys-->
20:38:04.462 INFO  manager.ListenerWD -- SendKeys_TagName-->input
20:38:04.523 INFO  manager.ListenerWD -- SendKeys-->
20:38:04.532 INFO  manager.ListenerWD -- SendKeys_TagName-->input
20:38:04.592 INFO  manager.ListenerWD -- SendKeys-->
20:38:04.606 INFO  manager.ListenerWD -- SendKeys_TagName-->input
20:38:04.667 INFO  manager.ListenerWD -- Before find element-->By.xpath: //input[@placeholder='email']
20:38:04.689 INFO  manager.ListenerWD -- After find element-->By.xpath: //input[@placeholder='email']
20:38:04.702 INFO  manager.ListenerWD -- Location of element-->input
20:38:04.728 INFO  manager.ListenerWD -- Before click element-->inputtext-->
20:38:04.834 INFO  manager.ListenerWD -- After click element-->input
20:38:04.897 INFO  manager.ListenerWD -- SendKeys-->
20:38:04.909 INFO  manager.ListenerWD -- SendKeys_TagName-->input
20:38:04.982 INFO  manager.ListenerWD -- SendKeys-->
20:38:04.991 INFO  manager.ListenerWD -- SendKeys_TagName-->input
20:38:05.064 INFO  manager.ListenerWD -- SendKeys-->
20:38:05.073 INFO  manager.ListenerWD -- SendKeys_TagName-->input
20:38:05.147 INFO  manager.ListenerWD -- Before find element-->By.xpath: //input[@placeholder='Address']
20:38:05.176 INFO  manager.ListenerWD -- After find element-->By.xpath: //input[@placeholder='Address']
20:38:05.188 INFO  manager.ListenerWD -- Location of element-->input
20:38:05.215 INFO  manager.ListenerWD -- Before click element-->inputtext-->
20:38:05.333 INFO  manager.ListenerWD -- After click element-->input
20:38:05.402 INFO  manager.ListenerWD -- SendKeys-->
20:38:05.412 INFO  manager.ListenerWD -- SendKeys_TagName-->input
20:38:05.485 INFO  manager.ListenerWD -- SendKeys-->
20:38:05.499 INFO  manager.ListenerWD -- SendKeys_TagName-->input
20:38:05.574 INFO  manager.ListenerWD -- SendKeys-->
20:38:05.586 INFO  manager.ListenerWD -- SendKeys_TagName-->input
20:38:05.677 INFO  manager.ListenerWD -- Before find element-->By.xpath: //input[@placeholder='description']
20:38:05.717 INFO  manager.ListenerWD -- After find element-->By.xpath: //input[@placeholder='description']
20:38:05.727 INFO  manager.ListenerWD -- Location of element-->input
20:38:05.753 INFO  manager.ListenerWD -- Before click element-->inputtext-->
20:38:05.870 INFO  manager.ListenerWD -- After click element-->input
20:38:05.936 INFO  manager.ListenerWD -- SendKeys-->
20:38:05.945 INFO  manager.ListenerWD -- SendKeys_TagName-->input
20:38:06.018 INFO  manager.ListenerWD -- SendKeys-->
20:38:06.030 INFO  manager.ListenerWD -- SendKeys_TagName-->input
20:38:06.610 INFO  manager.ListenerWD -- Before find element-->By.cssSelector: .add_main__1tbl_ button
20:38:06.636 INFO  manager.ListenerWD -- After find element-->By.cssSelector: .add_main__1tbl_ button
20:38:06.650 INFO  manager.ListenerWD -- Location of element-->button
20:38:06.683 INFO  manager.ListenerWD -- Before click element-->buttontext-->Save
20:38:06.791 INFO  manager.ListenerWD -- After click element-->button
20:38:07.370 INFO  tests.TestBase -- Assert check is contact added by name
20:38:07.520 INFO  tests.TestBase -- Assert check is contact added by phone
20:38:07.520 INFO  manager.TestNGListener -- Success test --> addNewContactSuccessAllFields
20:38:07.522 INFO  tests.TestBase -- ===============================================
20:38:07.524 INFO  tests.TestBase -- Name of method (test) ---> addNewContactSuccessRequiredFields
20:38:07.525 INFO  manager.TestNGListener -- Start test --> null
20:38:07.525 INFO  tests.TestBase -- Test data ---> name: 'Tony2287', last name: 'Dvoretskiy', phone: '0547567 2287',email: 'tony2287@dvo.com', address: 'Dali av. 79/147', description: ' '
20:38:07.525 INFO  manager.ListenerWD -- Before find element-->By.cssSelector: a[href="/add"]
20:38:07.553 INFO  manager.ListenerWD -- After find element-->By.cssSelector: a[href="/add"]
20:38:07.563 INFO  manager.ListenerWD -- Location of element-->a
20:38:07.590 INFO  manager.ListenerWD -- Before click element-->atext-->ADD
20:38:07.728 INFO  manager.ListenerWD -- After click element-->a
20:38:07.729 INFO  manager.ListenerWD -- Before find element-->By.xpath: //input[@placeholder='Name']
20:38:07.757 INFO  manager.ListenerWD -- After find element-->By.xpath: //input[@placeholder='Name']
20:38:07.769 INFO  manager.ListenerWD -- Location of element-->input
20:38:07.793 INFO  manager.ListenerWD -- Before click element-->inputtext-->
20:38:07.933 INFO  manager.ListenerWD -- After click element-->input
20:38:08.006 INFO  manager.ListenerWD -- SendKeys-->
20:38:08.020 INFO  manager.ListenerWD -- SendKeys_TagName-->input
20:38:08.110 INFO  manager.ListenerWD -- SendKeys-->
20:38:08.122 INFO  manager.ListenerWD -- SendKeys_TagName-->input
20:38:08.194 INFO  manager.ListenerWD -- SendKeys-->
20:38:08.206 INFO  manager.ListenerWD -- SendKeys_TagName-->input
20:38:08.268 INFO  manager.ListenerWD -- Before find element-->By.xpath: //input[@placeholder='Last Name']
20:38:08.293 INFO  manager.ListenerWD -- After find element-->By.xpath: //input[@placeholder='Last Name']
20:38:08.303 INFO  manager.ListenerWD -- Location of element-->input
20:38:08.329 INFO  manager.ListenerWD -- Before click element-->inputtext-->
20:38:08.444 INFO  manager.ListenerWD -- After click element-->input
20:38:08.507 INFO  manager.ListenerWD -- SendKeys-->
20:38:08.522 INFO  manager.ListenerWD -- SendKeys_TagName-->input
20:38:08.596 INFO  manager.ListenerWD -- SendKeys-->
20:38:08.604 INFO  manager.ListenerWD -- SendKeys_TagName-->input
20:38:08.704 INFO  manager.ListenerWD -- SendKeys-->
20:38:08.712 INFO  manager.ListenerWD -- SendKeys_TagName-->input
20:38:08.772 INFO  manager.ListenerWD -- Before find element-->By.xpath: //input[@placeholder='Phone']
20:38:08.794 INFO  manager.ListenerWD -- After find element-->By.xpath: //input[@placeholder='Phone']
20:38:08.803 INFO  manager.ListenerWD -- Location of element-->input
20:38:08.831 INFO  manager.ListenerWD -- Before click element-->inputtext-->
20:38:08.941 INFO  manager.ListenerWD -- After click element-->input
20:38:09.008 INFO  manager.ListenerWD -- SendKeys-->
20:38:09.018 INFO  manager.ListenerWD -- SendKeys_TagName-->input
20:38:09.079 INFO  manager.ListenerWD -- SendKeys-->
20:38:09.088 INFO  manager.ListenerWD -- SendKeys_TagName-->input
20:38:09.152 INFO  manager.ListenerWD -- SendKeys-->
20:38:09.163 INFO  manager.ListenerWD -- SendKeys_TagName-->input
20:38:09.226 INFO  manager.ListenerWD -- Before find element-->By.xpath: //input[@placeholder='email']
20:38:09.251 INFO  manager.ListenerWD -- After find element-->By.xpath: //input[@placeholder='email']
20:38:09.262 INFO  manager.ListenerWD -- Location of element-->input
20:38:09.288 INFO  manager.ListenerWD -- Before click element-->inputtext-->
20:38:09.408 INFO  manager.ListenerWD -- After click element-->input
20:38:09.485 INFO  manager.ListenerWD -- SendKeys-->
20:38:09.495 INFO  manager.ListenerWD -- SendKeys_TagName-->input
20:38:09.581 INFO  manager.ListenerWD -- SendKeys-->
20:38:09.592 INFO  manager.ListenerWD -- SendKeys_TagName-->input
20:38:09.664 INFO  manager.ListenerWD -- SendKeys-->
20:38:09.674 INFO  manager.ListenerWD -- SendKeys_TagName-->input
20:38:09.760 INFO  manager.ListenerWD -- Before find element-->By.xpath: //input[@placeholder='Address']
20:38:09.785 INFO  manager.ListenerWD -- After find element-->By.xpath: //input[@placeholder='Address']
20:38:09.797 INFO  manager.ListenerWD -- Location of element-->input
20:38:09.829 INFO  manager.ListenerWD -- Before click element-->inputtext-->
20:38:09.953 INFO  manager.ListenerWD -- After click element-->input
20:38:10.017 INFO  manager.ListenerWD -- SendKeys-->
20:38:10.029 INFO  manager.ListenerWD -- SendKeys_TagName-->input
20:38:10.099 INFO  manager.ListenerWD -- SendKeys-->
20:38:10.109 INFO  manager.ListenerWD -- SendKeys_TagName-->input
20:38:10.171 INFO  manager.ListenerWD -- SendKeys-->
20:38:10.179 INFO  manager.ListenerWD -- SendKeys_TagName-->input
20:38:10.257 INFO  manager.ListenerWD -- Before find element-->By.xpath: //input[@placeholder='description']
20:38:10.289 INFO  manager.ListenerWD -- After find element-->By.xpath: //input[@placeholder='description']
20:38:10.304 INFO  manager.ListenerWD -- Location of element-->input
20:38:10.335 INFO  manager.ListenerWD -- Before click element-->inputtext-->
20:38:10.459 INFO  manager.ListenerWD -- After click element-->input
20:38:10.563 INFO  manager.ListenerWD -- SendKeys-->
20:38:10.577 INFO  manager.ListenerWD -- SendKeys_TagName-->input
20:38:10.643 INFO  manager.ListenerWD -- SendKeys-->
20:38:10.658 INFO  manager.ListenerWD -- SendKeys_TagName-->input
20:38:10.728 INFO  manager.ListenerWD -- Before find element-->By.cssSelector: .add_main__1tbl_ button
20:38:10.760 INFO  manager.ListenerWD -- After find element-->By.cssSelector: .add_main__1tbl_ button
20:38:10.771 INFO  manager.ListenerWD -- Location of element-->button
20:38:10.804 INFO  manager.ListenerWD -- Before click element-->buttontext-->Save
20:38:10.970 INFO  manager.ListenerWD -- After click element-->button
20:38:11.864 INFO  tests.TestBase -- Assert check is contact added by name
20:38:11.864 INFO  tests.TestBase -- Assert check is contact added by phone
20:38:11.866 INFO  manager.TestNGListener -- Success test --> addNewContactSuccessRequiredFields
20:38:11.866 INFO  tests.TestBase -- ===============================================
20:38:11.868 INFO  tests.TestBase -- Name of method (test) ---> addNewContactWrongAddress
20:38:11.868 INFO  manager.TestNGListener -- Start test --> null
20:38:11.869 INFO  tests.TestBase -- Test data ---> name: 'Tony001', last name: 'Brook', phone: '0541035789',tony@dvo.com', address: ' ', description: 'Wrong address'
20:38:11.869 INFO  manager.ListenerWD -- Before find element-->By.cssSelector: a[href="/add"]
20:38:11.892 INFO  manager.ListenerWD -- After find element-->By.cssSelector: a[href="/add"]
20:38:11.902 INFO  manager.ListenerWD -- Location of element-->a
20:38:11.928 INFO  manager.ListenerWD -- Before click element-->atext-->ADD
20:38:12.063 INFO  manager.ListenerWD -- After click element-->a
20:38:12.063 INFO  manager.ListenerWD -- Before find element-->By.xpath: //input[@placeholder='Name']
20:38:12.092 INFO  manager.ListenerWD -- After find element-->By.xpath: //input[@placeholder='Name']
20:38:12.101 INFO  manager.ListenerWD -- Location of element-->input
20:38:12.127 INFO  manager.ListenerWD -- Before click element-->inputtext-->
20:38:12.261 INFO  manager.ListenerWD -- After click element-->input
20:38:12.330 INFO  manager.ListenerWD -- SendKeys-->
20:38:12.340 INFO  manager.ListenerWD -- SendKeys_TagName-->input
20:38:12.408 INFO  manager.ListenerWD -- SendKeys-->
20:38:12.418 INFO  manager.ListenerWD -- SendKeys_TagName-->input
20:38:12.484 INFO  manager.ListenerWD -- SendKeys-->
20:38:12.497 INFO  manager.ListenerWD -- SendKeys_TagName-->input
20:38:12.555 INFO  manager.ListenerWD -- Before find element-->By.xpath: //input[@placeholder='Last Name']
20:38:12.577 INFO  manager.ListenerWD -- After find element-->By.xpath: //input[@placeholder='Last Name']
20:38:12.588 INFO  manager.ListenerWD -- Location of element-->input
20:38:12.615 INFO  manager.ListenerWD -- Before click element-->inputtext-->
20:38:12.730 INFO  manager.ListenerWD -- After click element-->input
20:38:12.789 INFO  manager.ListenerWD -- SendKeys-->
20:38:12.797 INFO  manager.ListenerWD -- SendKeys_TagName-->input
20:38:12.864 INFO  manager.ListenerWD -- SendKeys-->
20:38:12.873 INFO  manager.ListenerWD -- SendKeys_TagName-->input
20:38:12.933 INFO  manager.ListenerWD -- SendKeys-->
20:38:12.942 INFO  manager.ListenerWD -- SendKeys_TagName-->input
20:38:12.993 INFO  manager.ListenerWD -- Before find element-->By.xpath: //input[@placeholder='Phone']
20:38:13.015 INFO  manager.ListenerWD -- After find element-->By.xpath: //input[@placeholder='Phone']
20:38:13.023 INFO  manager.ListenerWD -- Location of element-->input
20:38:13.045 INFO  manager.ListenerWD -- Before click element-->inputtext-->
20:38:13.141 INFO  manager.ListenerWD -- After click element-->input
20:38:13.193 INFO  manager.ListenerWD -- SendKeys-->
20:38:13.202 INFO  manager.ListenerWD -- SendKeys_TagName-->input
20:38:13.268 INFO  manager.ListenerWD -- SendKeys-->
20:38:13.277 INFO  manager.ListenerWD -- SendKeys_TagName-->input
20:38:13.332 INFO  manager.ListenerWD -- SendKeys-->
20:38:13.341 INFO  manager.ListenerWD -- SendKeys_TagName-->input
20:38:13.392 INFO  manager.ListenerWD -- Before find element-->By.xpath: //input[@placeholder='email']
20:38:13.413 INFO  manager.ListenerWD -- After find element-->By.xpath: //input[@placeholder='email']
20:38:13.423 INFO  manager.ListenerWD -- Location of element-->input
20:38:13.449 INFO  manager.ListenerWD -- Before click element-->inputtext-->
20:38:13.559 INFO  manager.ListenerWD -- After click element-->input
20:38:13.617 INFO  manager.ListenerWD -- SendKeys-->
20:38:13.625 INFO  manager.ListenerWD -- SendKeys_TagName-->input
20:38:13.690 INFO  manager.ListenerWD -- SendKeys-->
20:38:13.698 INFO  manager.ListenerWD -- SendKeys_TagName-->input
20:38:13.751 INFO  manager.ListenerWD -- SendKeys-->
20:38:13.760 INFO  manager.ListenerWD -- SendKeys_TagName-->input
20:38:13.817 INFO  manager.ListenerWD -- Before find element-->By.xpath: //input[@placeholder='Address']
20:38:13.842 INFO  manager.ListenerWD -- After find element-->By.xpath: //input[@placeholder='Address']
20:38:13.852 INFO  manager.ListenerWD -- Location of element-->input
20:38:13.875 INFO  manager.ListenerWD -- Before click element-->inputtext-->
20:38:13.978 INFO  manager.ListenerWD -- After click element-->input
20:38:14.037 INFO  manager.ListenerWD -- SendKeys-->
20:38:14.046 INFO  manager.ListenerWD -- SendKeys_TagName-->input
20:38:14.106 INFO  manager.ListenerWD -- SendKeys-->
20:38:14.117 INFO  manager.ListenerWD -- SendKeys_TagName-->input
20:38:14.178 INFO  manager.ListenerWD -- SendKeys-->
20:38:14.186 INFO  manager.ListenerWD -- SendKeys_TagName-->input
20:38:14.230 INFO  manager.ListenerWD -- Before find element-->By.xpath: //input[@placeholder='description']
20:38:14.254 INFO  manager.ListenerWD -- After find element-->By.xpath: //input[@placeholder='description']
20:38:14.263 INFO  manager.ListenerWD -- Location of element-->input
20:38:14.287 INFO  manager.ListenerWD -- Before click element-->inputtext-->
20:38:14.399 INFO  manager.ListenerWD -- After click element-->input
20:38:14.461 INFO  manager.ListenerWD -- SendKeys-->
20:38:14.470 INFO  manager.ListenerWD -- SendKeys_TagName-->input
20:38:14.536 INFO  manager.ListenerWD -- SendKeys-->
20:38:14.546 INFO  manager.ListenerWD -- SendKeys_TagName-->input
20:38:14.622 INFO  manager.ListenerWD -- SendKeys-->
20:38:14.638 INFO  manager.ListenerWD -- SendKeys_TagName-->input
20:38:14.713 INFO  manager.ListenerWD -- Before find element-->By.cssSelector: .add_main__1tbl_ button
20:38:14.737 INFO  manager.ListenerWD -- After find element-->By.cssSelector: .add_main__1tbl_ button
20:38:14.746 INFO  manager.ListenerWD -- Location of element-->button
20:38:14.773 INFO  manager.ListenerWD -- Before click element-->buttontext-->Save
20:38:14.882 INFO  manager.ListenerWD -- After click element-->button
20:38:14.928 INFO  tests.TestBase -- Assert check is element button 'Save' no active'
20:38:14.928 INFO  tests.TestBase -- Assert check is add contact page still displayed
20:38:14.928 INFO  manager.TestNGListener -- Success test --> addNewContactWrongAddress
20:38:14.929 INFO  tests.TestBase -- ===============================================
20:38:14.930 INFO  tests.TestBase -- Name of method (test) ---> addNewContactWrongEmail
20:38:14.932 INFO  manager.TestNGListener -- Start test --> null
20:38:14.932 INFO  tests.TestBase -- Test data ---> name: 'Tony001', last name: 'Brook', phone: '0541035789',tonydvo.com', address: 'Dali av. 79/147', description: 'WrongEmail'
20:38:14.932 INFO  manager.ListenerWD -- Before find element-->By.cssSelector: a[href="/add"]
20:38:14.953 INFO  manager.ListenerWD -- After find element-->By.cssSelector: a[href="/add"]
20:38:14.962 INFO  manager.ListenerWD -- Location of element-->a
20:38:14.987 INFO  manager.ListenerWD -- Before click element-->atext-->ADD
20:38:15.102 INFO  manager.ListenerWD -- After click element-->a
20:38:15.102 INFO  manager.ListenerWD -- Before find element-->By.xpath: //input[@placeholder='Name']
20:38:15.122 INFO  manager.ListenerWD -- After find element-->By.xpath: //input[@placeholder='Name']
20:38:15.131 INFO  manager.ListenerWD -- Location of element-->input
20:38:15.154 INFO  manager.ListenerWD -- Before click element-->inputtext-->
20:38:15.265 INFO  manager.ListenerWD -- After click element-->input
20:38:15.328 INFO  manager.ListenerWD -- SendKeys-->
20:38:15.339 INFO  manager.ListenerWD -- SendKeys_TagName-->input
20:38:15.426 INFO  manager.ListenerWD -- SendKeys-->
20:38:15.433 INFO  manager.ListenerWD -- SendKeys_TagName-->input
20:38:15.493 INFO  manager.ListenerWD -- SendKeys-->
20:38:15.502 INFO  manager.ListenerWD -- SendKeys_TagName-->input
20:38:15.563 INFO  manager.ListenerWD -- Before find element-->By.xpath: //input[@placeholder='Last Name']
20:38:15.590 INFO  manager.ListenerWD -- After find element-->By.xpath: //input[@placeholder='Last Name']
20:38:15.603 INFO  manager.ListenerWD -- Location of element-->input
20:38:15.631 INFO  manager.ListenerWD -- Before click element-->inputtext-->
20:38:15.728 INFO  manager.ListenerWD -- After click element-->input
20:38:15.783 INFO  manager.ListenerWD -- SendKeys-->
20:38:15.791 INFO  manager.ListenerWD -- SendKeys_TagName-->input
20:38:15.881 INFO  manager.ListenerWD -- SendKeys-->
20:38:15.889 INFO  manager.ListenerWD -- SendKeys_TagName-->input
20:38:15.951 INFO  manager.ListenerWD -- SendKeys-->
20:38:15.962 INFO  manager.ListenerWD -- SendKeys_TagName-->input
20:38:16.011 INFO  manager.ListenerWD -- Before find element-->By.xpath: //input[@placeholder='Phone']
20:38:16.035 INFO  manager.ListenerWD -- After find element-->By.xpath: //input[@placeholder='Phone']
20:38:16.047 INFO  manager.ListenerWD -- Location of element-->input
20:38:16.070 INFO  manager.ListenerWD -- Before click element-->inputtext-->
20:38:16.173 INFO  manager.ListenerWD -- After click element-->input
20:38:16.237 INFO  manager.ListenerWD -- SendKeys-->
20:38:16.250 INFO  manager.ListenerWD -- SendKeys_TagName-->input
20:38:16.345 INFO  manager.ListenerWD -- SendKeys-->
20:38:16.355 INFO  manager.ListenerWD -- SendKeys_TagName-->input
20:38:16.415 INFO  manager.ListenerWD -- SendKeys-->
20:38:16.427 INFO  manager.ListenerWD -- SendKeys_TagName-->input
20:38:16.486 INFO  manager.ListenerWD -- Before find element-->By.xpath: //input[@placeholder='email']
20:38:16.508 INFO  manager.ListenerWD -- After find element-->By.xpath: //input[@placeholder='email']
20:38:16.518 INFO  manager.ListenerWD -- Location of element-->input
20:38:16.540 INFO  manager.ListenerWD -- Before click element-->inputtext-->
20:38:16.646 INFO  manager.ListenerWD -- After click element-->input
20:38:16.706 INFO  manager.ListenerWD -- SendKeys-->
20:38:16.715 INFO  manager.ListenerWD -- SendKeys_TagName-->input
20:38:16.805 INFO  manager.ListenerWD -- SendKeys-->
20:38:16.815 INFO  manager.ListenerWD -- SendKeys_TagName-->input
20:38:16.876 INFO  manager.ListenerWD -- SendKeys-->
20:38:16.886 INFO  manager.ListenerWD -- SendKeys_TagName-->input
20:38:16.943 INFO  manager.ListenerWD -- Before find element-->By.xpath: //input[@placeholder='Address']
20:38:16.964 INFO  manager.ListenerWD -- After find element-->By.xpath: //input[@placeholder='Address']
20:38:16.973 INFO  manager.ListenerWD -- Location of element-->input
20:38:16.997 INFO  manager.ListenerWD -- Before click element-->inputtext-->
20:38:17.107 INFO  manager.ListenerWD -- After click element-->input
20:38:17.163 INFO  manager.ListenerWD -- SendKeys-->
20:38:17.172 INFO  manager.ListenerWD -- SendKeys_TagName-->input
20:38:17.229 INFO  manager.ListenerWD -- SendKeys-->
20:38:17.237 INFO  manager.ListenerWD -- SendKeys_TagName-->input
20:38:17.289 INFO  manager.ListenerWD -- SendKeys-->
20:38:17.297 INFO  manager.ListenerWD -- SendKeys_TagName-->input
20:38:17.353 INFO  manager.ListenerWD -- Before find element-->By.xpath: //input[@placeholder='description']
20:38:17.371 INFO  manager.ListenerWD -- After find element-->By.xpath: //input[@placeholder='description']
20:38:17.380 INFO  manager.ListenerWD -- Location of element-->input
20:38:17.402 INFO  manager.ListenerWD -- Before click element-->inputtext-->
20:38:17.501 INFO  manager.ListenerWD -- After click element-->input
20:38:17.556 INFO  manager.ListenerWD -- SendKeys-->
20:38:17.565 INFO  manager.ListenerWD -- SendKeys_TagName-->input
20:38:17.649 INFO  manager.ListenerWD -- SendKeys-->
20:38:17.658 INFO  manager.ListenerWD -- SendKeys_TagName-->input
20:38:17.707 INFO  manager.ListenerWD -- SendKeys-->
20:38:17.716 INFO  manager.ListenerWD -- SendKeys_TagName-->input
20:38:17.767 INFO  manager.ListenerWD -- Before find element-->By.cssSelector: .add_main__1tbl_ button
20:38:17.787 INFO  manager.ListenerWD -- After find element-->By.cssSelector: .add_main__1tbl_ button
20:38:17.796 INFO  manager.ListenerWD -- Location of element-->button
20:38:17.819 INFO  manager.ListenerWD -- Before click element-->buttontext-->Save
20:38:17.903 INFO  manager.ListenerWD -- After click element-->button
20:38:17.922 INFO  manager.ListenerWD -- Huston, we have a problem
20:38:17.922 INFO  manager.ListenerWD -- Failed method:alert
20:38:17.922 INFO  manager.ListenerWD -- **************************************
20:38:17.926 INFO  manager.ListenerWD -- Arguments:null
20:38:17.926 INFO  manager.ListenerWD -- **************************************
20:38:17.926 INFO  manager.ListenerWD -- Exception:NoAlertPresentException
20:38:17.926 INFO  manager.ListenerWD -- **************************************
20:38:17.927 INFO  manager.ListenerWD -- Message:no such alert
  (Session info: chrome=148.0.7778.181)
Build info: version: '4.26.0', revision: '8ccf0219d7'
System info: os.name: 'Windows 11', os.arch: 'amd64', os.version: '10.0', java.version: '17.0.12'
Driver info: org.openqa.selenium.chrome.ChromeDriver
Command: [a7b66728dc1ef4739a74e24c410c154f, getAlertText {}]
Capabilities {acceptInsecureCerts: false, browserName: chrome, browserVersion: 148.0.7778.181, chrome: {chromedriverVersion: 148.0.7778.167 (65db666ac2c..., userDataDir: C:\Users\Mariya\AppData\Loc...}, fedcm:accounts: true, goog:chromeOptions: {debuggerAddress: localhost:50387}, goog:processID: 151772, networkConnectionEnabled: false, pageLoadStrategy: normal, platformName: windows, proxy: Proxy(), se:cdp: ws://localhost:50387/devtoo..., se:cdpVersion: 148.0.7778.181, setWindowRect: true, strictFileInteractability: false, timeouts: {implicit: 0, pageLoad: 300000, script: 30000}, unhandledPromptBehavior: dismiss and notify, webauthn:extension:credBlob: true, webauthn:extension:largeBlob: true, webauthn:extension:minPinLength: true, webauthn:extension:prf: true, webauthn:virtualAuthenticators: true}
Session ID: a7b66728dc1ef4739a74e24c410c154f
20:38:17.927 INFO  manager.ListenerWD -- **************************************
20:38:17.927 INFO  manager.ListenerWD -- Screen with error is-->src/test/screenchots/screen_1471.png
20:38:20.514 INFO  tests.TestBase -- Assert check is alert present with error text 'Email not valid'
20:38:20.514 INFO  tests.TestBase -- Assert check is add contact page still displayed
20:38:20.515 INFO  manager.TestNGListener -- Success test --> addNewContactWrongEmail
20:38:20.516 INFO  tests.TestBase -- ===============================================
20:38:20.523 INFO  tests.TestBase -- Name of method (test) ---> addNewContactWrongPhone
20:38:20.525 INFO  manager.TestNGListener -- Start test --> null
20:38:20.525 INFO  tests.TestBase -- Test data ---> name: 'Tony001', last name: 'Brook', phone: '04568',tony@dvo.com', address: 'Dali av. 79/147', description: 'WrongPhone'
20:38:20.525 INFO  manager.ListenerWD -- Before find element-->By.cssSelector: a[href="/add"]
20:38:20.565 INFO  manager.ListenerWD -- After find element-->By.cssSelector: a[href="/add"]
20:38:20.591 INFO  manager.ListenerWD -- Location of element-->a
20:38:20.635 INFO  manager.ListenerWD -- Before click element-->atext-->ADD
20:38:20.823 INFO  manager.ListenerWD -- After click element-->a
20:38:20.823 INFO  manager.ListenerWD -- Before find element-->By.xpath: //input[@placeholder='Name']
20:38:20.851 INFO  manager.ListenerWD -- After find element-->By.xpath: //input[@placeholder='Name']
20:38:20.863 INFO  manager.ListenerWD -- Location of element-->input
20:38:20.890 INFO  manager.ListenerWD -- Before click element-->inputtext-->
20:38:21.028 INFO  manager.ListenerWD -- After click element-->input
20:38:21.106 INFO  manager.ListenerWD -- SendKeys-->
20:38:21.125 INFO  manager.ListenerWD -- SendKeys_TagName-->input
20:38:21.245 INFO  manager.ListenerWD -- SendKeys-->
20:38:21.254 INFO  manager.ListenerWD -- SendKeys_TagName-->input
20:38:21.329 INFO  manager.ListenerWD -- SendKeys-->
20:38:21.339 INFO  manager.ListenerWD -- SendKeys_TagName-->input
20:38:21.387 INFO  manager.ListenerWD -- Before find element-->By.xpath: //input[@placeholder='Last Name']
20:38:21.405 INFO  manager.ListenerWD -- After find element-->By.xpath: //input[@placeholder='Last Name']
20:38:21.415 INFO  manager.ListenerWD -- Location of element-->input
20:38:21.436 INFO  manager.ListenerWD -- Before click element-->inputtext-->
20:38:21.544 INFO  manager.ListenerWD -- After click element-->input
20:38:21.601 INFO  manager.ListenerWD -- SendKeys-->
20:38:21.609 INFO  manager.ListenerWD -- SendKeys_TagName-->input
20:38:21.688 INFO  manager.ListenerWD -- SendKeys-->
20:38:21.697 INFO  manager.ListenerWD -- SendKeys_TagName-->input
20:38:21.747 INFO  manager.ListenerWD -- SendKeys-->
20:38:21.756 INFO  manager.ListenerWD -- SendKeys_TagName-->input
20:38:21.800 INFO  manager.ListenerWD -- Before find element-->By.xpath: //input[@placeholder='Phone']
20:38:21.820 INFO  manager.ListenerWD -- After find element-->By.xpath: //input[@placeholder='Phone']
20:38:21.829 INFO  manager.ListenerWD -- Location of element-->input
20:38:21.853 INFO  manager.ListenerWD -- Before click element-->inputtext-->
20:38:21.957 INFO  manager.ListenerWD -- After click element-->input
20:38:22.009 INFO  manager.ListenerWD -- SendKeys-->
20:38:22.018 INFO  manager.ListenerWD -- SendKeys_TagName-->input
20:38:22.105 INFO  manager.ListenerWD -- SendKeys-->
20:38:22.119 INFO  manager.ListenerWD -- SendKeys_TagName-->input
20:38:22.173 INFO  manager.ListenerWD -- SendKeys-->
20:38:22.181 INFO  manager.ListenerWD -- SendKeys_TagName-->input
20:38:22.228 INFO  manager.ListenerWD -- Before find element-->By.xpath: //input[@placeholder='email']
20:38:22.248 INFO  manager.ListenerWD -- After find element-->By.xpath: //input[@placeholder='email']
20:38:22.257 INFO  manager.ListenerWD -- Location of element-->input
20:38:22.277 INFO  manager.ListenerWD -- Before click element-->inputtext-->
20:38:22.376 INFO  manager.ListenerWD -- After click element-->input
20:38:22.432 INFO  manager.ListenerWD -- SendKeys-->
20:38:22.441 INFO  manager.ListenerWD -- SendKeys_TagName-->input
20:38:22.533 INFO  manager.ListenerWD -- SendKeys-->
20:38:22.544 INFO  manager.ListenerWD -- SendKeys_TagName-->input
20:38:22.603 INFO  manager.ListenerWD -- SendKeys-->
20:38:22.611 INFO  manager.ListenerWD -- SendKeys_TagName-->input
20:38:22.672 INFO  manager.ListenerWD -- Before find element-->By.xpath: //input[@placeholder='Address']
20:38:22.693 INFO  manager.ListenerWD -- After find element-->By.xpath: //input[@placeholder='Address']
20:38:22.703 INFO  manager.ListenerWD -- Location of element-->input
20:38:22.733 INFO  manager.ListenerWD -- Before click element-->inputtext-->
20:38:22.849 INFO  manager.ListenerWD -- After click element-->input
20:38:22.914 INFO  manager.ListenerWD -- SendKeys-->
20:38:22.927 INFO  manager.ListenerWD -- SendKeys_TagName-->input
20:38:23.018 INFO  manager.ListenerWD -- SendKeys-->
20:38:23.028 INFO  manager.ListenerWD -- SendKeys_TagName-->input
20:38:23.090 INFO  manager.ListenerWD -- SendKeys-->
20:38:23.098 INFO  manager.ListenerWD -- SendKeys_TagName-->input
20:38:23.165 INFO  manager.ListenerWD -- Before find element-->By.xpath: //input[@placeholder='description']
20:38:23.188 INFO  manager.ListenerWD -- After find element-->By.xpath: //input[@placeholder='description']
20:38:23.196 INFO  manager.ListenerWD -- Location of element-->input
20:38:23.219 INFO  manager.ListenerWD -- Before click element-->inputtext-->
20:38:23.328 INFO  manager.ListenerWD -- After click element-->input
20:38:23.393 INFO  manager.ListenerWD -- SendKeys-->
20:38:23.404 INFO  manager.ListenerWD -- SendKeys_TagName-->input
20:38:23.498 INFO  manager.ListenerWD -- SendKeys-->
20:38:23.506 INFO  manager.ListenerWD -- SendKeys_TagName-->input
20:38:23.562 INFO  manager.ListenerWD -- SendKeys-->
20:38:23.570 INFO  manager.ListenerWD -- SendKeys_TagName-->input
20:38:23.618 INFO  manager.ListenerWD -- Before find element-->By.cssSelector: .add_main__1tbl_ button
20:38:23.637 INFO  manager.ListenerWD -- After find element-->By.cssSelector: .add_main__1tbl_ button
20:38:23.646 INFO  manager.ListenerWD -- Location of element-->button
20:38:23.670 INFO  manager.ListenerWD -- Before click element-->buttontext-->Save
20:38:23.760 INFO  manager.ListenerWD -- After click element-->button
20:38:23.771 INFO  manager.ListenerWD -- Huston, we have a problem
20:38:23.771 INFO  manager.ListenerWD -- Failed method:alert
20:38:23.771 INFO  manager.ListenerWD -- **************************************
20:38:23.771 INFO  manager.ListenerWD -- Arguments:null
20:38:23.772 INFO  manager.ListenerWD -- **************************************
20:38:23.772 INFO  manager.ListenerWD -- Exception:NoAlertPresentException
20:38:23.772 INFO  manager.ListenerWD -- **************************************
20:38:23.772 INFO  manager.ListenerWD -- Message:no such alert
  (Session info: chrome=148.0.7778.181)
Build info: version: '4.26.0', revision: '8ccf0219d7'
System info: os.name: 'Windows 11', os.arch: 'amd64', os.version: '10.0', java.version: '17.0.12'
Driver info: org.openqa.selenium.chrome.ChromeDriver
Command: [a7b66728dc1ef4739a74e24c410c154f, getAlertText {}]
Capabilities {acceptInsecureCerts: false, browserName: chrome, browserVersion: 148.0.7778.181, chrome: {chromedriverVersion: 148.0.7778.167 (65db666ac2c..., userDataDir: C:\Users\Mariya\AppData\Loc...}, fedcm:accounts: true, goog:chromeOptions: {debuggerAddress: localhost:50387}, goog:processID: 151772, networkConnectionEnabled: false, pageLoadStrategy: normal, platformName: windows, proxy: Proxy(), se:cdp: ws://localhost:50387/devtoo..., se:cdpVersion: 148.0.7778.181, setWindowRect: true, strictFileInteractability: false, timeouts: {implicit: 0, pageLoad: 300000, script: 30000}, unhandledPromptBehavior: dismiss and notify, webauthn:extension:credBlob: true, webauthn:extension:largeBlob: true, webauthn:extension:minPinLength: true, webauthn:extension:prf: true, webauthn:virtualAuthenticators: true}
Session ID: a7b66728dc1ef4739a74e24c410c154f
20:38:23.772 INFO  manager.ListenerWD -- **************************************
20:38:23.772 INFO  manager.ListenerWD -- Screen with error is-->src/test/screenchots/screen_1945.png
20:38:26.350 INFO  tests.TestBase -- Assert check is alert present with error text 'Phone not valid'
20:38:26.352 INFO  tests.TestBase -- Assert check is add contact page still displayed
20:38:26.353 INFO  manager.TestNGListener -- Success test --> addNewContactWrongPhone
20:38:26.356 INFO  tests.TestBase -- ===============================================
20:38:26.357 INFO  tests.TestBase -- Name of method (test) ---> addNewContactWrongPhone
20:38:26.358 INFO  manager.TestNGListener -- Start test --> null
20:38:26.358 INFO  tests.TestBase -- Test data ---> name: 'Tony001', last name: 'Brook', phone: '04568',tony@dvo.com', address: 'Dali av. 79/147', description: 'WrongPhone'
20:38:26.358 INFO  manager.ListenerWD -- Before find element-->By.cssSelector: a[href="/add"]
20:38:26.383 INFO  manager.ListenerWD -- After find element-->By.cssSelector: a[href="/add"]
20:38:26.396 INFO  manager.ListenerWD -- Location of element-->a
20:38:26.441 INFO  manager.ListenerWD -- Before click element-->atext-->ADD
20:38:26.592 INFO  manager.ListenerWD -- After click element-->a
20:38:26.592 INFO  manager.ListenerWD -- Before find element-->By.xpath: //input[@placeholder='Name']
20:38:26.612 INFO  manager.ListenerWD -- After find element-->By.xpath: //input[@placeholder='Name']
20:38:26.621 INFO  manager.ListenerWD -- Location of element-->input
20:38:26.641 INFO  manager.ListenerWD -- Before click element-->inputtext-->
20:38:26.759 INFO  manager.ListenerWD -- After click element-->input
20:38:26.832 INFO  manager.ListenerWD -- SendKeys-->
20:38:26.843 INFO  manager.ListenerWD -- SendKeys_TagName-->input
20:38:26.950 INFO  manager.ListenerWD -- SendKeys-->
20:38:26.958 INFO  manager.ListenerWD -- SendKeys_TagName-->input
20:38:27.014 INFO  manager.ListenerWD -- SendKeys-->
20:38:27.022 INFO  manager.ListenerWD -- SendKeys_TagName-->input
20:38:27.077 INFO  manager.ListenerWD -- Before find element-->By.xpath: //input[@placeholder='Last Name']
20:38:27.099 INFO  manager.ListenerWD -- After find element-->By.xpath: //input[@placeholder='Last Name']
20:38:27.108 INFO  manager.ListenerWD -- Location of element-->input
20:38:27.132 INFO  manager.ListenerWD -- Before click element-->inputtext-->
20:38:27.241 INFO  manager.ListenerWD -- After click element-->input
20:38:27.305 INFO  manager.ListenerWD -- SendKeys-->
20:38:27.314 INFO  manager.ListenerWD -- SendKeys_TagName-->input
20:38:27.403 INFO  manager.ListenerWD -- SendKeys-->
20:38:27.413 INFO  manager.ListenerWD -- SendKeys_TagName-->input
20:38:27.480 INFO  manager.ListenerWD -- SendKeys-->
20:38:27.490 INFO  manager.ListenerWD -- SendKeys_TagName-->input
20:38:27.540 INFO  manager.ListenerWD -- Before find element-->By.xpath: //input[@placeholder='Phone']
20:38:27.562 INFO  manager.ListenerWD -- After find element-->By.xpath: //input[@placeholder='Phone']
20:38:27.570 INFO  manager.ListenerWD -- Location of element-->input
20:38:27.594 INFO  manager.ListenerWD -- Before click element-->inputtext-->
20:38:27.687 INFO  manager.ListenerWD -- After click element-->input
20:38:27.739 INFO  manager.ListenerWD -- SendKeys-->
20:38:27.748 INFO  manager.ListenerWD -- SendKeys_TagName-->input
20:38:27.828 INFO  manager.ListenerWD -- SendKeys-->
20:38:27.836 INFO  manager.ListenerWD -- SendKeys_TagName-->input
20:38:27.895 INFO  manager.ListenerWD -- SendKeys-->
20:38:27.904 INFO  manager.ListenerWD -- SendKeys_TagName-->input
20:38:27.973 INFO  manager.ListenerWD -- Before find element-->By.xpath: //input[@placeholder='email']
20:38:27.993 INFO  manager.ListenerWD -- After find element-->By.xpath: //input[@placeholder='email']
20:38:28.003 INFO  manager.ListenerWD -- Location of element-->input
20:38:28.027 INFO  manager.ListenerWD -- Before click element-->inputtext-->
20:38:28.135 INFO  manager.ListenerWD -- After click element-->input
20:38:28.192 INFO  manager.ListenerWD -- SendKeys-->
20:38:28.202 INFO  manager.ListenerWD -- SendKeys_TagName-->input
20:38:28.292 INFO  manager.ListenerWD -- SendKeys-->
20:38:28.303 INFO  manager.ListenerWD -- SendKeys_TagName-->input
20:38:28.362 INFO  manager.ListenerWD -- SendKeys-->
20:38:28.371 INFO  manager.ListenerWD -- SendKeys_TagName-->input
20:38:28.431 INFO  manager.ListenerWD -- Before find element-->By.xpath: //input[@placeholder='Address']
20:38:28.451 INFO  manager.ListenerWD -- After find element-->By.xpath: //input[@placeholder='Address']
20:38:28.461 INFO  manager.ListenerWD -- Location of element-->input
20:38:28.486 INFO  manager.ListenerWD -- Before click element-->inputtext-->
20:38:28.590 INFO  manager.ListenerWD -- After click element-->input
20:38:28.654 INFO  manager.ListenerWD -- SendKeys-->
20:38:28.668 INFO  manager.ListenerWD -- SendKeys_TagName-->input
20:38:28.758 INFO  manager.ListenerWD -- SendKeys-->
20:38:28.767 INFO  manager.ListenerWD -- SendKeys_TagName-->input
20:38:28.825 INFO  manager.ListenerWD -- SendKeys-->
20:38:28.833 INFO  manager.ListenerWD -- SendKeys_TagName-->input
20:38:28.880 INFO  manager.ListenerWD -- Before find element-->By.xpath: //input[@placeholder='description']
20:38:28.902 INFO  manager.ListenerWD -- After find element-->By.xpath: //input[@placeholder='description']
20:38:28.912 INFO  manager.ListenerWD -- Location of element-->input
20:38:28.934 INFO  manager.ListenerWD -- Before click element-->inputtext-->
20:38:29.043 INFO  manager.ListenerWD -- After click element-->input
20:38:29.108 INFO  manager.ListenerWD -- SendKeys-->
20:38:29.117 INFO  manager.ListenerWD -- SendKeys_TagName-->input
20:38:29.208 INFO  manager.ListenerWD -- SendKeys-->
20:38:29.221 INFO  manager.ListenerWD -- SendKeys_TagName-->input
20:38:29.286 INFO  manager.ListenerWD -- SendKeys-->
20:38:29.294 INFO  manager.ListenerWD -- SendKeys_TagName-->input
20:38:29.347 INFO  manager.ListenerWD -- Before find element-->By.cssSelector: .add_main__1tbl_ button
20:38:29.368 INFO  manager.ListenerWD -- After find element-->By.cssSelector: .add_main__1tbl_ button
20:38:29.378 INFO  manager.ListenerWD -- Location of element-->button
20:38:29.403 INFO  manager.ListenerWD -- Before click element-->buttontext-->Save
20:38:29.507 INFO  manager.ListenerWD -- After click element-->button
20:38:29.516 INFO  manager.ListenerWD -- Huston, we have a problem
20:38:29.516 INFO  manager.ListenerWD -- Failed method:alert
20:38:29.516 INFO  manager.ListenerWD -- **************************************
20:38:29.516 INFO  manager.ListenerWD -- Arguments:null
20:38:29.516 INFO  manager.ListenerWD -- **************************************
20:38:29.516 INFO  manager.ListenerWD -- Exception:NoAlertPresentException
20:38:29.516 INFO  manager.ListenerWD -- **************************************
20:38:29.517 INFO  manager.ListenerWD -- Message:no such alert
  (Session info: chrome=148.0.7778.181)
Build info: version: '4.26.0', revision: '8ccf0219d7'
System info: os.name: 'Windows 11', os.arch: 'amd64', os.version: '10.0', java.version: '17.0.12'
Driver info: org.openqa.selenium.chrome.ChromeDriver
Command: [a7b66728dc1ef4739a74e24c410c154f, getAlertText {}]
Capabilities {acceptInsecureCerts: false, browserName: chrome, browserVersion: 148.0.7778.181, chrome: {chromedriverVersion: 148.0.7778.167 (65db666ac2c..., userDataDir: C:\Users\Mariya\AppData\Loc...}, fedcm:accounts: true, goog:chromeOptions: {debuggerAddress: localhost:50387}, goog:processID: 151772, networkConnectionEnabled: false, pageLoadStrategy: normal, platformName: windows, proxy: Proxy(), se:cdp: ws://localhost:50387/devtoo..., se:cdpVersion: 148.0.7778.181, setWindowRect: true, strictFileInteractability: false, timeouts: {implicit: 0, pageLoad: 300000, script: 30000}, unhandledPromptBehavior: dismiss and notify, webauthn:extension:credBlob: true, webauthn:extension:largeBlob: true, webauthn:extension:minPinLength: true, webauthn:extension:prf: true, webauthn:virtualAuthenticators: true}
Session ID: a7b66728dc1ef4739a74e24c410c154f
20:38:29.517 INFO  manager.ListenerWD -- **************************************
20:38:29.517 INFO  manager.ListenerWD -- Screen with error is-->src/test/screenchots/screen_1829.png
20:38:32.129 INFO  tests.TestBase -- Assert check is alert present with error text 'Phone not valid'
20:38:32.129 INFO  tests.TestBase -- Assert check is add contact page still displayed
20:38:32.130 INFO  manager.TestNGListener -- Success test --> addNewContactWrongPhone
20:38:32.130 INFO  tests.TestBase -- ===============================================
20:38:32.132 INFO  tests.TestBase -- Name of method (test) ---> addNewContactWrongPhone
20:38:32.132 INFO  manager.TestNGListener -- Start test --> null
20:38:32.133 INFO  tests.TestBase -- Test data ---> name: 'Tony001', last name: 'Brook', phone: '04568',tony@dvo.com', address: 'Dali av. 79/147', description: 'WrongPhone'
20:38:32.133 INFO  manager.ListenerWD -- Before find element-->By.cssSelector: a[href="/add"]
20:38:32.168 INFO  manager.ListenerWD -- After find element-->By.cssSelector: a[href="/add"]
20:38:32.182 INFO  manager.ListenerWD -- Location of element-->a
20:38:32.205 INFO  manager.ListenerWD -- Before click element-->atext-->ADD
20:38:32.325 INFO  manager.ListenerWD -- After click element-->a
20:38:32.325 INFO  manager.ListenerWD -- Before find element-->By.xpath: //input[@placeholder='Name']
20:38:32.345 INFO  manager.ListenerWD -- After find element-->By.xpath: //input[@placeholder='Name']
20:38:32.356 INFO  manager.ListenerWD -- Location of element-->input
20:38:32.381 INFO  manager.ListenerWD -- Before click element-->inputtext-->
20:38:32.485 INFO  manager.ListenerWD -- After click element-->input
20:38:32.551 INFO  manager.ListenerWD -- SendKeys-->
20:38:32.562 INFO  manager.ListenerWD -- SendKeys_TagName-->input
20:38:32.662 INFO  manager.ListenerWD -- SendKeys-->
20:38:32.671 INFO  manager.ListenerWD -- SendKeys_TagName-->input
20:38:32.731 INFO  manager.ListenerWD -- SendKeys-->
20:38:32.740 INFO  manager.ListenerWD -- SendKeys_TagName-->input
20:38:32.791 INFO  manager.ListenerWD -- Before find element-->By.xpath: //input[@placeholder='Last Name']
20:38:32.810 INFO  manager.ListenerWD -- After find element-->By.xpath: //input[@placeholder='Last Name']
20:38:32.819 INFO  manager.ListenerWD -- Location of element-->input
20:38:32.845 INFO  manager.ListenerWD -- Before click element-->inputtext-->
20:38:32.952 INFO  manager.ListenerWD -- After click element-->input
20:38:33.016 INFO  manager.ListenerWD -- SendKeys-->
20:38:33.024 INFO  manager.ListenerWD -- SendKeys_TagName-->input
20:38:33.121 INFO  manager.ListenerWD -- SendKeys-->
20:38:33.130 INFO  manager.ListenerWD -- SendKeys_TagName-->input
20:38:33.188 INFO  manager.ListenerWD -- SendKeys-->
20:38:33.197 INFO  manager.ListenerWD -- SendKeys_TagName-->input
20:38:33.248 INFO  manager.ListenerWD -- Before find element-->By.xpath: //input[@placeholder='Phone']
20:38:33.268 INFO  manager.ListenerWD -- After find element-->By.xpath: //input[@placeholder='Phone']
20:38:33.281 INFO  manager.ListenerWD -- Location of element-->input
20:38:33.306 INFO  manager.ListenerWD -- Before click element-->inputtext-->
20:38:33.409 INFO  manager.ListenerWD -- After click element-->input
20:38:33.472 INFO  manager.ListenerWD -- SendKeys-->
20:38:33.480 INFO  manager.ListenerWD -- SendKeys_TagName-->input
20:38:33.582 INFO  manager.ListenerWD -- SendKeys-->
20:38:33.592 INFO  manager.ListenerWD -- SendKeys_TagName-->input
20:38:33.652 INFO  manager.ListenerWD -- SendKeys-->
20:38:33.661 INFO  manager.ListenerWD -- SendKeys_TagName-->input
20:38:33.722 INFO  manager.ListenerWD -- Before find element-->By.xpath: //input[@placeholder='email']
20:38:33.746 INFO  manager.ListenerWD -- After find element-->By.xpath: //input[@placeholder='email']
20:38:33.757 INFO  manager.ListenerWD -- Location of element-->input
20:38:33.778 INFO  manager.ListenerWD -- Before click element-->inputtext-->
20:38:33.879 INFO  manager.ListenerWD -- After click element-->input
20:38:33.938 INFO  manager.ListenerWD -- SendKeys-->
20:38:33.950 INFO  manager.ListenerWD -- SendKeys_TagName-->input
20:38:34.046 INFO  manager.ListenerWD -- SendKeys-->
20:38:34.053 INFO  manager.ListenerWD -- SendKeys_TagName-->input
20:38:34.112 INFO  manager.ListenerWD -- SendKeys-->
20:38:34.120 INFO  manager.ListenerWD -- SendKeys_TagName-->input
20:38:34.178 INFO  manager.ListenerWD -- Before find element-->By.xpath: //input[@placeholder='Address']
20:38:34.201 INFO  manager.ListenerWD -- After find element-->By.xpath: //input[@placeholder='Address']
20:38:34.209 INFO  manager.ListenerWD -- Location of element-->input
20:38:34.230 INFO  manager.ListenerWD -- Before click element-->inputtext-->
20:38:34.323 INFO  manager.ListenerWD -- After click element-->input
20:38:34.379 INFO  manager.ListenerWD -- SendKeys-->
20:38:34.388 INFO  manager.ListenerWD -- SendKeys_TagName-->input
20:38:34.469 INFO  manager.ListenerWD -- SendKeys-->
20:38:34.477 INFO  manager.ListenerWD -- SendKeys_TagName-->input
20:38:34.528 INFO  manager.ListenerWD -- SendKeys-->
20:38:34.536 INFO  manager.ListenerWD -- SendKeys_TagName-->input
20:38:34.597 INFO  manager.ListenerWD -- Before find element-->By.xpath: //input[@placeholder='description']
20:38:34.616 INFO  manager.ListenerWD -- After find element-->By.xpath: //input[@placeholder='description']
20:38:34.627 INFO  manager.ListenerWD -- Location of element-->input
20:38:34.650 INFO  manager.ListenerWD -- Before click element-->inputtext-->
20:38:34.743 INFO  manager.ListenerWD -- After click element-->input
20:38:34.802 INFO  manager.ListenerWD -- SendKeys-->
20:38:34.812 INFO  manager.ListenerWD -- SendKeys_TagName-->input
20:38:34.902 INFO  manager.ListenerWD -- SendKeys-->
20:38:34.910 INFO  manager.ListenerWD -- SendKeys_TagName-->input
20:38:34.968 INFO  manager.ListenerWD -- SendKeys-->
20:38:34.977 INFO  manager.ListenerWD -- SendKeys_TagName-->input
20:38:35.035 INFO  manager.ListenerWD -- Before find element-->By.cssSelector: .add_main__1tbl_ button
20:38:35.056 INFO  manager.ListenerWD -- After find element-->By.cssSelector: .add_main__1tbl_ button
20:38:35.065 INFO  manager.ListenerWD -- Location of element-->button
20:38:35.092 INFO  manager.ListenerWD -- Before click element-->buttontext-->Save
20:38:35.196 INFO  manager.ListenerWD -- After click element-->button
20:38:35.206 INFO  manager.ListenerWD -- Huston, we have a problem
20:38:35.206 INFO  manager.ListenerWD -- Failed method:alert
20:38:35.206 INFO  manager.ListenerWD -- **************************************
20:38:35.206 INFO  manager.ListenerWD -- Arguments:null
20:38:35.206 INFO  manager.ListenerWD -- **************************************
20:38:35.206 INFO  manager.ListenerWD -- Exception:NoAlertPresentException
20:38:35.206 INFO  manager.ListenerWD -- **************************************
20:38:35.206 INFO  manager.ListenerWD -- Message:no such alert
  (Session info: chrome=148.0.7778.181)
Build info: version: '4.26.0', revision: '8ccf0219d7'
System info: os.name: 'Windows 11', os.arch: 'amd64', os.version: '10.0', java.version: '17.0.12'
Driver info: org.openqa.selenium.chrome.ChromeDriver
Command: [a7b66728dc1ef4739a74e24c410c154f, getAlertText {}]
Capabilities {acceptInsecureCerts: false, browserName: chrome, browserVersion: 148.0.7778.181, chrome: {chromedriverVersion: 148.0.7778.167 (65db666ac2c..., userDataDir: C:\Users\Mariya\AppData\Loc...}, fedcm:accounts: true, goog:chromeOptions: {debuggerAddress: localhost:50387}, goog:processID: 151772, networkConnectionEnabled: false, pageLoadStrategy: normal, platformName: windows, proxy: Proxy(), se:cdp: ws://localhost:50387/devtoo..., se:cdpVersion: 148.0.7778.181, setWindowRect: true, strictFileInteractability: false, timeouts: {implicit: 0, pageLoad: 300000, script: 30000}, unhandledPromptBehavior: dismiss and notify, webauthn:extension:credBlob: true, webauthn:extension:largeBlob: true, webauthn:extension:minPinLength: true, webauthn:extension:prf: true, webauthn:virtualAuthenticators: true}
Session ID: a7b66728dc1ef4739a74e24c410c154f
20:38:35.207 INFO  manager.ListenerWD -- **************************************
20:38:35.207 INFO  manager.ListenerWD -- Screen with error is-->src/test/screenchots/screen_1069.png
20:38:37.764 INFO  tests.TestBase -- Assert check is alert present with error text 'Phone not valid'
20:38:37.764 INFO  tests.TestBase -- Assert check is add contact page still displayed
20:38:37.766 INFO  manager.TestNGListener -- Success test --> addNewContactWrongPhone
20:38:37.766 INFO  tests.TestBase -- ===============================================
20:38:37.769 INFO  tests.TestBase -- Name of method (test) ---> addNewContactWrongPhone
20:38:37.770 INFO  manager.TestNGListener -- Start test --> null
20:38:37.770 INFO  tests.TestBase -- Test data ---> name: 'Tony001', last name: 'Brook', phone: '04568',tony@dvo.com', address: 'Dali av. 79/147', description: 'WrongPhone'
20:38:37.771 INFO  manager.ListenerWD -- Before find element-->By.cssSelector: a[href="/add"]
20:38:37.797 INFO  manager.ListenerWD -- After find element-->By.cssSelector: a[href="/add"]
20:38:37.811 INFO  manager.ListenerWD -- Location of element-->a
20:38:37.849 INFO  manager.ListenerWD -- Before click element-->atext-->ADD
20:38:37.976 INFO  manager.ListenerWD -- After click element-->a
20:38:37.976 INFO  manager.ListenerWD -- Before find element-->By.xpath: //input[@placeholder='Name']
20:38:37.997 INFO  manager.ListenerWD -- After find element-->By.xpath: //input[@placeholder='Name']
20:38:38.006 INFO  manager.ListenerWD -- Location of element-->input
20:38:38.029 INFO  manager.ListenerWD -- Before click element-->inputtext-->
20:38:38.140 INFO  manager.ListenerWD -- After click element-->input
20:38:38.206 INFO  manager.ListenerWD -- SendKeys-->
20:38:38.214 INFO  manager.ListenerWD -- SendKeys_TagName-->input
20:38:38.302 INFO  manager.ListenerWD -- SendKeys-->
20:38:38.310 INFO  manager.ListenerWD -- SendKeys_TagName-->input
20:38:38.362 INFO  manager.ListenerWD -- SendKeys-->
20:38:38.370 INFO  manager.ListenerWD -- SendKeys_TagName-->input
20:38:38.416 INFO  manager.ListenerWD -- Before find element-->By.xpath: //input[@placeholder='Last Name']
20:38:38.434 INFO  manager.ListenerWD -- After find element-->By.xpath: //input[@placeholder='Last Name']
20:38:38.441 INFO  manager.ListenerWD -- Location of element-->input
20:38:38.461 INFO  manager.ListenerWD -- Before click element-->inputtext-->
20:38:38.552 INFO  manager.ListenerWD -- After click element-->input
20:38:38.606 INFO  manager.ListenerWD -- SendKeys-->
20:38:38.614 INFO  manager.ListenerWD -- SendKeys_TagName-->input
20:38:38.694 INFO  manager.ListenerWD -- SendKeys-->
20:38:38.701 INFO  manager.ListenerWD -- SendKeys_TagName-->input
20:38:38.753 INFO  manager.ListenerWD -- SendKeys-->
20:38:38.761 INFO  manager.ListenerWD -- SendKeys_TagName-->input
20:38:38.812 INFO  manager.ListenerWD -- Before find element-->By.xpath: //input[@placeholder='Phone']
20:38:38.830 INFO  manager.ListenerWD -- After find element-->By.xpath: //input[@placeholder='Phone']
20:38:38.839 INFO  manager.ListenerWD -- Location of element-->input
20:38:38.860 INFO  manager.ListenerWD -- Before click element-->inputtext-->
20:38:38.960 INFO  manager.ListenerWD -- After click element-->input
20:38:39.017 INFO  manager.ListenerWD -- SendKeys-->
20:38:39.025 INFO  manager.ListenerWD -- SendKeys_TagName-->input
20:38:39.115 INFO  manager.ListenerWD -- SendKeys-->
20:38:39.125 INFO  manager.ListenerWD -- SendKeys_TagName-->input
20:38:39.183 INFO  manager.ListenerWD -- SendKeys-->
20:38:39.192 INFO  manager.ListenerWD -- SendKeys_TagName-->input
20:38:39.233 INFO  manager.ListenerWD -- Before find element-->By.xpath: //input[@placeholder='email']
20:38:39.256 INFO  manager.ListenerWD -- After find element-->By.xpath: //input[@placeholder='email']
20:38:39.263 INFO  manager.ListenerWD -- Location of element-->input
20:38:39.287 INFO  manager.ListenerWD -- Before click element-->inputtext-->
20:38:39.388 INFO  manager.ListenerWD -- After click element-->input
20:38:39.450 INFO  manager.ListenerWD -- SendKeys-->
20:38:39.459 INFO  manager.ListenerWD -- SendKeys_TagName-->input
20:38:39.557 INFO  manager.ListenerWD -- SendKeys-->
20:38:39.566 INFO  manager.ListenerWD -- SendKeys_TagName-->input
20:38:39.626 INFO  manager.ListenerWD -- SendKeys-->
20:38:39.633 INFO  manager.ListenerWD -- SendKeys_TagName-->input
20:38:39.696 INFO  manager.ListenerWD -- Before find element-->By.xpath: //input[@placeholder='Address']
20:38:39.718 INFO  manager.ListenerWD -- After find element-->By.xpath: //input[@placeholder='Address']
20:38:39.727 INFO  manager.ListenerWD -- Location of element-->input
20:38:39.748 INFO  manager.ListenerWD -- Before click element-->inputtext-->
20:38:39.854 INFO  manager.ListenerWD -- After click element-->input
20:38:39.914 INFO  manager.ListenerWD -- SendKeys-->
20:38:39.925 INFO  manager.ListenerWD -- SendKeys_TagName-->input
20:38:40.004 INFO  manager.ListenerWD -- SendKeys-->
20:38:40.012 INFO  manager.ListenerWD -- SendKeys_TagName-->input
20:38:40.063 INFO  manager.ListenerWD -- SendKeys-->
20:38:40.072 INFO  manager.ListenerWD -- SendKeys_TagName-->input
20:38:40.132 INFO  manager.ListenerWD -- Before find element-->By.xpath: //input[@placeholder='description']
20:38:40.153 INFO  manager.ListenerWD -- After find element-->By.xpath: //input[@placeholder='description']
20:38:40.162 INFO  manager.ListenerWD -- Location of element-->input
20:38:40.187 INFO  manager.ListenerWD -- Before click element-->inputtext-->
20:38:40.286 INFO  manager.ListenerWD -- After click element-->input
20:38:40.340 INFO  manager.ListenerWD -- SendKeys-->
20:38:40.348 INFO  manager.ListenerWD -- SendKeys_TagName-->input
20:38:40.426 INFO  manager.ListenerWD -- SendKeys-->
20:38:40.433 INFO  manager.ListenerWD -- SendKeys_TagName-->input
20:38:40.483 INFO  manager.ListenerWD -- SendKeys-->
20:38:40.491 INFO  manager.ListenerWD -- SendKeys_TagName-->input
20:38:40.546 INFO  manager.ListenerWD -- Before find element-->By.cssSelector: .add_main__1tbl_ button
20:38:40.566 INFO  manager.ListenerWD -- After find element-->By.cssSelector: .add_main__1tbl_ button
20:38:40.573 INFO  manager.ListenerWD -- Location of element-->button
20:38:40.597 INFO  manager.ListenerWD -- Before click element-->buttontext-->Save
20:38:40.679 INFO  manager.ListenerWD -- After click element-->button
20:38:40.689 INFO  manager.ListenerWD -- Huston, we have a problem
20:38:40.689 INFO  manager.ListenerWD -- Failed method:alert
20:38:40.689 INFO  manager.ListenerWD -- **************************************
20:38:40.689 INFO  manager.ListenerWD -- Arguments:null
20:38:40.689 INFO  manager.ListenerWD -- **************************************
20:38:40.689 INFO  manager.ListenerWD -- Exception:NoAlertPresentException
20:38:40.689 INFO  manager.ListenerWD -- **************************************
20:38:40.689 INFO  manager.ListenerWD -- Message:no such alert
  (Session info: chrome=148.0.7778.181)
Build info: version: '4.26.0', revision: '8ccf0219d7'
System info: os.name: 'Windows 11', os.arch: 'amd64', os.version: '10.0', java.version: '17.0.12'
Driver info: org.openqa.selenium.chrome.ChromeDriver
Command: [a7b66728dc1ef4739a74e24c410c154f, getAlertText {}]
Capabilities {acceptInsecureCerts: false, browserName: chrome, browserVersion: 148.0.7778.181, chrome: {chromedriverVersion: 148.0.7778.167 (65db666ac2c..., userDataDir: C:\Users\Mariya\AppData\Loc...}, fedcm:accounts: true, goog:chromeOptions: {debuggerAddress: localhost:50387}, goog:processID: 151772, networkConnectionEnabled: false, pageLoadStrategy: normal, platformName: windows, proxy: Proxy(), se:cdp: ws://localhost:50387/devtoo..., se:cdpVersion: 148.0.7778.181, setWindowRect: true, strictFileInteractability: false, timeouts: {implicit: 0, pageLoad: 300000, script: 30000}, unhandledPromptBehavior: dismiss and notify, webauthn:extension:credBlob: true, webauthn:extension:largeBlob: true, webauthn:extension:minPinLength: true, webauthn:extension:prf: true, webauthn:virtualAuthenticators: true}
Session ID: a7b66728dc1ef4739a74e24c410c154f
20:38:40.689 INFO  manager.ListenerWD -- **************************************
20:38:40.690 INFO  manager.ListenerWD -- Screen with error is-->src/test/screenchots/screen_1301.png
20:38:43.262 INFO  tests.TestBase -- Assert check is alert present with error text 'Phone not valid'
20:38:43.263 INFO  tests.TestBase -- Assert check is add contact page still displayed
20:38:43.263 INFO  manager.TestNGListener -- Success test --> addNewContactWrongPhone
20:38:43.264 INFO  tests.TestBase -- ===============================================
20:38:43.266 INFO  tests.TestBase -- Name of method (test) ---> addNewContactWrongPhone
20:38:43.268 INFO  manager.TestNGListener -- Start test --> null
20:38:43.269 INFO  tests.TestBase -- Test data ---> name: 'Tony001', last name: 'Brook', phone: '04568',tony@dvo.com', address: 'Dali av. 79/147', description: 'WrongPhone'
20:38:43.269 INFO  manager.ListenerWD -- Before find element-->By.cssSelector: a[href="/add"]
20:38:43.297 INFO  manager.ListenerWD -- After find element-->By.cssSelector: a[href="/add"]
20:38:43.312 INFO  manager.ListenerWD -- Location of element-->a
20:38:43.344 INFO  manager.ListenerWD -- Before click element-->atext-->ADD
20:38:43.503 INFO  manager.ListenerWD -- After click element-->a
20:38:43.504 INFO  manager.ListenerWD -- Before find element-->By.xpath: //input[@placeholder='Name']
20:38:43.531 INFO  manager.ListenerWD -- After find element-->By.xpath: //input[@placeholder='Name']
20:38:43.545 INFO  manager.ListenerWD -- Location of element-->input
20:38:43.570 INFO  manager.ListenerWD -- Before click element-->inputtext-->
20:38:43.696 INFO  manager.ListenerWD -- After click element-->input
20:38:43.768 INFO  manager.ListenerWD -- SendKeys-->
20:38:43.779 INFO  manager.ListenerWD -- SendKeys_TagName-->input
20:38:43.903 INFO  manager.ListenerWD -- SendKeys-->
20:38:43.912 INFO  manager.ListenerWD -- SendKeys_TagName-->input
20:38:43.975 INFO  manager.ListenerWD -- SendKeys-->
20:38:43.982 INFO  manager.ListenerWD -- SendKeys_TagName-->input
20:38:44.031 INFO  manager.ListenerWD -- Before find element-->By.xpath: //input[@placeholder='Last Name']
20:38:44.053 INFO  manager.ListenerWD -- After find element-->By.xpath: //input[@placeholder='Last Name']
20:38:44.063 INFO  manager.ListenerWD -- Location of element-->input
20:38:44.086 INFO  manager.ListenerWD -- Before click element-->inputtext-->
20:38:44.192 INFO  manager.ListenerWD -- After click element-->input
20:38:44.254 INFO  manager.ListenerWD -- SendKeys-->
20:38:44.265 INFO  manager.ListenerWD -- SendKeys_TagName-->input
20:38:44.350 INFO  manager.ListenerWD -- SendKeys-->
20:38:44.360 INFO  manager.ListenerWD -- SendKeys_TagName-->input
20:38:44.416 INFO  manager.ListenerWD -- SendKeys-->
20:38:44.426 INFO  manager.ListenerWD -- SendKeys_TagName-->input
20:38:44.476 INFO  manager.ListenerWD -- Before find element-->By.xpath: //input[@placeholder='Phone']
20:38:44.496 INFO  manager.ListenerWD -- After find element-->By.xpath: //input[@placeholder='Phone']
20:38:44.506 INFO  manager.ListenerWD -- Location of element-->input
20:38:44.529 INFO  manager.ListenerWD -- Before click element-->inputtext-->
20:38:44.622 INFO  manager.ListenerWD -- After click element-->input
20:38:44.671 INFO  manager.ListenerWD -- SendKeys-->
20:38:44.679 INFO  manager.ListenerWD -- SendKeys_TagName-->input
20:38:44.738 INFO  manager.ListenerWD -- SendKeys-->
20:38:44.746 INFO  manager.ListenerWD -- SendKeys_TagName-->input
20:38:44.797 INFO  manager.ListenerWD -- SendKeys-->
20:38:44.806 INFO  manager.ListenerWD -- SendKeys_TagName-->input
20:38:44.868 INFO  manager.ListenerWD -- Before find element-->By.xpath: //input[@placeholder='email']
20:38:44.887 INFO  manager.ListenerWD -- After find element-->By.xpath: //input[@placeholder='email']
20:38:44.897 INFO  manager.ListenerWD -- Location of element-->input
20:38:44.922 INFO  manager.ListenerWD -- Before click element-->inputtext-->
20:38:45.025 INFO  manager.ListenerWD -- After click element-->input
20:38:45.077 INFO  manager.ListenerWD -- SendKeys-->
20:38:45.085 INFO  manager.ListenerWD -- SendKeys_TagName-->input
20:38:45.173 INFO  manager.ListenerWD -- SendKeys-->
20:38:45.182 INFO  manager.ListenerWD -- SendKeys_TagName-->input
20:38:45.242 INFO  manager.ListenerWD -- SendKeys-->
20:38:45.251 INFO  manager.ListenerWD -- SendKeys_TagName-->input
20:38:45.316 INFO  manager.ListenerWD -- Before find element-->By.xpath: //input[@placeholder='Address']
20:38:45.337 INFO  manager.ListenerWD -- After find element-->By.xpath: //input[@placeholder='Address']
20:38:45.347 INFO  manager.ListenerWD -- Location of element-->input
20:38:45.370 INFO  manager.ListenerWD -- Before click element-->inputtext-->
20:38:45.482 INFO  manager.ListenerWD -- After click element-->input
20:38:45.547 INFO  manager.ListenerWD -- SendKeys-->
20:38:45.557 INFO  manager.ListenerWD -- SendKeys_TagName-->input
20:38:45.659 INFO  manager.ListenerWD -- SendKeys-->
20:38:45.667 INFO  manager.ListenerWD -- SendKeys_TagName-->input
20:38:45.730 INFO  manager.ListenerWD -- SendKeys-->
20:38:45.741 INFO  manager.ListenerWD -- SendKeys_TagName-->input
20:38:45.795 INFO  manager.ListenerWD -- Before find element-->By.xpath: //input[@placeholder='description']
20:38:45.818 INFO  manager.ListenerWD -- After find element-->By.xpath: //input[@placeholder='description']
20:38:45.826 INFO  manager.ListenerWD -- Location of element-->input
20:38:45.851 INFO  manager.ListenerWD -- Before click element-->inputtext-->
20:38:45.956 INFO  manager.ListenerWD -- After click element-->input
20:38:46.022 INFO  manager.ListenerWD -- SendKeys-->
20:38:46.031 INFO  manager.ListenerWD -- SendKeys_TagName-->input
20:38:46.125 INFO  manager.ListenerWD -- SendKeys-->
20:38:46.132 INFO  manager.ListenerWD -- SendKeys_TagName-->input
20:38:46.195 INFO  manager.ListenerWD -- SendKeys-->
20:38:46.204 INFO  manager.ListenerWD -- SendKeys_TagName-->input
20:38:46.255 INFO  manager.ListenerWD -- Before find element-->By.cssSelector: .add_main__1tbl_ button
20:38:46.275 INFO  manager.ListenerWD -- After find element-->By.cssSelector: .add_main__1tbl_ button
20:38:46.283 INFO  manager.ListenerWD -- Location of element-->button
20:38:46.308 INFO  manager.ListenerWD -- Before click element-->buttontext-->Save
20:38:46.399 INFO  manager.ListenerWD -- After click element-->button
20:38:46.407 INFO  manager.ListenerWD -- Huston, we have a problem
20:38:46.407 INFO  manager.ListenerWD -- Failed method:alert
20:38:46.408 INFO  manager.ListenerWD -- **************************************
20:38:46.408 INFO  manager.ListenerWD -- Arguments:null
20:38:46.408 INFO  manager.ListenerWD -- **************************************
20:38:46.408 INFO  manager.ListenerWD -- Exception:NoAlertPresentException
20:38:46.408 INFO  manager.ListenerWD -- **************************************
20:38:46.408 INFO  manager.ListenerWD -- Message:no such alert
  (Session info: chrome=148.0.7778.181)
Build info: version: '4.26.0', revision: '8ccf0219d7'
System info: os.name: 'Windows 11', os.arch: 'amd64', os.version: '10.0', java.version: '17.0.12'
Driver info: org.openqa.selenium.chrome.ChromeDriver
Command: [a7b66728dc1ef4739a74e24c410c154f, getAlertText {}]
Capabilities {acceptInsecureCerts: false, browserName: chrome, browserVersion: 148.0.7778.181, chrome: {chromedriverVersion: 148.0.7778.167 (65db666ac2c..., userDataDir: C:\Users\Mariya\AppData\Loc...}, fedcm:accounts: true, goog:chromeOptions: {debuggerAddress: localhost:50387}, goog:processID: 151772, networkConnectionEnabled: false, pageLoadStrategy: normal, platformName: windows, proxy: Proxy(), se:cdp: ws://localhost:50387/devtoo..., se:cdpVersion: 148.0.7778.181, setWindowRect: true, strictFileInteractability: false, timeouts: {implicit: 0, pageLoad: 300000, script: 30000}, unhandledPromptBehavior: dismiss and notify, webauthn:extension:credBlob: true, webauthn:extension:largeBlob: true, webauthn:extension:minPinLength: true, webauthn:extension:prf: true, webauthn:virtualAuthenticators: true}
Session ID: a7b66728dc1ef4739a74e24c410c154f
20:38:46.408 INFO  manager.ListenerWD -- **************************************
20:38:46.408 INFO  manager.ListenerWD -- Screen with error is-->src/test/screenchots/screen_1909.png
20:38:48.980 INFO  tests.TestBase -- Assert check is alert present with error text 'Phone not valid'
20:38:48.980 INFO  tests.TestBase -- Assert check is add contact page still displayed
20:38:48.980 INFO  manager.TestNGListener -- Success test --> addNewContactWrongPhone
20:38:48.982 INFO  tests.TestBase -- ===============================================
20:38:48.986 INFO  tests.TestBase -- Name of method (test) ---> addNewContactWrongPhone
20:38:48.988 INFO  manager.TestNGListener -- Start test --> null
20:38:48.988 INFO  tests.TestBase -- Test data ---> name: 'Tony001', last name: 'Brook', phone: '04568',tony@dvo.com', address: 'Dali av. 79/147', description: 'WrongPhone'
20:38:48.989 INFO  manager.ListenerWD -- Before find element-->By.cssSelector: a[href="/add"]
20:38:49.020 INFO  manager.ListenerWD -- After find element-->By.cssSelector: a[href="/add"]
20:38:49.033 INFO  manager.ListenerWD -- Location of element-->a
20:38:49.063 INFO  manager.ListenerWD -- Before click element-->atext-->ADD
20:38:49.220 INFO  manager.ListenerWD -- After click element-->a
20:38:49.220 INFO  manager.ListenerWD -- Before find element-->By.xpath: //input[@placeholder='Name']
20:38:49.240 INFO  manager.ListenerWD -- After find element-->By.xpath: //input[@placeholder='Name']
20:38:49.251 INFO  manager.ListenerWD -- Location of element-->input
20:38:49.274 INFO  manager.ListenerWD -- Before click element-->inputtext-->
20:38:49.403 INFO  manager.ListenerWD -- After click element-->input
20:38:49.485 INFO  manager.ListenerWD -- SendKeys-->
20:38:49.495 INFO  manager.ListenerWD -- SendKeys_TagName-->input
20:38:49.603 INFO  manager.ListenerWD -- SendKeys-->
20:38:49.613 INFO  manager.ListenerWD -- SendKeys_TagName-->input
20:38:49.677 INFO  manager.ListenerWD -- SendKeys-->
20:38:49.686 INFO  manager.ListenerWD -- SendKeys_TagName-->input
20:38:49.740 INFO  manager.ListenerWD -- Before find element-->By.xpath: //input[@placeholder='Last Name']
20:38:49.763 INFO  manager.ListenerWD -- After find element-->By.xpath: //input[@placeholder='Last Name']
20:38:49.773 INFO  manager.ListenerWD -- Location of element-->input
20:38:49.800 INFO  manager.ListenerWD -- Before click element-->inputtext-->
20:38:49.929 INFO  manager.ListenerWD -- After click element-->input
20:38:50.001 INFO  manager.ListenerWD -- SendKeys-->
20:38:50.011 INFO  manager.ListenerWD -- SendKeys_TagName-->input
20:38:50.121 INFO  manager.ListenerWD -- SendKeys-->
20:38:50.131 INFO  manager.ListenerWD -- SendKeys_TagName-->input
20:38:50.194 INFO  manager.ListenerWD -- SendKeys-->
20:38:50.202 INFO  manager.ListenerWD -- SendKeys_TagName-->input
20:38:50.263 INFO  manager.ListenerWD -- Before find element-->By.xpath: //input[@placeholder='Phone']
20:38:50.285 INFO  manager.ListenerWD -- After find element-->By.xpath: //input[@placeholder='Phone']
20:38:50.295 INFO  manager.ListenerWD -- Location of element-->input
20:38:50.320 INFO  manager.ListenerWD -- Before click element-->inputtext-->
20:38:50.426 INFO  manager.ListenerWD -- After click element-->input
20:38:50.488 INFO  manager.ListenerWD -- SendKeys-->
20:38:50.496 INFO  manager.ListenerWD -- SendKeys_TagName-->input
20:38:50.589 INFO  manager.ListenerWD -- SendKeys-->
20:38:50.598 INFO  manager.ListenerWD -- SendKeys_TagName-->input
20:38:50.650 INFO  manager.ListenerWD -- SendKeys-->
20:38:50.658 INFO  manager.ListenerWD -- SendKeys_TagName-->input
20:38:50.704 INFO  manager.ListenerWD -- Before find element-->By.xpath: //input[@placeholder='email']
20:38:50.723 INFO  manager.ListenerWD -- After find element-->By.xpath: //input[@placeholder='email']
20:38:50.732 INFO  manager.ListenerWD -- Location of element-->input
20:38:50.753 INFO  manager.ListenerWD -- Before click element-->inputtext-->
20:38:50.843 INFO  manager.ListenerWD -- After click element-->input
20:38:50.893 INFO  manager.ListenerWD -- SendKeys-->
20:38:50.903 INFO  manager.ListenerWD -- SendKeys_TagName-->input
20:38:50.980 INFO  manager.ListenerWD -- SendKeys-->
20:38:50.988 INFO  manager.ListenerWD -- SendKeys_TagName-->input
20:38:51.042 INFO  manager.ListenerWD -- SendKeys-->
20:38:51.053 INFO  manager.ListenerWD -- SendKeys_TagName-->input
20:38:51.137 INFO  manager.ListenerWD -- Before find element-->By.xpath: //input[@placeholder='Address']
20:38:51.164 INFO  manager.ListenerWD -- After find element-->By.xpath: //input[@placeholder='Address']
20:38:51.181 INFO  manager.ListenerWD -- Location of element-->input
20:38:51.209 INFO  manager.ListenerWD -- Before click element-->inputtext-->
20:38:51.346 INFO  manager.ListenerWD -- After click element-->input
20:38:51.438 INFO  manager.ListenerWD -- SendKeys-->
20:38:51.450 INFO  manager.ListenerWD -- SendKeys_TagName-->input
20:38:51.549 INFO  manager.ListenerWD -- SendKeys-->
20:38:51.557 INFO  manager.ListenerWD -- SendKeys_TagName-->input
20:38:51.629 INFO  manager.ListenerWD -- SendKeys-->
20:38:51.638 INFO  manager.ListenerWD -- SendKeys_TagName-->input
20:38:51.711 INFO  manager.ListenerWD -- Before find element-->By.xpath: //input[@placeholder='description']
20:38:51.731 INFO  manager.ListenerWD -- After find element-->By.xpath: //input[@placeholder='description']
20:38:51.742 INFO  manager.ListenerWD -- Location of element-->input
20:38:51.766 INFO  manager.ListenerWD -- Before click element-->inputtext-->
20:38:51.883 INFO  manager.ListenerWD -- After click element-->input
20:38:51.942 INFO  manager.ListenerWD -- SendKeys-->
20:38:51.952 INFO  manager.ListenerWD -- SendKeys_TagName-->input
20:38:52.042 INFO  manager.ListenerWD -- SendKeys-->
20:38:52.051 INFO  manager.ListenerWD -- SendKeys_TagName-->input
20:38:52.108 INFO  manager.ListenerWD -- SendKeys-->
20:38:52.118 INFO  manager.ListenerWD -- SendKeys_TagName-->input
20:38:52.176 INFO  manager.ListenerWD -- Before find element-->By.cssSelector: .add_main__1tbl_ button
20:38:52.195 INFO  manager.ListenerWD -- After find element-->By.cssSelector: .add_main__1tbl_ button
20:38:52.203 INFO  manager.ListenerWD -- Location of element-->button
20:38:52.226 INFO  manager.ListenerWD -- Before click element-->buttontext-->Save
20:38:52.323 INFO  manager.ListenerWD -- After click element-->button
20:38:52.332 INFO  manager.ListenerWD -- Huston, we have a problem
20:38:52.333 INFO  manager.ListenerWD -- Failed method:alert
20:38:52.333 INFO  manager.ListenerWD -- **************************************
20:38:52.333 INFO  manager.ListenerWD -- Arguments:null
20:38:52.333 INFO  manager.ListenerWD -- **************************************
20:38:52.333 INFO  manager.ListenerWD -- Exception:NoAlertPresentException
20:38:52.333 INFO  manager.ListenerWD -- **************************************
20:38:52.333 INFO  manager.ListenerWD -- Message:no such alert
  (Session info: chrome=148.0.7778.181)
Build info: version: '4.26.0', revision: '8ccf0219d7'
System info: os.name: 'Windows 11', os.arch: 'amd64', os.version: '10.0', java.version: '17.0.12'
Driver info: org.openqa.selenium.chrome.ChromeDriver
Command: [a7b66728dc1ef4739a74e24c410c154f, getAlertText {}]
Capabilities {acceptInsecureCerts: false, browserName: chrome, browserVersion: 148.0.7778.181, chrome: {chromedriverVersion: 148.0.7778.167 (65db666ac2c..., userDataDir: C:\Users\Mariya\AppData\Loc...}, fedcm:accounts: true, goog:chromeOptions: {debuggerAddress: localhost:50387}, goog:processID: 151772, networkConnectionEnabled: false, pageLoadStrategy: normal, platformName: windows, proxy: Proxy(), se:cdp: ws://localhost:50387/devtoo..., se:cdpVersion: 148.0.7778.181, setWindowRect: true, strictFileInteractability: false, timeouts: {implicit: 0, pageLoad: 300000, script: 30000}, unhandledPromptBehavior: dismiss and notify, webauthn:extension:credBlob: true, webauthn:extension:largeBlob: true, webauthn:extension:minPinLength: true, webauthn:extension:prf: true, webauthn:virtualAuthenticators: true}
Session ID: a7b66728dc1ef4739a74e24c410c154f
20:38:52.333 INFO  manager.ListenerWD -- **************************************
20:38:52.333 INFO  manager.ListenerWD -- Screen with error is-->src/test/screenchots/screen_1596.png
20:38:54.900 INFO  tests.TestBase -- Assert check is alert present with error text 'Phone not valid'
20:38:54.900 INFO  tests.TestBase -- Assert check is add contact page still displayed
20:38:54.901 INFO  manager.TestNGListener -- Success test --> addNewContactWrongPhone
20:38:54.902 INFO  tests.TestBase -- ===============================================
20:38:54.907 INFO  tests.TestBase -- Name of method (test) ---> loginSuccess
20:38:54.941 INFO  manager.ListenerWD -- Before find element-->By.xpath: //button[text()='Sign Out']
20:38:54.971 INFO  manager.ListenerWD -- After find element-->By.xpath: //button[text()='Sign Out']
20:38:54.982 INFO  manager.ListenerWD -- Location of element-->button
20:38:55.009 INFO  manager.ListenerWD -- Before click element-->buttontext-->Sign Out
20:38:55.160 INFO  tests.TestBase -- Before method finished logout
20:38:55.160 INFO  manager.TestNGListener -- Start test --> null
20:38:55.161 INFO  tests.TestBase -- Start test with name 'loginSuccess'
20:38:55.161 INFO  tests.TestBase -- Test data ---> email: margo@gmail.com& password: Mmar123456$
20:38:55.161 INFO  manager.ListenerWD -- Before find element-->By.cssSelector: a[href='/login']
20:38:55.188 INFO  manager.ListenerWD -- After find element-->By.cssSelector: a[href='/login']
20:38:55.198 INFO  manager.ListenerWD -- Location of element-->a
20:38:55.221 INFO  manager.ListenerWD -- Before click element-->atext-->LOGIN
20:38:55.344 INFO  manager.ListenerWD -- After click element-->a
20:38:55.344 INFO  manager.ListenerWD -- Before find element-->By.name: email
20:38:55.369 INFO  manager.ListenerWD -- After find element-->By.name: email
20:38:55.377 INFO  manager.ListenerWD -- Location of element-->input
20:38:55.399 INFO  manager.ListenerWD -- Before click element-->inputtext-->
20:38:55.549 INFO  manager.ListenerWD -- After click element-->input
20:38:55.618 INFO  manager.ListenerWD -- SendKeys-->
20:38:55.628 INFO  manager.ListenerWD -- SendKeys_TagName-->input
20:38:55.688 INFO  manager.ListenerWD -- SendKeys-->
20:38:55.698 INFO  manager.ListenerWD -- SendKeys_TagName-->input
20:38:55.768 INFO  manager.ListenerWD -- SendKeys-->
20:38:55.782 INFO  manager.ListenerWD -- SendKeys_TagName-->input
20:38:55.866 INFO  manager.ListenerWD -- Before find element-->By.xpath: //input[@placeholder='Password']
20:38:55.902 INFO  manager.ListenerWD -- After find element-->By.xpath: //input[@placeholder='Password']
20:38:55.912 INFO  manager.ListenerWD -- Location of element-->input
20:38:55.936 INFO  manager.ListenerWD -- Before click element-->inputtext-->
20:38:56.087 INFO  manager.ListenerWD -- After click element-->input
20:38:56.141 INFO  manager.ListenerWD -- SendKeys-->
20:38:56.150 INFO  manager.ListenerWD -- SendKeys_TagName-->input
20:38:56.210 INFO  manager.ListenerWD -- SendKeys-->
20:38:56.220 INFO  manager.ListenerWD -- SendKeys_TagName-->input
20:38:56.290 INFO  manager.ListenerWD -- SendKeys-->
20:38:56.302 INFO  manager.ListenerWD -- SendKeys_TagName-->input
20:38:56.382 INFO  manager.ListenerWD -- Before find element-->By.xpath: //button[text()='Login']
20:38:56.419 INFO  manager.ListenerWD -- After find element-->By.xpath: //button[text()='Login']
20:38:56.427 INFO  manager.ListenerWD -- Location of element-->button
20:38:56.448 INFO  manager.ListenerWD -- Before click element-->buttontext-->Login
20:38:56.838 INFO  tests.TestBase -- Assert check is element button 'Sign out' present
20:38:56.839 INFO  manager.TestNGListener -- Success test --> loginSuccess
20:38:56.839 INFO  tests.TestBase -- ===============================================
20:38:56.840 INFO  tests.TestBase -- Name of method (test) ---> loginSuccess
20:38:56.857 INFO  manager.ListenerWD -- Before find element-->By.xpath: //button[text()='Sign Out']
20:38:56.874 INFO  manager.ListenerWD -- After find element-->By.xpath: //button[text()='Sign Out']
20:38:56.882 INFO  manager.ListenerWD -- Location of element-->button
20:38:56.901 INFO  manager.ListenerWD -- Before click element-->buttontext-->Sign Out
20:38:57.027 INFO  tests.TestBase -- Before method finished logout
20:38:57.028 INFO  manager.TestNGListener -- Start test --> null
20:38:57.028 INFO  tests.TestBase -- Start test with name 'loginSuccess'
20:38:57.028 INFO  tests.TestBase -- Test data ---> email: sonya@gmail.com& password: Ss12345$
20:38:57.028 INFO  manager.ListenerWD -- Before find element-->By.cssSelector: a[href='/login']
20:38:57.048 INFO  manager.ListenerWD -- After find element-->By.cssSelector: a[href='/login']
20:38:57.058 INFO  manager.ListenerWD -- Location of element-->a
20:38:57.079 INFO  manager.ListenerWD -- Before click element-->atext-->LOGIN
20:38:57.183 INFO  manager.ListenerWD -- After click element-->a
20:38:57.183 INFO  manager.ListenerWD -- Before find element-->By.name: email
20:38:57.206 INFO  manager.ListenerWD -- After find element-->By.name: email
20:38:57.216 INFO  manager.ListenerWD -- Location of element-->input
20:38:57.239 INFO  manager.ListenerWD -- Before click element-->inputtext-->
20:38:57.373 INFO  manager.ListenerWD -- After click element-->input
20:38:57.431 INFO  manager.ListenerWD -- SendKeys-->
20:38:57.440 INFO  manager.ListenerWD -- SendKeys_TagName-->input
20:38:57.506 INFO  manager.ListenerWD -- SendKeys-->
20:38:57.517 INFO  manager.ListenerWD -- SendKeys_TagName-->input
20:38:57.582 INFO  manager.ListenerWD -- SendKeys-->
20:38:57.590 INFO  manager.ListenerWD -- SendKeys_TagName-->input
20:38:57.653 INFO  manager.ListenerWD -- Before find element-->By.xpath: //input[@placeholder='Password']
20:38:57.675 INFO  manager.ListenerWD -- After find element-->By.xpath: //input[@placeholder='Password']
20:38:57.685 INFO  manager.ListenerWD -- Location of element-->input
20:38:57.716 INFO  manager.ListenerWD -- Before click element-->inputtext-->
20:38:57.892 INFO  manager.ListenerWD -- After click element-->input
20:38:57.958 INFO  manager.ListenerWD -- SendKeys-->
20:38:57.967 INFO  manager.ListenerWD -- SendKeys_TagName-->input
20:38:58.033 INFO  manager.ListenerWD -- SendKeys-->
20:38:58.043 INFO  manager.ListenerWD -- SendKeys_TagName-->input
20:38:58.104 INFO  manager.ListenerWD -- SendKeys-->
20:38:58.116 INFO  manager.ListenerWD -- SendKeys_TagName-->input
20:38:58.201 INFO  manager.ListenerWD -- Before find element-->By.xpath: //button[text()='Login']
20:38:58.228 INFO  manager.ListenerWD -- After find element-->By.xpath: //button[text()='Login']
20:38:58.240 INFO  manager.ListenerWD -- Location of element-->button
20:38:58.268 INFO  manager.ListenerWD -- Before click element-->buttontext-->Login
20:38:58.671 INFO  tests.TestBase -- Assert check is element button 'Sign out' present
20:38:58.671 INFO  manager.TestNGListener -- Success test --> loginSuccess
20:38:58.672 INFO  tests.TestBase -- ===============================================
20:38:58.673 INFO  tests.TestBase -- Name of method (test) ---> loginSuccess
20:38:58.694 INFO  manager.ListenerWD -- Before find element-->By.xpath: //button[text()='Sign Out']
20:38:58.712 INFO  manager.ListenerWD -- After find element-->By.xpath: //button[text()='Sign Out']
20:38:58.720 INFO  manager.ListenerWD -- Location of element-->button
20:38:58.745 INFO  manager.ListenerWD -- Before click element-->buttontext-->Sign Out
20:38:58.860 INFO  tests.TestBase -- Before method finished logout
20:38:58.861 INFO  manager.TestNGListener -- Start test --> null
20:38:58.861 INFO  tests.TestBase -- Start test with name 'loginSuccess'
20:38:58.862 INFO  tests.TestBase -- Test data ---> email: art276@art.com& password: $Art1$2$3456789
20:38:58.862 INFO  manager.ListenerWD -- Before find element-->By.cssSelector: a[href='/login']
20:38:58.880 INFO  manager.ListenerWD -- After find element-->By.cssSelector: a[href='/login']
20:38:58.889 INFO  manager.ListenerWD -- Location of element-->a
20:38:58.911 INFO  manager.ListenerWD -- Before click element-->atext-->LOGIN
20:38:59.049 INFO  manager.ListenerWD -- After click element-->a
20:38:59.050 INFO  manager.ListenerWD -- Before find element-->By.name: email
20:38:59.072 INFO  manager.ListenerWD -- After find element-->By.name: email
20:38:59.081 INFO  manager.ListenerWD -- Location of element-->input
20:38:59.109 INFO  manager.ListenerWD -- Before click element-->inputtext-->
20:38:59.255 INFO  manager.ListenerWD -- After click element-->input
20:38:59.315 INFO  manager.ListenerWD -- SendKeys-->
20:38:59.330 INFO  manager.ListenerWD -- SendKeys_TagName-->input
20:38:59.386 INFO  manager.ListenerWD -- SendKeys-->
20:38:59.396 INFO  manager.ListenerWD -- SendKeys_TagName-->input
20:38:59.457 INFO  manager.ListenerWD -- SendKeys-->
20:38:59.467 INFO  manager.ListenerWD -- SendKeys_TagName-->input
20:38:59.550 INFO  manager.ListenerWD -- Before find element-->By.xpath: //input[@placeholder='Password']
20:38:59.575 INFO  manager.ListenerWD -- After find element-->By.xpath: //input[@placeholder='Password']
20:38:59.594 INFO  manager.ListenerWD -- Location of element-->input
20:38:59.619 INFO  manager.ListenerWD -- Before click element-->inputtext-->
20:38:59.763 INFO  manager.ListenerWD -- After click element-->input
20:38:59.832 INFO  manager.ListenerWD -- SendKeys-->
20:38:59.841 INFO  manager.ListenerWD -- SendKeys_TagName-->input
20:38:59.903 INFO  manager.ListenerWD -- SendKeys-->
20:38:59.912 INFO  manager.ListenerWD -- SendKeys_TagName-->input
20:38:59.970 INFO  manager.ListenerWD -- SendKeys-->
20:38:59.979 INFO  manager.ListenerWD -- SendKeys_TagName-->input
20:39:00.062 INFO  manager.ListenerWD -- Before find element-->By.xpath: //button[text()='Login']
20:39:00.090 INFO  manager.ListenerWD -- After find element-->By.xpath: //button[text()='Login']
20:39:00.108 INFO  manager.ListenerWD -- Location of element-->button
20:39:00.136 INFO  manager.ListenerWD -- Before click element-->buttontext-->Login
20:39:00.513 INFO  tests.TestBase -- Assert check is element button 'Sign out' present
20:39:00.514 INFO  manager.TestNGListener -- Success test --> loginSuccess
20:39:00.516 INFO  tests.TestBase -- ===============================================
20:39:00.518 INFO  tests.TestBase -- Name of method (test) ---> loginSuccess1
20:39:00.538 INFO  manager.ListenerWD -- Before find element-->By.xpath: //button[text()='Sign Out']
20:39:00.556 INFO  manager.ListenerWD -- After find element-->By.xpath: //button[text()='Sign Out']
20:39:00.564 INFO  manager.ListenerWD -- Location of element-->button
20:39:00.586 INFO  manager.ListenerWD -- Before click element-->buttontext-->Sign Out
20:39:00.704 INFO  tests.TestBase -- Before method finished logout
20:39:00.704 INFO  manager.TestNGListener -- Start test --> null
20:39:00.705 INFO  manager.ListenerWD -- Before find element-->By.cssSelector: a[href='/login']
20:39:00.723 INFO  manager.ListenerWD -- After find element-->By.cssSelector: a[href='/login']
20:39:00.734 INFO  manager.ListenerWD -- Location of element-->a
20:39:00.763 INFO  manager.ListenerWD -- Before click element-->atext-->LOGIN
20:39:00.865 INFO  manager.ListenerWD -- After click element-->a
20:39:00.865 INFO  manager.ListenerWD -- Before find element-->By.name: email
20:39:00.884 INFO  manager.ListenerWD -- After find element-->By.name: email
20:39:00.892 INFO  manager.ListenerWD -- Location of element-->input
20:39:00.913 INFO  manager.ListenerWD -- Before click element-->inputtext-->
20:39:01.048 INFO  manager.ListenerWD -- After click element-->input
20:39:01.103 INFO  manager.ListenerWD -- SendKeys-->
20:39:01.112 INFO  manager.ListenerWD -- SendKeys_TagName-->input
20:39:01.166 INFO  manager.ListenerWD -- SendKeys-->
20:39:01.175 INFO  manager.ListenerWD -- SendKeys_TagName-->input
20:39:01.233 INFO  manager.ListenerWD -- SendKeys-->
20:39:01.242 INFO  manager.ListenerWD -- SendKeys_TagName-->input
20:39:01.302 INFO  manager.ListenerWD -- Before find element-->By.xpath: //input[@placeholder='Password']
20:39:01.322 INFO  manager.ListenerWD -- After find element-->By.xpath: //input[@placeholder='Password']
20:39:01.330 INFO  manager.ListenerWD -- Location of element-->input
20:39:01.351 INFO  manager.ListenerWD -- Before click element-->inputtext-->
20:39:01.490 INFO  manager.ListenerWD -- After click element-->input
20:39:01.548 INFO  manager.ListenerWD -- SendKeys-->
20:39:01.555 INFO  manager.ListenerWD -- SendKeys_TagName-->input
20:39:01.608 INFO  manager.ListenerWD -- SendKeys-->
20:39:01.617 INFO  manager.ListenerWD -- SendKeys_TagName-->input
20:39:01.669 INFO  manager.ListenerWD -- SendKeys-->
20:39:01.678 INFO  manager.ListenerWD -- SendKeys_TagName-->input
20:39:01.743 INFO  manager.ListenerWD -- Before find element-->By.xpath: //button[text()='Login']
20:39:01.761 INFO  manager.ListenerWD -- After find element-->By.xpath: //button[text()='Login']
20:39:01.771 INFO  manager.ListenerWD -- Location of element-->button
20:39:01.792 INFO  manager.ListenerWD -- Before click element-->buttontext-->Login
20:39:02.172 INFO  manager.TestNGListener -- Success test --> loginSuccess1
20:39:02.173 INFO  tests.TestBase -- ===============================================
20:39:02.174 INFO  tests.TestBase -- Name of method (test) ---> loginSuccessModel
20:39:02.191 INFO  manager.ListenerWD -- Before find element-->By.xpath: //button[text()='Sign Out']
20:39:02.208 INFO  manager.ListenerWD -- After find element-->By.xpath: //button[text()='Sign Out']
20:39:02.218 INFO  manager.ListenerWD -- Location of element-->button
20:39:02.241 INFO  manager.ListenerWD -- Before click element-->buttontext-->Sign Out
20:39:02.360 INFO  tests.TestBase -- Before method finished logout
20:39:02.360 INFO  manager.TestNGListener -- Start test --> null
20:39:02.361 INFO  tests.TestBase -- Test data ---> User{email='art276@art.com', password='$Art1$2$3456789'}
20:39:02.361 INFO  manager.ListenerWD -- Before find element-->By.cssSelector: a[href='/login']
20:39:02.380 INFO  manager.ListenerWD -- After find element-->By.cssSelector: a[href='/login']
20:39:02.389 INFO  manager.ListenerWD -- Location of element-->a
20:39:02.410 INFO  manager.ListenerWD -- Before click element-->atext-->LOGIN
20:39:02.512 INFO  manager.ListenerWD -- After click element-->a
20:39:02.512 INFO  manager.ListenerWD -- Before find element-->By.name: email
20:39:02.531 INFO  manager.ListenerWD -- After find element-->By.name: email
20:39:02.541 INFO  manager.ListenerWD -- Location of element-->input
20:39:02.565 INFO  manager.ListenerWD -- Before click element-->inputtext-->
20:39:02.696 INFO  manager.ListenerWD -- After click element-->input
20:39:02.755 INFO  manager.ListenerWD -- SendKeys-->
20:39:02.763 INFO  manager.ListenerWD -- SendKeys_TagName-->input
20:39:02.826 INFO  manager.ListenerWD -- SendKeys-->
20:39:02.835 INFO  manager.ListenerWD -- SendKeys_TagName-->input
20:39:02.896 INFO  manager.ListenerWD -- SendKeys-->
20:39:02.905 INFO  manager.ListenerWD -- SendKeys_TagName-->input
20:39:02.968 INFO  manager.ListenerWD -- Before find element-->By.xpath: //input[@placeholder='Password']
20:39:02.987 INFO  manager.ListenerWD -- After find element-->By.xpath: //input[@placeholder='Password']
20:39:02.996 INFO  manager.ListenerWD -- Location of element-->input
20:39:03.019 INFO  manager.ListenerWD -- Before click element-->inputtext-->
20:39:03.153 INFO  manager.ListenerWD -- After click element-->input
20:39:03.209 INFO  manager.ListenerWD -- SendKeys-->
20:39:03.217 INFO  manager.ListenerWD -- SendKeys_TagName-->input
20:39:03.271 INFO  manager.ListenerWD -- SendKeys-->
20:39:03.279 INFO  manager.ListenerWD -- SendKeys_TagName-->input
20:39:03.332 INFO  manager.ListenerWD -- SendKeys-->
20:39:03.341 INFO  manager.ListenerWD -- SendKeys_TagName-->input
20:39:03.405 INFO  manager.ListenerWD -- Before find element-->By.xpath: //button[text()='Login']
20:39:03.425 INFO  manager.ListenerWD -- After find element-->By.xpath: //button[text()='Login']
20:39:03.435 INFO  manager.ListenerWD -- Location of element-->button
20:39:03.457 INFO  manager.ListenerWD -- Before click element-->buttontext-->Login
20:39:03.836 INFO  tests.TestBase -- Assert check is element button 'Sign out' present
20:39:03.836 INFO  manager.TestNGListener -- Success test --> loginSuccessModel
20:39:03.837 INFO  tests.TestBase -- ===============================================
20:39:03.839 INFO  tests.TestBase -- Name of method (test) ---> loginSuccessModelDPF
20:39:03.860 INFO  manager.ListenerWD -- Before find element-->By.xpath: //button[text()='Sign Out']
20:39:03.879 INFO  manager.ListenerWD -- After find element-->By.xpath: //button[text()='Sign Out']
20:39:03.888 INFO  manager.ListenerWD -- Location of element-->button
20:39:03.909 INFO  manager.ListenerWD -- Before click element-->buttontext-->Sign Out
20:39:04.017 INFO  tests.TestBase -- Before method finished logout
20:39:04.017 INFO  manager.TestNGListener -- Start test --> null
20:39:04.017 INFO  tests.TestBase -- Test data ---> User{email='margo@gmail.com', password='Mmar123456$'}
20:39:04.017 INFO  manager.ListenerWD -- Before find element-->By.cssSelector: a[href='/login']
20:39:04.035 INFO  manager.ListenerWD -- After find element-->By.cssSelector: a[href='/login']
20:39:04.044 INFO  manager.ListenerWD -- Location of element-->a
20:39:04.064 INFO  manager.ListenerWD -- Before click element-->atext-->LOGIN
20:39:04.152 INFO  manager.ListenerWD -- After click element-->a
20:39:04.153 INFO  manager.ListenerWD -- Before find element-->By.name: email
20:39:04.169 INFO  manager.ListenerWD -- After find element-->By.name: email
20:39:04.177 INFO  manager.ListenerWD -- Location of element-->input
20:39:04.197 INFO  manager.ListenerWD -- Before click element-->inputtext-->
20:39:04.369 INFO  manager.ListenerWD -- After click element-->input
20:39:04.465 INFO  manager.ListenerWD -- SendKeys-->
20:39:04.476 INFO  manager.ListenerWD -- SendKeys_TagName-->input
20:39:04.548 INFO  manager.ListenerWD -- SendKeys-->
20:39:04.560 INFO  manager.ListenerWD -- SendKeys_TagName-->input
20:39:04.651 INFO  manager.ListenerWD -- SendKeys-->
20:39:04.664 INFO  manager.ListenerWD -- SendKeys_TagName-->input
20:39:04.761 INFO  manager.ListenerWD -- Before find element-->By.xpath: //input[@placeholder='Password']
20:39:04.786 INFO  manager.ListenerWD -- After find element-->By.xpath: //input[@placeholder='Password']
20:39:04.795 INFO  manager.ListenerWD -- Location of element-->input
20:39:04.818 INFO  manager.ListenerWD -- Before click element-->inputtext-->
20:39:04.954 INFO  manager.ListenerWD -- After click element-->input
20:39:05.021 INFO  manager.ListenerWD -- SendKeys-->
20:39:05.029 INFO  manager.ListenerWD -- SendKeys_TagName-->input
20:39:05.092 INFO  manager.ListenerWD -- SendKeys-->
20:39:05.100 INFO  manager.ListenerWD -- SendKeys_TagName-->input
20:39:05.157 INFO  manager.ListenerWD -- SendKeys-->
20:39:05.165 INFO  manager.ListenerWD -- SendKeys_TagName-->input
20:39:05.223 INFO  manager.ListenerWD -- Before find element-->By.xpath: //button[text()='Login']
20:39:05.242 INFO  manager.ListenerWD -- After find element-->By.xpath: //button[text()='Login']
20:39:05.250 INFO  manager.ListenerWD -- Location of element-->button
20:39:05.274 INFO  manager.ListenerWD -- Before click element-->buttontext-->Login
20:39:05.655 INFO  tests.TestBase -- Assert check is element button 'Sign out' present
20:39:05.656 INFO  manager.TestNGListener -- Success test --> loginSuccessModelDPF
20:39:05.657 INFO  tests.TestBase -- ===============================================
20:39:05.658 INFO  tests.TestBase -- Name of method (test) ---> loginSuccessModelDPF
20:39:05.674 INFO  manager.ListenerWD -- Before find element-->By.xpath: //button[text()='Sign Out']
20:39:05.690 INFO  manager.ListenerWD -- After find element-->By.xpath: //button[text()='Sign Out']
20:39:05.697 INFO  manager.ListenerWD -- Location of element-->button
20:39:05.717 INFO  manager.ListenerWD -- Before click element-->buttontext-->Sign Out
20:39:05.830 INFO  tests.TestBase -- Before method finished logout
20:39:05.830 INFO  manager.TestNGListener -- Start test --> null
20:39:05.830 INFO  tests.TestBase -- Test data ---> User{email='sonya@gmail.com', password='Ss12345$'}
20:39:05.830 INFO  manager.ListenerWD -- Before find element-->By.cssSelector: a[href='/login']
20:39:05.852 INFO  manager.ListenerWD -- After find element-->By.cssSelector: a[href='/login']
20:39:05.859 INFO  manager.ListenerWD -- Location of element-->a
20:39:05.877 INFO  manager.ListenerWD -- Before click element-->atext-->LOGIN
20:39:05.974 INFO  manager.ListenerWD -- After click element-->a
20:39:05.974 INFO  manager.ListenerWD -- Before find element-->By.name: email
20:39:05.992 INFO  manager.ListenerWD -- After find element-->By.name: email
20:39:06.001 INFO  manager.ListenerWD -- Location of element-->input
20:39:06.022 INFO  manager.ListenerWD -- Before click element-->inputtext-->
20:39:06.151 INFO  manager.ListenerWD -- After click element-->input
20:39:06.203 INFO  manager.ListenerWD -- SendKeys-->
20:39:06.211 INFO  manager.ListenerWD -- SendKeys_TagName-->input
20:39:06.266 INFO  manager.ListenerWD -- SendKeys-->
20:39:06.273 INFO  manager.ListenerWD -- SendKeys_TagName-->input
20:39:06.325 INFO  manager.ListenerWD -- SendKeys-->
20:39:06.333 INFO  manager.ListenerWD -- SendKeys_TagName-->input
20:39:06.406 INFO  manager.ListenerWD -- Before find element-->By.xpath: //input[@placeholder='Password']
20:39:06.427 INFO  manager.ListenerWD -- After find element-->By.xpath: //input[@placeholder='Password']
20:39:06.438 INFO  manager.ListenerWD -- Location of element-->input
20:39:06.470 INFO  manager.ListenerWD -- Before click element-->inputtext-->
20:39:06.624 INFO  manager.ListenerWD -- After click element-->input
20:39:06.681 INFO  manager.ListenerWD -- SendKeys-->
20:39:06.688 INFO  manager.ListenerWD -- SendKeys_TagName-->input
20:39:06.749 INFO  manager.ListenerWD -- SendKeys-->
20:39:06.759 INFO  manager.ListenerWD -- SendKeys_TagName-->input
20:39:06.819 INFO  manager.ListenerWD -- SendKeys-->
20:39:06.827 INFO  manager.ListenerWD -- SendKeys_TagName-->input
20:39:06.876 INFO  manager.ListenerWD -- Before find element-->By.xpath: //button[text()='Login']
20:39:06.894 INFO  manager.ListenerWD -- After find element-->By.xpath: //button[text()='Login']
20:39:06.902 INFO  manager.ListenerWD -- Location of element-->button
20:39:06.924 INFO  manager.ListenerWD -- Before click element-->buttontext-->Login
20:39:07.304 INFO  tests.TestBase -- Assert check is element button 'Sign out' present
20:39:07.305 INFO  manager.TestNGListener -- Success test --> loginSuccessModelDPF
20:39:07.306 INFO  tests.TestBase -- ===============================================
20:39:07.308 INFO  tests.TestBase -- Name of method (test) ---> loginSuccessModelDPF
20:39:07.324 INFO  manager.ListenerWD -- Before find element-->By.xpath: //button[text()='Sign Out']
20:39:07.340 INFO  manager.ListenerWD -- After find element-->By.xpath: //button[text()='Sign Out']
20:39:07.348 INFO  manager.ListenerWD -- Location of element-->button
20:39:07.368 INFO  manager.ListenerWD -- Before click element-->buttontext-->Sign Out
20:39:07.490 INFO  tests.TestBase -- Before method finished logout
20:39:07.490 INFO  manager.TestNGListener -- Start test --> null
20:39:07.490 INFO  tests.TestBase -- Test data ---> User{email='art276@art.com', password='$Art1$2$3456789'}
20:39:07.490 INFO  manager.ListenerWD -- Before find element-->By.cssSelector: a[href='/login']
20:39:07.510 INFO  manager.ListenerWD -- After find element-->By.cssSelector: a[href='/login']
20:39:07.518 INFO  manager.ListenerWD -- Location of element-->a
20:39:07.537 INFO  manager.ListenerWD -- Before click element-->atext-->LOGIN
20:39:07.629 INFO  manager.ListenerWD -- After click element-->a
20:39:07.629 INFO  manager.ListenerWD -- Before find element-->By.name: email
20:39:07.647 INFO  manager.ListenerWD -- After find element-->By.name: email
20:39:07.656 INFO  manager.ListenerWD -- Location of element-->input
20:39:07.676 INFO  manager.ListenerWD -- Before click element-->inputtext-->
20:39:07.805 INFO  manager.ListenerWD -- After click element-->input
20:39:07.860 INFO  manager.ListenerWD -- SendKeys-->
20:39:07.869 INFO  manager.ListenerWD -- SendKeys_TagName-->input
20:39:07.925 INFO  manager.ListenerWD -- SendKeys-->
20:39:07.933 INFO  manager.ListenerWD -- SendKeys_TagName-->input
20:39:07.989 INFO  manager.ListenerWD -- SendKeys-->
20:39:07.997 INFO  manager.ListenerWD -- SendKeys_TagName-->input
20:39:08.056 INFO  manager.ListenerWD -- Before find element-->By.xpath: //input[@placeholder='Password']
20:39:08.073 INFO  manager.ListenerWD -- After find element-->By.xpath: //input[@placeholder='Password']
20:39:08.081 INFO  manager.ListenerWD -- Location of element-->input
20:39:08.102 INFO  manager.ListenerWD -- Before click element-->inputtext-->
20:39:08.238 INFO  manager.ListenerWD -- After click element-->input
20:39:08.296 INFO  manager.ListenerWD -- SendKeys-->
20:39:08.303 INFO  manager.ListenerWD -- SendKeys_TagName-->input
20:39:08.358 INFO  manager.ListenerWD -- SendKeys-->
20:39:08.366 INFO  manager.ListenerWD -- SendKeys_TagName-->input
20:39:08.419 INFO  manager.ListenerWD -- SendKeys-->
20:39:08.426 INFO  manager.ListenerWD -- SendKeys_TagName-->input
20:39:08.485 INFO  manager.ListenerWD -- Before find element-->By.xpath: //button[text()='Login']
20:39:08.502 INFO  manager.ListenerWD -- After find element-->By.xpath: //button[text()='Login']
20:39:08.511 INFO  manager.ListenerWD -- Location of element-->button
20:39:08.533 INFO  manager.ListenerWD -- Before click element-->buttontext-->Login
20:39:08.912 INFO  tests.TestBase -- Assert check is element button 'Sign out' present
20:39:08.912 INFO  manager.TestNGListener -- Success test --> loginSuccessModelDPF
20:39:08.913 INFO  tests.TestBase -- ===============================================
20:39:08.913 INFO  tests.TestBase -- Name of method (test) ---> loginUnregisteredUser
20:39:08.931 INFO  manager.ListenerWD -- Before find element-->By.xpath: //button[text()='Sign Out']
20:39:08.948 INFO  manager.ListenerWD -- After find element-->By.xpath: //button[text()='Sign Out']
20:39:08.956 INFO  manager.ListenerWD -- Location of element-->button
20:39:08.976 INFO  manager.ListenerWD -- Before click element-->buttontext-->Sign Out
20:39:09.093 INFO  tests.TestBase -- Before method finished logout
20:39:09.093 INFO  manager.TestNGListener -- Start test --> null
20:39:09.093 INFO  tests.TestBase -- Test data ---> email: 'moreg@gmail.com' & password: 'Mmar123456$'
20:39:09.093 INFO  manager.ListenerWD -- Before find element-->By.cssSelector: a[href='/login']
20:39:09.114 INFO  manager.ListenerWD -- After find element-->By.cssSelector: a[href='/login']
20:39:09.121 INFO  manager.ListenerWD -- Location of element-->a
20:39:09.142 INFO  manager.ListenerWD -- Before click element-->atext-->LOGIN
20:39:09.249 INFO  manager.ListenerWD -- After click element-->a
20:39:09.249 INFO  manager.ListenerWD -- Before find element-->By.name: email
20:39:09.274 INFO  manager.ListenerWD -- After find element-->By.name: email
20:39:09.283 INFO  manager.ListenerWD -- Location of element-->input
20:39:09.306 INFO  manager.ListenerWD -- Before click element-->inputtext-->
20:39:09.439 INFO  manager.ListenerWD -- After click element-->input
20:39:09.498 INFO  manager.ListenerWD -- SendKeys-->
20:39:09.505 INFO  manager.ListenerWD -- SendKeys_TagName-->input
20:39:09.560 INFO  manager.ListenerWD -- SendKeys-->
20:39:09.567 INFO  manager.ListenerWD -- SendKeys_TagName-->input
20:39:09.623 INFO  manager.ListenerWD -- SendKeys-->
20:39:09.631 INFO  manager.ListenerWD -- SendKeys_TagName-->input
20:39:09.694 INFO  manager.ListenerWD -- Before find element-->By.xpath: //input[@placeholder='Password']
20:39:09.721 INFO  manager.ListenerWD -- After find element-->By.xpath: //input[@placeholder='Password']
20:39:09.730 INFO  manager.ListenerWD -- Location of element-->input
20:39:09.752 INFO  manager.ListenerWD -- Before click element-->inputtext-->
20:39:09.899 INFO  manager.ListenerWD -- After click element-->input
20:39:09.952 INFO  manager.ListenerWD -- SendKeys-->
20:39:09.961 INFO  manager.ListenerWD -- SendKeys_TagName-->input
20:39:10.013 INFO  manager.ListenerWD -- SendKeys-->
20:39:10.022 INFO  manager.ListenerWD -- SendKeys_TagName-->input
20:39:10.072 INFO  manager.ListenerWD -- SendKeys-->
20:39:10.080 INFO  manager.ListenerWD -- SendKeys_TagName-->input
20:39:10.132 INFO  manager.ListenerWD -- Before find element-->By.xpath: //button[text()='Login']
20:39:10.148 INFO  manager.ListenerWD -- After find element-->By.xpath: //button[text()='Login']
20:39:10.156 INFO  manager.ListenerWD -- Location of element-->button
20:39:10.177 INFO  manager.ListenerWD -- Before click element-->buttontext-->Login
20:39:10.279 INFO  manager.ListenerWD -- Huston, we have a problem
20:39:10.279 INFO  manager.ListenerWD -- Failed method:alert
20:39:10.279 INFO  manager.ListenerWD -- **************************************
20:39:10.279 INFO  manager.ListenerWD -- Arguments:null
20:39:10.279 INFO  manager.ListenerWD -- **************************************
20:39:10.279 INFO  manager.ListenerWD -- Exception:NoAlertPresentException
20:39:10.279 INFO  manager.ListenerWD -- **************************************
20:39:10.279 INFO  manager.ListenerWD -- Message:no such alert
  (Session info: chrome=148.0.7778.181)
Build info: version: '4.26.0', revision: '8ccf0219d7'
System info: os.name: 'Windows 11', os.arch: 'amd64', os.version: '10.0', java.version: '17.0.12'
Driver info: org.openqa.selenium.chrome.ChromeDriver
Command: [a7b66728dc1ef4739a74e24c410c154f, getAlertText {}]
Capabilities {acceptInsecureCerts: false, browserName: chrome, browserVersion: 148.0.7778.181, chrome: {chromedriverVersion: 148.0.7778.167 (65db666ac2c..., userDataDir: C:\Users\Mariya\AppData\Loc...}, fedcm:accounts: true, goog:chromeOptions: {debuggerAddress: localhost:50387}, goog:processID: 151772, networkConnectionEnabled: false, pageLoadStrategy: normal, platformName: windows, proxy: Proxy(), se:cdp: ws://localhost:50387/devtoo..., se:cdpVersion: 148.0.7778.181, setWindowRect: true, strictFileInteractability: false, timeouts: {implicit: 0, pageLoad: 300000, script: 30000}, unhandledPromptBehavior: dismiss and notify, webauthn:extension:credBlob: true, webauthn:extension:largeBlob: true, webauthn:extension:minPinLength: true, webauthn:extension:prf: true, webauthn:virtualAuthenticators: true}
Session ID: a7b66728dc1ef4739a74e24c410c154f
20:39:10.279 INFO  manager.ListenerWD -- **************************************
20:39:10.279 INFO  manager.ListenerWD -- Screen with error is-->src/test/screenchots/screen_1786.png
20:39:12.836 INFO  tests.TestBase -- Assert check is alert present with error text 'Wrong email or password'
20:39:12.837 INFO  manager.TestNGListener -- Success test --> loginUnregisteredUser
20:39:12.837 INFO  tests.TestBase -- ===============================================
20:39:12.838 INFO  tests.TestBase -- Name of method (test) ---> loginWrongEmail
20:39:17.853 INFO  manager.TestNGListener -- Start test --> null
20:39:17.853 INFO  tests.TestBase -- Test data ---> email: 'margogmail.com' & password: 'Mmar123456$'
20:39:17.853 INFO  manager.ListenerWD -- Before find element-->By.cssSelector: a[href='/login']
20:39:17.870 INFO  manager.ListenerWD -- After find element-->By.cssSelector: a[href='/login']
20:39:17.878 INFO  manager.ListenerWD -- Location of element-->a
20:39:17.898 INFO  manager.ListenerWD -- Before click element-->atext-->LOGIN
20:39:18.001 INFO  manager.ListenerWD -- After click element-->a
20:39:18.001 INFO  manager.ListenerWD -- Before find element-->By.name: email
20:39:18.018 INFO  manager.ListenerWD -- After find element-->By.name: email
20:39:18.026 INFO  manager.ListenerWD -- Location of element-->input
20:39:18.044 INFO  manager.ListenerWD -- Before click element-->inputtext-->
20:39:18.154 INFO  manager.ListenerWD -- After click element-->input
20:39:18.211 INFO  manager.ListenerWD -- SendKeys-->
20:39:18.220 INFO  manager.ListenerWD -- SendKeys_TagName-->input
20:39:18.314 INFO  manager.ListenerWD -- SendKeys-->
20:39:18.322 INFO  manager.ListenerWD -- SendKeys_TagName-->input
20:39:18.376 INFO  manager.ListenerWD -- SendKeys-->
20:39:18.388 INFO  manager.ListenerWD -- SendKeys_TagName-->input
20:39:18.449 INFO  manager.ListenerWD -- Before find element-->By.xpath: //input[@placeholder='Password']
20:39:18.465 INFO  manager.ListenerWD -- After find element-->By.xpath: //input[@placeholder='Password']
20:39:18.475 INFO  manager.ListenerWD -- Location of element-->input
20:39:18.494 INFO  manager.ListenerWD -- Before click element-->inputtext-->
20:39:18.602 INFO  manager.ListenerWD -- After click element-->input
20:39:18.656 INFO  manager.ListenerWD -- SendKeys-->
20:39:18.663 INFO  manager.ListenerWD -- SendKeys_TagName-->input
20:39:18.743 INFO  manager.ListenerWD -- SendKeys-->
20:39:18.751 INFO  manager.ListenerWD -- SendKeys_TagName-->input
20:39:18.808 INFO  manager.ListenerWD -- SendKeys-->
20:39:18.816 INFO  manager.ListenerWD -- SendKeys_TagName-->input
20:39:18.871 INFO  manager.ListenerWD -- Before find element-->By.xpath: //button[text()='Login']
20:39:18.888 INFO  manager.ListenerWD -- After find element-->By.xpath: //button[text()='Login']
20:39:18.896 INFO  manager.ListenerWD -- Location of element-->button
20:39:18.917 INFO  manager.ListenerWD -- Before click element-->buttontext-->Login
20:39:19.023 INFO  manager.ListenerWD -- Huston, we have a problem
20:39:19.024 INFO  manager.ListenerWD -- Failed method:alert
20:39:19.024 INFO  manager.ListenerWD -- **************************************
20:39:19.024 INFO  manager.ListenerWD -- Arguments:null
20:39:19.024 INFO  manager.ListenerWD -- **************************************
20:39:19.024 INFO  manager.ListenerWD -- Exception:NoAlertPresentException
20:39:19.024 INFO  manager.ListenerWD -- **************************************
20:39:19.024 INFO  manager.ListenerWD -- Message:no such alert
  (Session info: chrome=148.0.7778.181)
Build info: version: '4.26.0', revision: '8ccf0219d7'
System info: os.name: 'Windows 11', os.arch: 'amd64', os.version: '10.0', java.version: '17.0.12'
Driver info: org.openqa.selenium.chrome.ChromeDriver
Command: [a7b66728dc1ef4739a74e24c410c154f, getAlertText {}]
Capabilities {acceptInsecureCerts: false, browserName: chrome, browserVersion: 148.0.7778.181, chrome: {chromedriverVersion: 148.0.7778.167 (65db666ac2c..., userDataDir: C:\Users\Mariya\AppData\Loc...}, fedcm:accounts: true, goog:chromeOptions: {debuggerAddress: localhost:50387}, goog:processID: 151772, networkConnectionEnabled: false, pageLoadStrategy: normal, platformName: windows, proxy: Proxy(), se:cdp: ws://localhost:50387/devtoo..., se:cdpVersion: 148.0.7778.181, setWindowRect: true, strictFileInteractability: false, timeouts: {implicit: 0, pageLoad: 300000, script: 30000}, unhandledPromptBehavior: dismiss and notify, webauthn:extension:credBlob: true, webauthn:extension:largeBlob: true, webauthn:extension:minPinLength: true, webauthn:extension:prf: true, webauthn:virtualAuthenticators: true}
Session ID: a7b66728dc1ef4739a74e24c410c154f
20:39:19.024 INFO  manager.ListenerWD -- **************************************
20:39:19.024 INFO  manager.ListenerWD -- Screen with error is-->src/test/screenchots/screen_1762.png
20:39:21.556 INFO  tests.TestBase -- Assert check is alert present with error text 'Wrong email or password'
20:39:21.556 INFO  manager.TestNGListener -- Success test --> loginWrongEmail
20:39:21.557 INFO  tests.TestBase -- ===============================================
20:39:21.559 INFO  tests.TestBase -- Name of method (test) ---> loginWrongPassword
20:39:26.599 INFO  manager.TestNGListener -- Start test --> null
20:39:26.599 INFO  tests.TestBase -- Test data ---> email: 'margogmail.com' & password: 'Mmar123'
20:39:26.599 INFO  manager.ListenerWD -- Before find element-->By.cssSelector: a[href='/login']
20:39:26.618 INFO  manager.ListenerWD -- After find element-->By.cssSelector: a[href='/login']
20:39:26.627 INFO  manager.ListenerWD -- Location of element-->a
20:39:26.650 INFO  manager.ListenerWD -- Before click element-->atext-->LOGIN
20:39:26.765 INFO  manager.ListenerWD -- After click element-->a
20:39:26.765 INFO  manager.ListenerWD -- Before find element-->By.name: email
20:39:26.783 INFO  manager.ListenerWD -- After find element-->By.name: email
20:39:26.791 INFO  manager.ListenerWD -- Location of element-->input
20:39:26.813 INFO  manager.ListenerWD -- Before click element-->inputtext-->
20:39:26.935 INFO  manager.ListenerWD -- After click element-->input
20:39:26.998 INFO  manager.ListenerWD -- SendKeys-->
20:39:27.007 INFO  manager.ListenerWD -- SendKeys_TagName-->input
20:39:27.096 INFO  manager.ListenerWD -- SendKeys-->
20:39:27.103 INFO  manager.ListenerWD -- SendKeys_TagName-->input
20:39:27.161 INFO  manager.ListenerWD -- SendKeys-->
20:39:27.169 INFO  manager.ListenerWD -- SendKeys_TagName-->input
20:39:27.234 INFO  manager.ListenerWD -- Before find element-->By.xpath: //input[@placeholder='Password']
20:39:27.250 INFO  manager.ListenerWD -- After find element-->By.xpath: //input[@placeholder='Password']
20:39:27.258 INFO  manager.ListenerWD -- Location of element-->input
20:39:27.279 INFO  manager.ListenerWD -- Before click element-->inputtext-->
20:39:27.385 INFO  manager.ListenerWD -- After click element-->input
20:39:27.437 INFO  manager.ListenerWD -- SendKeys-->
20:39:27.446 INFO  manager.ListenerWD -- SendKeys_TagName-->input
20:39:27.537 INFO  manager.ListenerWD -- SendKeys-->
20:39:27.548 INFO  manager.ListenerWD -- SendKeys_TagName-->input
20:39:27.615 INFO  manager.ListenerWD -- SendKeys-->
20:39:27.622 INFO  manager.ListenerWD -- SendKeys_TagName-->input
20:39:27.688 INFO  manager.ListenerWD -- Before find element-->By.xpath: //button[text()='Login']
20:39:27.715 INFO  manager.ListenerWD -- After find element-->By.xpath: //button[text()='Login']
20:39:27.723 INFO  manager.ListenerWD -- Location of element-->button
20:39:27.746 INFO  manager.ListenerWD -- Before click element-->buttontext-->Login
20:39:27.843 INFO  manager.ListenerWD -- Huston, we have a problem
20:39:27.843 INFO  manager.ListenerWD -- Failed method:alert
20:39:27.843 INFO  manager.ListenerWD -- **************************************
20:39:27.843 INFO  manager.ListenerWD -- Arguments:null
20:39:27.843 INFO  manager.ListenerWD -- **************************************
20:39:27.843 INFO  manager.ListenerWD -- Exception:NoAlertPresentException
20:39:27.843 INFO  manager.ListenerWD -- **************************************
20:39:27.843 INFO  manager.ListenerWD -- Message:no such alert
  (Session info: chrome=148.0.7778.181)
Build info: version: '4.26.0', revision: '8ccf0219d7'
System info: os.name: 'Windows 11', os.arch: 'amd64', os.version: '10.0', java.version: '17.0.12'
Driver info: org.openqa.selenium.chrome.ChromeDriver
Command: [a7b66728dc1ef4739a74e24c410c154f, getAlertText {}]
Capabilities {acceptInsecureCerts: false, browserName: chrome, browserVersion: 148.0.7778.181, chrome: {chromedriverVersion: 148.0.7778.167 (65db666ac2c..., userDataDir: C:\Users\Mariya\AppData\Loc...}, fedcm:accounts: true, goog:chromeOptions: {debuggerAddress: localhost:50387}, goog:processID: 151772, networkConnectionEnabled: false, pageLoadStrategy: normal, platformName: windows, proxy: Proxy(), se:cdp: ws://localhost:50387/devtoo..., se:cdpVersion: 148.0.7778.181, setWindowRect: true, strictFileInteractability: false, timeouts: {implicit: 0, pageLoad: 300000, script: 30000}, unhandledPromptBehavior: dismiss and notify, webauthn:extension:credBlob: true, webauthn:extension:largeBlob: true, webauthn:extension:minPinLength: true, webauthn:extension:prf: true, webauthn:virtualAuthenticators: true}
Session ID: a7b66728dc1ef4739a74e24c410c154f
20:39:27.843 INFO  manager.ListenerWD -- **************************************
20:39:27.843 INFO  manager.ListenerWD -- Screen with error is-->src/test/screenchots/screen_1913.png
20:39:30.374 INFO  tests.TestBase -- Assert check is alert present with error text 'Wrong email or password'
20:39:30.375 INFO  manager.TestNGListener -- Success test --> loginWrongPassword
20:39:30.376 INFO  tests.TestBase -- ===============================================
20:39:30.378 INFO  tests.TestBase -- Name of method (test) ---> RegistrationExistsUser
20:39:35.393 INFO  manager.TestNGListener -- Start test --> null
20:39:35.395 INFO  tests.TestBase -- Test data ---> email: 'margo@gmail.com' & password: 'Mmar123456$'
20:39:35.395 INFO  manager.ListenerWD -- Before find element-->By.cssSelector: a[href='/login']
20:39:35.412 INFO  manager.ListenerWD -- After find element-->By.cssSelector: a[href='/login']
20:39:35.421 INFO  manager.ListenerWD -- Location of element-->a
20:39:35.441 INFO  manager.ListenerWD -- Before click element-->atext-->LOGIN
20:39:35.543 INFO  manager.ListenerWD -- After click element-->a
20:39:35.544 INFO  manager.ListenerWD -- Before find element-->By.name: email
20:39:35.561 INFO  manager.ListenerWD -- After find element-->By.name: email
20:39:35.569 INFO  manager.ListenerWD -- Location of element-->input
20:39:35.589 INFO  manager.ListenerWD -- Before click element-->inputtext-->
20:39:35.690 INFO  manager.ListenerWD -- After click element-->input
20:39:35.746 INFO  manager.ListenerWD -- SendKeys-->
20:39:35.756 INFO  manager.ListenerWD -- SendKeys_TagName-->input
20:39:35.844 INFO  manager.ListenerWD -- SendKeys-->
20:39:35.852 INFO  manager.ListenerWD -- SendKeys_TagName-->input
20:39:35.902 INFO  manager.ListenerWD -- SendKeys-->
20:39:35.910 INFO  manager.ListenerWD -- SendKeys_TagName-->input
20:39:35.971 INFO  manager.ListenerWD -- Before find element-->By.xpath: //input[@placeholder='Password']
20:39:35.992 INFO  manager.ListenerWD -- After find element-->By.xpath: //input[@placeholder='Password']
20:39:36.000 INFO  manager.ListenerWD -- Location of element-->input
20:39:36.019 INFO  manager.ListenerWD -- Before click element-->inputtext-->
20:39:36.144 INFO  manager.ListenerWD -- After click element-->input
20:39:36.204 INFO  manager.ListenerWD -- SendKeys-->
20:39:36.213 INFO  manager.ListenerWD -- SendKeys_TagName-->input
20:39:36.301 INFO  manager.ListenerWD -- SendKeys-->
20:39:36.311 INFO  manager.ListenerWD -- SendKeys_TagName-->input
20:39:36.369 INFO  manager.ListenerWD -- SendKeys-->
20:39:36.377 INFO  manager.ListenerWD -- SendKeys_TagName-->input
20:39:36.440 INFO  manager.ListenerWD -- Before find element-->By.xpath: //button[text()='Registration']
20:39:36.465 INFO  manager.ListenerWD -- After find element-->By.xpath: //button[text()='Registration']
20:39:36.473 INFO  manager.ListenerWD -- Location of element-->button
20:39:36.497 INFO  manager.ListenerWD -- Before click element-->buttontext-->Registration
20:39:36.604 INFO  manager.ListenerWD -- Huston, we have a problem
20:39:36.604 INFO  manager.ListenerWD -- Failed method:alert
20:39:36.604 INFO  manager.ListenerWD -- **************************************
20:39:36.604 INFO  manager.ListenerWD -- Arguments:null
20:39:36.604 INFO  manager.ListenerWD -- **************************************
20:39:36.604 INFO  manager.ListenerWD -- Exception:NoAlertPresentException
20:39:36.604 INFO  manager.ListenerWD -- **************************************
20:39:36.604 INFO  manager.ListenerWD -- Message:no such alert
  (Session info: chrome=148.0.7778.181)
Build info: version: '4.26.0', revision: '8ccf0219d7'
System info: os.name: 'Windows 11', os.arch: 'amd64', os.version: '10.0', java.version: '17.0.12'
Driver info: org.openqa.selenium.chrome.ChromeDriver
Command: [a7b66728dc1ef4739a74e24c410c154f, getAlertText {}]
Capabilities {acceptInsecureCerts: false, browserName: chrome, browserVersion: 148.0.7778.181, chrome: {chromedriverVersion: 148.0.7778.167 (65db666ac2c..., userDataDir: C:\Users\Mariya\AppData\Loc...}, fedcm:accounts: true, goog:chromeOptions: {debuggerAddress: localhost:50387}, goog:processID: 151772, networkConnectionEnabled: false, pageLoadStrategy: normal, platformName: windows, proxy: Proxy(), se:cdp: ws://localhost:50387/devtoo..., se:cdpVersion: 148.0.7778.181, setWindowRect: true, strictFileInteractability: false, timeouts: {implicit: 0, pageLoad: 300000, script: 30000}, unhandledPromptBehavior: dismiss and notify, webauthn:extension:credBlob: true, webauthn:extension:largeBlob: true, webauthn:extension:minPinLength: true, webauthn:extension:prf: true, webauthn:virtualAuthenticators: true}
Session ID: a7b66728dc1ef4739a74e24c410c154f
20:39:36.604 INFO  manager.ListenerWD -- **************************************
20:39:36.604 INFO  manager.ListenerWD -- Screen with error is-->src/test/screenchots/screen_1265.png
20:39:39.139 INFO  tests.TestBase -- Assert check is alert present with error text 'User already exist'
20:39:39.140 INFO  manager.TestNGListener -- Success test --> RegistrationExistsUser
20:39:39.140 INFO  tests.TestBase -- ===============================================
20:39:39.142 INFO  tests.TestBase -- Name of method (test) ---> RegistrationWrongEmail
20:39:44.200 INFO  manager.TestNGListener -- Start test --> null
20:39:44.200 INFO  tests.TestBase -- Test data ---> email: 'artart.com' & password: '$Art1$2$3456789'
20:39:44.200 INFO  manager.ListenerWD -- Before find element-->By.cssSelector: a[href='/login']
20:39:44.216 INFO  manager.ListenerWD -- After find element-->By.cssSelector: a[href='/login']
20:39:44.225 INFO  manager.ListenerWD -- Location of element-->a
20:39:44.248 INFO  manager.ListenerWD -- Before click element-->atext-->LOGIN
20:39:44.354 INFO  manager.ListenerWD -- After click element-->a
20:39:44.354 INFO  manager.ListenerWD -- Before find element-->By.name: email
20:39:44.371 INFO  manager.ListenerWD -- After find element-->By.name: email
20:39:44.379 INFO  manager.ListenerWD -- Location of element-->input
20:39:44.399 INFO  manager.ListenerWD -- Before click element-->inputtext-->
20:39:44.504 INFO  manager.ListenerWD -- After click element-->input
20:39:44.565 INFO  manager.ListenerWD -- SendKeys-->
20:39:44.573 INFO  manager.ListenerWD -- SendKeys_TagName-->input
20:39:44.661 INFO  manager.ListenerWD -- SendKeys-->
20:39:44.669 INFO  manager.ListenerWD -- SendKeys_TagName-->input
20:39:44.723 INFO  manager.ListenerWD -- SendKeys-->
20:39:44.731 INFO  manager.ListenerWD -- SendKeys_TagName-->input
20:39:44.781 INFO  manager.ListenerWD -- Before find element-->By.xpath: //input[@placeholder='Password']
20:39:44.796 INFO  manager.ListenerWD -- After find element-->By.xpath: //input[@placeholder='Password']
20:39:44.804 INFO  manager.ListenerWD -- Location of element-->input
20:39:44.823 INFO  manager.ListenerWD -- Before click element-->inputtext-->
20:39:44.909 INFO  manager.ListenerWD -- After click element-->input
20:39:44.960 INFO  manager.ListenerWD -- SendKeys-->
20:39:44.968 INFO  manager.ListenerWD -- SendKeys_TagName-->input
20:39:45.043 INFO  manager.ListenerWD -- SendKeys-->
20:39:45.051 INFO  manager.ListenerWD -- SendKeys_TagName-->input
20:39:45.100 INFO  manager.ListenerWD -- SendKeys-->
20:39:45.108 INFO  manager.ListenerWD -- SendKeys_TagName-->input
20:39:45.167 INFO  manager.ListenerWD -- Before find element-->By.xpath: //button[text()='Registration']
20:39:45.182 INFO  manager.ListenerWD -- After find element-->By.xpath: //button[text()='Registration']
20:39:45.190 INFO  manager.ListenerWD -- Location of element-->button
20:39:45.211 INFO  manager.ListenerWD -- Before click element-->buttontext-->Registration
20:39:45.313 INFO  manager.ListenerWD -- Huston, we have a problem
20:39:45.314 INFO  manager.ListenerWD -- Failed method:alert
20:39:45.314 INFO  manager.ListenerWD -- **************************************
20:39:45.314 INFO  manager.ListenerWD -- Arguments:null
20:39:45.314 INFO  manager.ListenerWD -- **************************************
20:39:45.314 INFO  manager.ListenerWD -- Exception:NoAlertPresentException
20:39:45.314 INFO  manager.ListenerWD -- **************************************
20:39:45.314 INFO  manager.ListenerWD -- Message:no such alert
  (Session info: chrome=148.0.7778.181)
Build info: version: '4.26.0', revision: '8ccf0219d7'
System info: os.name: 'Windows 11', os.arch: 'amd64', os.version: '10.0', java.version: '17.0.12'
Driver info: org.openqa.selenium.chrome.ChromeDriver
Command: [a7b66728dc1ef4739a74e24c410c154f, getAlertText {}]
Capabilities {acceptInsecureCerts: false, browserName: chrome, browserVersion: 148.0.7778.181, chrome: {chromedriverVersion: 148.0.7778.167 (65db666ac2c..., userDataDir: C:\Users\Mariya\AppData\Loc...}, fedcm:accounts: true, goog:chromeOptions: {debuggerAddress: localhost:50387}, goog:processID: 151772, networkConnectionEnabled: false, pageLoadStrategy: normal, platformName: windows, proxy: Proxy(), se:cdp: ws://localhost:50387/devtoo..., se:cdpVersion: 148.0.7778.181, setWindowRect: true, strictFileInteractability: false, timeouts: {implicit: 0, pageLoad: 300000, script: 30000}, unhandledPromptBehavior: dismiss and notify, webauthn:extension:credBlob: true, webauthn:extension:largeBlob: true, webauthn:extension:minPinLength: true, webauthn:extension:prf: true, webauthn:virtualAuthenticators: true}
Session ID: a7b66728dc1ef4739a74e24c410c154f
20:39:45.314 INFO  manager.ListenerWD -- **************************************
20:39:45.314 INFO  manager.ListenerWD -- Screen with error is-->src/test/screenchots/screen_1331.png
20:39:47.851 INFO  tests.TestBase -- Assert check is alert present with error text 'Wrong email or password format'
20:39:47.852 INFO  manager.TestNGListener -- Success test --> RegistrationWrongEmail
20:39:47.853 INFO  tests.TestBase -- ===============================================
20:39:47.855 INFO  tests.TestBase -- Name of method (test) ---> RegistrationWrongPassword
20:39:52.905 INFO  manager.TestNGListener -- Start test --> null
20:39:52.905 INFO  tests.TestBase -- Test data ---> email: 'art11@art.com' & password: '$Art1'
20:39:52.905 INFO  manager.ListenerWD -- Before find element-->By.cssSelector: a[href='/login']
20:39:52.922 INFO  manager.ListenerWD -- After find element-->By.cssSelector: a[href='/login']
20:39:52.930 INFO  manager.ListenerWD -- Location of element-->a
20:39:52.953 INFO  manager.ListenerWD -- Before click element-->atext-->LOGIN
20:39:53.063 INFO  manager.ListenerWD -- After click element-->a
20:39:53.063 INFO  manager.ListenerWD -- Before find element-->By.name: email
20:39:53.085 INFO  manager.ListenerWD -- After find element-->By.name: email
20:39:53.094 INFO  manager.ListenerWD -- Location of element-->input
20:39:53.116 INFO  manager.ListenerWD -- Before click element-->inputtext-->
20:39:53.229 INFO  manager.ListenerWD -- After click element-->input
20:39:53.293 INFO  manager.ListenerWD -- SendKeys-->
20:39:53.302 INFO  manager.ListenerWD -- SendKeys_TagName-->input
20:39:53.404 INFO  manager.ListenerWD -- SendKeys-->
20:39:53.413 INFO  manager.ListenerWD -- SendKeys_TagName-->input
20:39:53.467 INFO  manager.ListenerWD -- SendKeys-->
20:39:53.477 INFO  manager.ListenerWD -- SendKeys_TagName-->input
20:39:53.552 INFO  manager.ListenerWD -- Before find element-->By.xpath: //input[@placeholder='Password']
20:39:53.570 INFO  manager.ListenerWD -- After find element-->By.xpath: //input[@placeholder='Password']
20:39:53.579 INFO  manager.ListenerWD -- Location of element-->input
20:39:53.602 INFO  manager.ListenerWD -- Before click element-->inputtext-->
20:39:53.705 INFO  manager.ListenerWD -- After click element-->input
20:39:53.775 INFO  manager.ListenerWD -- SendKeys-->
20:39:53.784 INFO  manager.ListenerWD -- SendKeys_TagName-->input
20:39:53.871 INFO  manager.ListenerWD -- SendKeys-->
20:39:53.879 INFO  manager.ListenerWD -- SendKeys_TagName-->input
20:39:53.943 INFO  manager.ListenerWD -- SendKeys-->
20:39:53.952 INFO  manager.ListenerWD -- SendKeys_TagName-->input
20:39:53.999 INFO  manager.ListenerWD -- Before find element-->By.xpath: //button[text()='Registration']
20:39:54.059 INFO  manager.ListenerWD -- After find element-->By.xpath: //button[text()='Registration']
20:39:54.069 INFO  manager.ListenerWD -- Location of element-->button
20:39:54.090 INFO  manager.ListenerWD -- Before click element-->buttontext-->Registration
20:39:54.205 INFO  manager.ListenerWD -- Huston, we have a problem
20:39:54.206 INFO  manager.ListenerWD -- Failed method:alert
20:39:54.206 INFO  manager.ListenerWD -- **************************************
20:39:54.206 INFO  manager.ListenerWD -- Arguments:null
20:39:54.206 INFO  manager.ListenerWD -- **************************************
20:39:54.206 INFO  manager.ListenerWD -- Exception:NoAlertPresentException
20:39:54.206 INFO  manager.ListenerWD -- **************************************
20:39:54.206 INFO  manager.ListenerWD -- Message:no such alert
  (Session info: chrome=148.0.7778.181)
Build info: version: '4.26.0', revision: '8ccf0219d7'
System info: os.name: 'Windows 11', os.arch: 'amd64', os.version: '10.0', java.version: '17.0.12'
Driver info: org.openqa.selenium.chrome.ChromeDriver
Command: [a7b66728dc1ef4739a74e24c410c154f, getAlertText {}]
Capabilities {acceptInsecureCerts: false, browserName: chrome, browserVersion: 148.0.7778.181, chrome: {chromedriverVersion: 148.0.7778.167 (65db666ac2c..., userDataDir: C:\Users\Mariya\AppData\Loc...}, fedcm:accounts: true, goog:chromeOptions: {debuggerAddress: localhost:50387}, goog:processID: 151772, networkConnectionEnabled: false, pageLoadStrategy: normal, platformName: windows, proxy: Proxy(), se:cdp: ws://localhost:50387/devtoo..., se:cdpVersion: 148.0.7778.181, setWindowRect: true, strictFileInteractability: false, timeouts: {implicit: 0, pageLoad: 300000, script: 30000}, unhandledPromptBehavior: dismiss and notify, webauthn:extension:credBlob: true, webauthn:extension:largeBlob: true, webauthn:extension:minPinLength: true, webauthn:extension:prf: true, webauthn:virtualAuthenticators: true}
Session ID: a7b66728dc1ef4739a74e24c410c154f
20:39:54.206 INFO  manager.ListenerWD -- **************************************
20:39:54.206 INFO  manager.ListenerWD -- Screen with error is-->src/test/screenchots/screen_1998.png
20:39:56.761 INFO  tests.TestBase -- Assert check is alert present with error text 'Wrong email or password format'
20:39:56.762 INFO  manager.TestNGListener -- Success test --> RegistrationWrongPassword
20:39:56.763 INFO  tests.TestBase -- ===============================================
20:39:56.764 INFO  tests.TestBase -- Name of method (test) ---> registrationSuccess
20:40:01.782 INFO  manager.TestNGListener -- Start test --> null
20:40:01.783 INFO  tests.TestBase -- Test data ---> email: 'art2401@art.com' & password: '$Art1$2$3456789'
20:40:01.783 INFO  manager.ListenerWD -- Before find element-->By.cssSelector: a[href='/login']
20:40:01.803 INFO  manager.ListenerWD -- After find element-->By.cssSelector: a[href='/login']
20:40:01.812 INFO  manager.ListenerWD -- Location of element-->a
20:40:01.835 INFO  manager.ListenerWD -- Before click element-->atext-->LOGIN
20:40:01.959 INFO  manager.ListenerWD -- After click element-->a
20:40:01.959 INFO  manager.ListenerWD -- Before find element-->By.name: email
20:40:01.979 INFO  manager.ListenerWD -- After find element-->By.name: email
20:40:01.987 INFO  manager.ListenerWD -- Location of element-->input
20:40:02.009 INFO  manager.ListenerWD -- Before click element-->inputtext-->
20:40:02.124 INFO  manager.ListenerWD -- After click element-->input
20:40:02.188 INFO  manager.ListenerWD -- SendKeys-->
20:40:02.199 INFO  manager.ListenerWD -- SendKeys_TagName-->input
20:40:02.297 INFO  manager.ListenerWD -- SendKeys-->
20:40:02.304 INFO  manager.ListenerWD -- SendKeys_TagName-->input
20:40:02.362 INFO  manager.ListenerWD -- SendKeys-->
20:40:02.370 INFO  manager.ListenerWD -- SendKeys_TagName-->input
20:40:02.433 INFO  manager.ListenerWD -- Before find element-->By.xpath: //input[@placeholder='Password']
20:40:02.450 INFO  manager.ListenerWD -- After find element-->By.xpath: //input[@placeholder='Password']
20:40:02.459 INFO  manager.ListenerWD -- Location of element-->input
20:40:02.486 INFO  manager.ListenerWD -- Before click element-->inputtext-->
20:40:02.613 INFO  manager.ListenerWD -- After click element-->input
20:40:02.672 INFO  manager.ListenerWD -- SendKeys-->
20:40:02.682 INFO  manager.ListenerWD -- SendKeys_TagName-->input
20:40:02.772 INFO  manager.ListenerWD -- SendKeys-->
20:40:02.784 INFO  manager.ListenerWD -- SendKeys_TagName-->input
20:40:02.835 INFO  manager.ListenerWD -- SendKeys-->
20:40:02.843 INFO  manager.ListenerWD -- SendKeys_TagName-->input
20:40:02.909 INFO  manager.ListenerWD -- Before find element-->By.xpath: //button[text()='Registration']
20:40:02.928 INFO  manager.ListenerWD -- After find element-->By.xpath: //button[text()='Registration']
20:40:02.936 INFO  manager.ListenerWD -- Location of element-->button
20:40:02.959 INFO  manager.ListenerWD -- Before click element-->buttontext-->Registration
20:40:03.539 INFO  manager.ListenerWD -- Before find element-->By.cssSelector: .contact-page_message__2qafk>h1
20:40:03.763 INFO  manager.ListenerWD -- After find element-->By.cssSelector: .contact-page_message__2qafk>h1
20:40:03.773 INFO  manager.ListenerWD -- Location of element-->h1
20:40:03.801 INFO  tests.TestBase -- Assert check is element button 'Sign out' present
20:40:03.801 INFO  tests.TestBase -- Assert check is message present with text: 'No contacts here'
20:40:03.802 INFO  manager.TestNGListener -- Success test --> registrationSuccess
20:40:03.803 INFO  tests.TestBase -- ===============================================
20:40:03.804 INFO  tests.TestBase -- Name of method (test) ---> removeAllContacts
20:40:08.868 INFO  manager.ListenerWD -- Before find element-->By.cssSelector: a[href="/add"]
20:40:08.904 INFO  manager.ListenerWD -- After find element-->By.cssSelector: a[href="/add"]
20:40:08.912 INFO  manager.ListenerWD -- Location of element-->a
20:40:08.932 INFO  manager.ListenerWD -- Before click element-->atext-->ADD
20:40:09.063 INFO  manager.ListenerWD -- After click element-->a
20:40:09.063 INFO  manager.ListenerWD -- Before find element-->By.xpath: //input[@placeholder='Name']
20:40:09.087 INFO  manager.ListenerWD -- After find element-->By.xpath: //input[@placeholder='Name']
20:40:09.095 INFO  manager.ListenerWD -- Location of element-->input
20:40:09.119 INFO  manager.ListenerWD -- Before click element-->inputtext-->
20:40:09.241 INFO  manager.ListenerWD -- After click element-->input
20:40:09.300 INFO  manager.ListenerWD -- SendKeys-->
20:40:09.309 INFO  manager.ListenerWD -- SendKeys_TagName-->input
20:40:09.365 INFO  manager.ListenerWD -- SendKeys-->
20:40:09.374 INFO  manager.ListenerWD -- SendKeys_TagName-->input
20:40:09.434 INFO  manager.ListenerWD -- SendKeys-->
20:40:09.443 INFO  manager.ListenerWD -- SendKeys_TagName-->input
20:40:09.488 INFO  manager.ListenerWD -- Before find element-->By.xpath: //input[@placeholder='Last Name']
20:40:09.514 INFO  manager.ListenerWD -- After find element-->By.xpath: //input[@placeholder='Last Name']
20:40:09.526 INFO  manager.ListenerWD -- Location of element-->input
20:40:09.552 INFO  manager.ListenerWD -- Before click element-->inputtext-->
20:40:09.663 INFO  manager.ListenerWD -- After click element-->input
20:40:09.723 INFO  manager.ListenerWD -- SendKeys-->
20:40:09.731 INFO  manager.ListenerWD -- SendKeys_TagName-->input
20:40:09.791 INFO  manager.ListenerWD -- SendKeys-->
20:40:09.798 INFO  manager.ListenerWD -- SendKeys_TagName-->input
20:40:09.852 INFO  manager.ListenerWD -- SendKeys-->
20:40:09.859 INFO  manager.ListenerWD -- SendKeys_TagName-->input
20:40:09.908 INFO  manager.ListenerWD -- Before find element-->By.xpath: //input[@placeholder='Phone']
20:40:09.933 INFO  manager.ListenerWD -- After find element-->By.xpath: //input[@placeholder='Phone']
20:40:09.943 INFO  manager.ListenerWD -- Location of element-->input
20:40:09.969 INFO  manager.ListenerWD -- Before click element-->inputtext-->
20:40:10.069 INFO  manager.ListenerWD -- After click element-->input
20:40:10.121 INFO  manager.ListenerWD -- SendKeys-->
20:40:10.130 INFO  manager.ListenerWD -- SendKeys_TagName-->input
20:40:10.186 INFO  manager.ListenerWD -- SendKeys-->
20:40:10.193 INFO  manager.ListenerWD -- SendKeys_TagName-->input
20:40:10.255 INFO  manager.ListenerWD -- SendKeys-->
20:40:10.262 INFO  manager.ListenerWD -- SendKeys_TagName-->input
20:40:10.320 INFO  manager.ListenerWD -- Before find element-->By.xpath: //input[@placeholder='email']
20:40:10.346 INFO  manager.ListenerWD -- After find element-->By.xpath: //input[@placeholder='email']
20:40:10.353 INFO  manager.ListenerWD -- Location of element-->input
20:40:10.373 INFO  manager.ListenerWD -- Before click element-->inputtext-->
20:40:10.485 INFO  manager.ListenerWD -- After click element-->input
20:40:10.544 INFO  manager.ListenerWD -- SendKeys-->
20:40:10.553 INFO  manager.ListenerWD -- SendKeys_TagName-->input
20:40:10.609 INFO  manager.ListenerWD -- SendKeys-->
20:40:10.617 INFO  manager.ListenerWD -- SendKeys_TagName-->input
20:40:10.675 INFO  manager.ListenerWD -- SendKeys-->
20:40:10.683 INFO  manager.ListenerWD -- SendKeys_TagName-->input
20:40:10.747 INFO  manager.ListenerWD -- Before find element-->By.xpath: //input[@placeholder='Address']
20:40:10.770 INFO  manager.ListenerWD -- After find element-->By.xpath: //input[@placeholder='Address']
20:40:10.778 INFO  manager.ListenerWD -- Location of element-->input
20:40:10.800 INFO  manager.ListenerWD -- Before click element-->inputtext-->
20:40:10.898 INFO  manager.ListenerWD -- After click element-->input
20:40:10.953 INFO  manager.ListenerWD -- SendKeys-->
20:40:10.960 INFO  manager.ListenerWD -- SendKeys_TagName-->input
20:40:11.014 INFO  manager.ListenerWD -- SendKeys-->
20:40:11.022 INFO  manager.ListenerWD -- SendKeys_TagName-->input
20:40:11.077 INFO  manager.ListenerWD -- SendKeys-->
20:40:11.084 INFO  manager.ListenerWD -- SendKeys_TagName-->input
20:40:11.142 INFO  manager.ListenerWD -- Before find element-->By.xpath: //input[@placeholder='description']
20:40:11.166 INFO  manager.ListenerWD -- After find element-->By.xpath: //input[@placeholder='description']
20:40:11.174 INFO  manager.ListenerWD -- Location of element-->input
20:40:11.193 INFO  manager.ListenerWD -- Before click element-->inputtext-->
20:40:11.288 INFO  manager.ListenerWD -- After click element-->input
20:40:11.339 INFO  manager.ListenerWD -- SendKeys-->
20:40:11.349 INFO  manager.ListenerWD -- SendKeys_TagName-->input
20:40:11.402 INFO  manager.ListenerWD -- SendKeys-->
20:40:11.409 INFO  manager.ListenerWD -- SendKeys_TagName-->input
20:40:11.452 INFO  manager.ListenerWD -- Before find element-->By.cssSelector: .add_main__1tbl_ button
20:40:11.474 INFO  manager.ListenerWD -- After find element-->By.cssSelector: .add_main__1tbl_ button
20:40:11.484 INFO  manager.ListenerWD -- Location of element-->button
20:40:11.504 INFO  manager.ListenerWD -- Before click element-->buttontext-->Save
20:40:11.597 INFO  manager.ListenerWD -- After click element-->button
20:40:12.102 INFO  manager.ListenerWD -- Before find element-->By.cssSelector: a[href="/add"]
20:40:12.121 INFO  manager.ListenerWD -- After find element-->By.cssSelector: a[href="/add"]
20:40:12.129 INFO  manager.ListenerWD -- Location of element-->a
20:40:12.151 INFO  manager.ListenerWD -- Before click element-->atext-->ADD
20:40:12.268 INFO  manager.ListenerWD -- After click element-->a
20:40:12.268 INFO  manager.ListenerWD -- Before find element-->By.xpath: //input[@placeholder='Name']
20:40:12.287 INFO  manager.ListenerWD -- After find element-->By.xpath: //input[@placeholder='Name']
20:40:12.297 INFO  manager.ListenerWD -- Location of element-->input
20:40:12.317 INFO  manager.ListenerWD -- Before click element-->inputtext-->
20:40:12.427 INFO  manager.ListenerWD -- After click element-->input
20:40:12.489 INFO  manager.ListenerWD -- SendKeys-->
20:40:12.500 INFO  manager.ListenerWD -- SendKeys_TagName-->input
20:40:12.568 INFO  manager.ListenerWD -- SendKeys-->
20:40:12.577 INFO  manager.ListenerWD -- SendKeys_TagName-->input
20:40:12.641 INFO  manager.ListenerWD -- SendKeys-->
20:40:12.650 INFO  manager.ListenerWD -- SendKeys_TagName-->input
20:40:12.698 INFO  manager.ListenerWD -- Before find element-->By.xpath: //input[@placeholder='Last Name']
20:40:12.713 INFO  manager.ListenerWD -- After find element-->By.xpath: //input[@placeholder='Last Name']
20:40:12.723 INFO  manager.ListenerWD -- Location of element-->input
20:40:12.743 INFO  manager.ListenerWD -- Before click element-->inputtext-->
20:40:12.841 INFO  manager.ListenerWD -- After click element-->input
20:40:12.893 INFO  manager.ListenerWD -- SendKeys-->
20:40:12.901 INFO  manager.ListenerWD -- SendKeys_TagName-->input
20:40:12.953 INFO  manager.ListenerWD -- SendKeys-->
20:40:12.962 INFO  manager.ListenerWD -- SendKeys_TagName-->input
20:40:13.012 INFO  manager.ListenerWD -- SendKeys-->
20:40:13.019 INFO  manager.ListenerWD -- SendKeys_TagName-->input
20:40:13.062 INFO  manager.ListenerWD -- Before find element-->By.xpath: //input[@placeholder='Phone']
20:40:13.080 INFO  manager.ListenerWD -- After find element-->By.xpath: //input[@placeholder='Phone']
20:40:13.089 INFO  manager.ListenerWD -- Location of element-->input
20:40:13.108 INFO  manager.ListenerWD -- Before click element-->inputtext-->
20:40:13.204 INFO  manager.ListenerWD -- After click element-->input
20:40:13.253 INFO  manager.ListenerWD -- SendKeys-->
20:40:13.261 INFO  manager.ListenerWD -- SendKeys_TagName-->input
20:40:13.316 INFO  manager.ListenerWD -- SendKeys-->
20:40:13.322 INFO  manager.ListenerWD -- SendKeys_TagName-->input
20:40:13.377 INFO  manager.ListenerWD -- SendKeys-->
20:40:13.384 INFO  manager.ListenerWD -- SendKeys_TagName-->input
20:40:13.433 INFO  manager.ListenerWD -- Before find element-->By.xpath: //input[@placeholder='email']
20:40:13.450 INFO  manager.ListenerWD -- After find element-->By.xpath: //input[@placeholder='email']
20:40:13.458 INFO  manager.ListenerWD -- Location of element-->input
20:40:13.479 INFO  manager.ListenerWD -- Before click element-->inputtext-->
20:40:13.573 INFO  manager.ListenerWD -- After click element-->input
20:40:13.622 INFO  manager.ListenerWD -- SendKeys-->
20:40:13.629 INFO  manager.ListenerWD -- SendKeys_TagName-->input
20:40:13.682 INFO  manager.ListenerWD -- SendKeys-->
20:40:13.692 INFO  manager.ListenerWD -- SendKeys_TagName-->input
20:40:13.752 INFO  manager.ListenerWD -- SendKeys-->
20:40:13.760 INFO  manager.ListenerWD -- SendKeys_TagName-->input
20:40:13.820 INFO  manager.ListenerWD -- Before find element-->By.xpath: //input[@placeholder='Address']
20:40:13.841 INFO  manager.ListenerWD -- After find element-->By.xpath: //input[@placeholder='Address']
20:40:13.852 INFO  manager.ListenerWD -- Location of element-->input
20:40:13.874 INFO  manager.ListenerWD -- Before click element-->inputtext-->
20:40:13.976 INFO  manager.ListenerWD -- After click element-->input
20:40:14.028 INFO  manager.ListenerWD -- SendKeys-->
20:40:14.036 INFO  manager.ListenerWD -- SendKeys_TagName-->input
20:40:14.096 INFO  manager.ListenerWD -- SendKeys-->
20:40:14.104 INFO  manager.ListenerWD -- SendKeys_TagName-->input
20:40:14.160 INFO  manager.ListenerWD -- SendKeys-->
20:40:14.168 INFO  manager.ListenerWD -- SendKeys_TagName-->input
20:40:14.234 INFO  manager.ListenerWD -- Before find element-->By.xpath: //input[@placeholder='description']
20:40:14.256 INFO  manager.ListenerWD -- After find element-->By.xpath: //input[@placeholder='description']
20:40:14.265 INFO  manager.ListenerWD -- Location of element-->input
20:40:14.292 INFO  manager.ListenerWD -- Before click element-->inputtext-->
20:40:14.399 INFO  manager.ListenerWD -- After click element-->input
20:40:14.453 INFO  manager.ListenerWD -- SendKeys-->
20:40:14.460 INFO  manager.ListenerWD -- SendKeys_TagName-->input
20:40:14.519 INFO  manager.ListenerWD -- SendKeys-->
20:40:14.527 INFO  manager.ListenerWD -- SendKeys_TagName-->input
20:40:14.569 INFO  manager.ListenerWD -- Before find element-->By.cssSelector: .add_main__1tbl_ button
20:40:14.587 INFO  manager.ListenerWD -- After find element-->By.cssSelector: .add_main__1tbl_ button
20:40:14.598 INFO  manager.ListenerWD -- Location of element-->button
20:40:14.624 INFO  manager.ListenerWD -- Before click element-->buttontext-->Save
20:40:14.720 INFO  manager.ListenerWD -- After click element-->button
20:40:15.233 INFO  manager.ListenerWD -- Before find element-->By.cssSelector: a[href="/add"]
20:40:15.250 INFO  manager.ListenerWD -- After find element-->By.cssSelector: a[href="/add"]
20:40:15.258 INFO  manager.ListenerWD -- Location of element-->a
20:40:15.276 INFO  manager.ListenerWD -- Before click element-->atext-->ADD
20:40:15.381 INFO  manager.ListenerWD -- After click element-->a
20:40:15.381 INFO  manager.ListenerWD -- Before find element-->By.xpath: //input[@placeholder='Name']
20:40:15.397 INFO  manager.ListenerWD -- After find element-->By.xpath: //input[@placeholder='Name']
20:40:15.406 INFO  manager.ListenerWD -- Location of element-->input
20:40:15.425 INFO  manager.ListenerWD -- Before click element-->inputtext-->
20:40:15.532 INFO  manager.ListenerWD -- After click element-->input
20:40:15.589 INFO  manager.ListenerWD -- SendKeys-->
20:40:15.598 INFO  manager.ListenerWD -- SendKeys_TagName-->input
20:40:15.652 INFO  manager.ListenerWD -- SendKeys-->
20:40:15.659 INFO  manager.ListenerWD -- SendKeys_TagName-->input
20:40:15.710 INFO  manager.ListenerWD -- SendKeys-->
20:40:15.718 INFO  manager.ListenerWD -- SendKeys_TagName-->input
20:40:15.760 INFO  manager.ListenerWD -- Before find element-->By.xpath: //input[@placeholder='Last Name']
20:40:15.774 INFO  manager.ListenerWD -- After find element-->By.xpath: //input[@placeholder='Last Name']
20:40:15.782 INFO  manager.ListenerWD -- Location of element-->input
20:40:15.802 INFO  manager.ListenerWD -- Before click element-->inputtext-->
20:40:15.889 INFO  manager.ListenerWD -- After click element-->input
20:40:15.942 INFO  manager.ListenerWD -- SendKeys-->
20:40:15.949 INFO  manager.ListenerWD -- SendKeys_TagName-->input
20:40:16.003 INFO  manager.ListenerWD -- SendKeys-->
20:40:16.011 INFO  manager.ListenerWD -- SendKeys_TagName-->input
20:40:16.071 INFO  manager.ListenerWD -- SendKeys-->
20:40:16.079 INFO  manager.ListenerWD -- SendKeys_TagName-->input
20:40:16.126 INFO  manager.ListenerWD -- Before find element-->By.xpath: //input[@placeholder='Phone']
20:40:16.145 INFO  manager.ListenerWD -- After find element-->By.xpath: //input[@placeholder='Phone']
20:40:16.155 INFO  manager.ListenerWD -- Location of element-->input
20:40:16.177 INFO  manager.ListenerWD -- Before click element-->inputtext-->
20:40:16.279 INFO  manager.ListenerWD -- After click element-->input
20:40:16.337 INFO  manager.ListenerWD -- SendKeys-->
20:40:16.349 INFO  manager.ListenerWD -- SendKeys_TagName-->input
20:40:16.405 INFO  manager.ListenerWD -- SendKeys-->
20:40:16.413 INFO  manager.ListenerWD -- SendKeys_TagName-->input
20:40:16.470 INFO  manager.ListenerWD -- SendKeys-->
20:40:16.479 INFO  manager.ListenerWD -- SendKeys_TagName-->input
20:40:16.540 INFO  manager.ListenerWD -- Before find element-->By.xpath: //input[@placeholder='email']
20:40:16.557 INFO  manager.ListenerWD -- After find element-->By.xpath: //input[@placeholder='email']
20:40:16.568 INFO  manager.ListenerWD -- Location of element-->input
20:40:16.590 INFO  manager.ListenerWD -- Before click element-->inputtext-->
20:40:16.689 INFO  manager.ListenerWD -- After click element-->input
20:40:16.746 INFO  manager.ListenerWD -- SendKeys-->
20:40:16.754 INFO  manager.ListenerWD -- SendKeys_TagName-->input
20:40:16.806 INFO  manager.ListenerWD -- SendKeys-->
20:40:16.814 INFO  manager.ListenerWD -- SendKeys_TagName-->input
20:40:16.867 INFO  manager.ListenerWD -- SendKeys-->
20:40:16.875 INFO  manager.ListenerWD -- SendKeys_TagName-->input
20:40:16.942 INFO  manager.ListenerWD -- Before find element-->By.xpath: //input[@placeholder='Address']
20:40:16.960 INFO  manager.ListenerWD -- After find element-->By.xpath: //input[@placeholder='Address']
20:40:16.968 INFO  manager.ListenerWD -- Location of element-->input
20:40:16.989 INFO  manager.ListenerWD -- Before click element-->inputtext-->
20:40:17.090 INFO  manager.ListenerWD -- After click element-->input
20:40:17.137 INFO  manager.ListenerWD -- SendKeys-->
20:40:17.145 INFO  manager.ListenerWD -- SendKeys_TagName-->input
20:40:17.199 INFO  manager.ListenerWD -- SendKeys-->
20:40:17.206 INFO  manager.ListenerWD -- SendKeys_TagName-->input
20:40:17.256 INFO  manager.ListenerWD -- SendKeys-->
20:40:17.264 INFO  manager.ListenerWD -- SendKeys_TagName-->input
20:40:17.327 INFO  manager.ListenerWD -- Before find element-->By.xpath: //input[@placeholder='description']
20:40:17.344 INFO  manager.ListenerWD -- After find element-->By.xpath: //input[@placeholder='description']
20:40:17.351 INFO  manager.ListenerWD -- Location of element-->input
20:40:17.370 INFO  manager.ListenerWD -- Before click element-->inputtext-->
20:40:17.472 INFO  manager.ListenerWD -- After click element-->input
20:40:17.528 INFO  manager.ListenerWD -- SendKeys-->
20:40:17.536 INFO  manager.ListenerWD -- SendKeys_TagName-->input
20:40:17.587 INFO  manager.ListenerWD -- SendKeys-->
20:40:17.594 INFO  manager.ListenerWD -- SendKeys_TagName-->input
20:40:17.635 INFO  manager.ListenerWD -- Before find element-->By.cssSelector: .add_main__1tbl_ button
20:40:17.653 INFO  manager.ListenerWD -- After find element-->By.cssSelector: .add_main__1tbl_ button
20:40:17.661 INFO  manager.ListenerWD -- Location of element-->button
20:40:17.684 INFO  manager.ListenerWD -- Before click element-->buttontext-->Save
20:40:17.775 INFO  manager.ListenerWD -- After click element-->button
20:40:18.278 INFO  manager.TestNGListener -- Start test --> null
20:40:18.340 INFO  manager.HelperBase -- Number of Contacts before remove is -->3
20:40:18.340 INFO  manager.ListenerWD -- Before find element-->By.cssSelector: .contact-item_card__2SOIM
20:40:18.365 INFO  manager.ListenerWD -- After find element-->By.cssSelector: .contact-item_card__2SOIM
20:40:18.373 INFO  manager.ListenerWD -- Location of element-->div
20:40:18.394 INFO  manager.ListenerWD -- Before click element-->divtext-->Harry
05475671774
20:40:18.519 INFO  manager.ListenerWD -- After click element-->div
20:40:18.520 INFO  manager.ListenerWD -- Before find element-->By.xpath: //button[text()='Remove']
20:40:18.552 INFO  manager.ListenerWD -- After find element-->By.xpath: //button[text()='Remove']
20:40:18.561 INFO  manager.ListenerWD -- Location of element-->button
20:40:18.584 INFO  manager.ListenerWD -- Before click element-->buttontext-->Remove
20:40:18.689 INFO  manager.ListenerWD -- After click element-->button
20:40:19.724 INFO  manager.HelperBase -- Number of Contacts after remove is -->2
20:40:19.768 INFO  manager.HelperBase -- Number of Contacts before remove is -->2
20:40:19.769 INFO  manager.ListenerWD -- Before find element-->By.cssSelector: .contact-item_card__2SOIM
20:40:19.784 INFO  manager.ListenerWD -- After find element-->By.cssSelector: .contact-item_card__2SOIM
20:40:19.790 INFO  manager.ListenerWD -- Location of element-->div
20:40:19.815 INFO  manager.ListenerWD -- Before click element-->divtext-->Harry
05475671771
20:40:19.919 INFO  manager.ListenerWD -- After click element-->div
20:40:19.920 INFO  manager.ListenerWD -- Before find element-->By.xpath: //button[text()='Remove']
20:40:19.938 INFO  manager.ListenerWD -- After find element-->By.xpath: //button[text()='Remove']
20:40:19.946 INFO  manager.ListenerWD -- Location of element-->button
20:40:19.966 INFO  manager.ListenerWD -- Before click element-->buttontext-->Remove
20:40:20.050 INFO  manager.ListenerWD -- After click element-->button
20:40:21.079 INFO  manager.HelperBase -- Number of Contacts after remove is -->1
20:40:21.109 INFO  manager.HelperBase -- Number of Contacts before remove is -->1
20:40:21.110 INFO  manager.ListenerWD -- Before find element-->By.cssSelector: .contact-item_card__2SOIM
20:40:21.126 INFO  manager.ListenerWD -- After find element-->By.cssSelector: .contact-item_card__2SOIM
20:40:21.133 INFO  manager.ListenerWD -- Location of element-->div
20:40:21.153 INFO  manager.ListenerWD -- Before click element-->divtext-->Harry
05475671675
20:40:21.256 INFO  manager.ListenerWD -- After click element-->div
20:40:21.256 INFO  manager.ListenerWD -- Before find element-->By.xpath: //button[text()='Remove']
20:40:21.272 INFO  manager.ListenerWD -- After find element-->By.xpath: //button[text()='Remove']
20:40:21.282 INFO  manager.ListenerWD -- Location of element-->button
20:40:21.303 INFO  manager.ListenerWD -- Before click element-->buttontext-->Remove
20:40:21.392 INFO  manager.ListenerWD -- After click element-->button
20:40:27.446 INFO  manager.HelperBase -- Number of Contacts after remove is -->0
20:40:32.498 INFO  manager.ListenerWD -- Before find element-->By.cssSelector: .contact-page_message__2qafk>h1
20:40:32.523 INFO  manager.ListenerWD -- After find element-->By.cssSelector: .contact-page_message__2qafk>h1
20:40:32.533 INFO  manager.ListenerWD -- Location of element-->h1
20:40:32.547 INFO  manager.TestNGListener -- Success test --> removeAllContacts
20:40:32.548 INFO  tests.TestBase -- ===============================================
20:40:32.549 INFO  tests.TestBase -- Name of method (test) ---> removeFirstContact
20:40:37.595 INFO  manager.ListenerWD -- Before find element-->By.cssSelector: a[href="/add"]
20:40:37.611 INFO  manager.ListenerWD -- After find element-->By.cssSelector: a[href="/add"]
20:40:37.619 INFO  manager.ListenerWD -- Location of element-->a
20:40:37.639 INFO  manager.ListenerWD -- Before click element-->atext-->ADD
20:40:37.781 INFO  manager.ListenerWD -- After click element-->a
20:40:37.781 INFO  manager.ListenerWD -- Before find element-->By.xpath: //input[@placeholder='Name']
20:40:37.808 INFO  manager.ListenerWD -- After find element-->By.xpath: //input[@placeholder='Name']
20:40:37.822 INFO  manager.ListenerWD -- Location of element-->input
20:40:37.848 INFO  manager.ListenerWD -- Before click element-->inputtext-->
20:40:37.968 INFO  manager.ListenerWD -- After click element-->input
20:40:38.029 INFO  manager.ListenerWD -- SendKeys-->
20:40:38.039 INFO  manager.ListenerWD -- SendKeys_TagName-->input
20:40:38.101 INFO  manager.ListenerWD -- SendKeys-->
20:40:38.110 INFO  manager.ListenerWD -- SendKeys_TagName-->input
20:40:38.171 INFO  manager.ListenerWD -- SendKeys-->
20:40:38.180 INFO  manager.ListenerWD -- SendKeys_TagName-->input
20:40:38.231 INFO  manager.ListenerWD -- Before find element-->By.xpath: //input[@placeholder='Last Name']
20:40:38.249 INFO  manager.ListenerWD -- After find element-->By.xpath: //input[@placeholder='Last Name']
20:40:38.258 INFO  manager.ListenerWD -- Location of element-->input
20:40:38.280 INFO  manager.ListenerWD -- Before click element-->inputtext-->
20:40:38.383 INFO  manager.ListenerWD -- After click element-->input
20:40:38.438 INFO  manager.ListenerWD -- SendKeys-->
20:40:38.447 INFO  manager.ListenerWD -- SendKeys_TagName-->input
20:40:38.503 INFO  manager.ListenerWD -- SendKeys-->
20:40:38.511 INFO  manager.ListenerWD -- SendKeys_TagName-->input
20:40:38.569 INFO  manager.ListenerWD -- SendKeys-->
20:40:38.578 INFO  manager.ListenerWD -- SendKeys_TagName-->input
20:40:38.626 INFO  manager.ListenerWD -- Before find element-->By.xpath: //input[@placeholder='Phone']
20:40:38.646 INFO  manager.ListenerWD -- After find element-->By.xpath: //input[@placeholder='Phone']
20:40:38.656 INFO  manager.ListenerWD -- Location of element-->input
20:40:38.676 INFO  manager.ListenerWD -- Before click element-->inputtext-->
20:40:38.778 INFO  manager.ListenerWD -- After click element-->input
20:40:38.828 INFO  manager.ListenerWD -- SendKeys-->
20:40:38.836 INFO  manager.ListenerWD -- SendKeys_TagName-->input
20:40:38.893 INFO  manager.ListenerWD -- SendKeys-->
20:40:38.902 INFO  manager.ListenerWD -- SendKeys_TagName-->input
20:40:38.952 INFO  manager.ListenerWD -- SendKeys-->
20:40:38.960 INFO  manager.ListenerWD -- SendKeys_TagName-->input
20:40:39.019 INFO  manager.ListenerWD -- Before find element-->By.xpath: //input[@placeholder='email']
20:40:39.035 INFO  manager.ListenerWD -- After find element-->By.xpath: //input[@placeholder='email']
20:40:39.040 INFO  manager.ListenerWD -- Location of element-->input
20:40:39.060 INFO  manager.ListenerWD -- Before click element-->inputtext-->
20:40:39.148 INFO  manager.ListenerWD -- After click element-->input
20:40:39.199 INFO  manager.ListenerWD -- SendKeys-->
20:40:39.208 INFO  manager.ListenerWD -- SendKeys_TagName-->input
20:40:39.260 INFO  manager.ListenerWD -- SendKeys-->
20:40:39.268 INFO  manager.ListenerWD -- SendKeys_TagName-->input
20:40:39.320 INFO  manager.ListenerWD -- SendKeys-->
20:40:39.328 INFO  manager.ListenerWD -- SendKeys_TagName-->input
20:40:39.393 INFO  manager.ListenerWD -- Before find element-->By.xpath: //input[@placeholder='Address']
20:40:39.411 INFO  manager.ListenerWD -- After find element-->By.xpath: //input[@placeholder='Address']
20:40:39.419 INFO  manager.ListenerWD -- Location of element-->input
20:40:39.439 INFO  manager.ListenerWD -- Before click element-->inputtext-->
20:40:39.533 INFO  manager.ListenerWD -- After click element-->input
20:40:39.584 INFO  manager.ListenerWD -- SendKeys-->
20:40:39.592 INFO  manager.ListenerWD -- SendKeys_TagName-->input
20:40:39.647 INFO  manager.ListenerWD -- SendKeys-->
20:40:39.653 INFO  manager.ListenerWD -- SendKeys_TagName-->input
20:40:39.704 INFO  manager.ListenerWD -- SendKeys-->
20:40:39.711 INFO  manager.ListenerWD -- SendKeys_TagName-->input
20:40:39.766 INFO  manager.ListenerWD -- Before find element-->By.xpath: //input[@placeholder='description']
20:40:39.783 INFO  manager.ListenerWD -- After find element-->By.xpath: //input[@placeholder='description']
20:40:39.790 INFO  manager.ListenerWD -- Location of element-->input
20:40:39.812 INFO  manager.ListenerWD -- Before click element-->inputtext-->
20:40:39.922 INFO  manager.ListenerWD -- After click element-->input
20:40:39.974 INFO  manager.ListenerWD -- SendKeys-->
20:40:39.983 INFO  manager.ListenerWD -- SendKeys_TagName-->input
20:40:40.037 INFO  manager.ListenerWD -- SendKeys-->
20:40:40.047 INFO  manager.ListenerWD -- SendKeys_TagName-->input
20:40:40.090 INFO  manager.ListenerWD -- Before find element-->By.cssSelector: .add_main__1tbl_ button
20:40:40.109 INFO  manager.ListenerWD -- After find element-->By.cssSelector: .add_main__1tbl_ button
20:40:40.117 INFO  manager.ListenerWD -- Location of element-->button
20:40:40.138 INFO  manager.ListenerWD -- Before click element-->buttontext-->Save
20:40:40.229 INFO  manager.ListenerWD -- After click element-->button
20:40:40.742 INFO  manager.ListenerWD -- Before find element-->By.cssSelector: a[href="/add"]
20:40:40.758 INFO  manager.ListenerWD -- After find element-->By.cssSelector: a[href="/add"]
20:40:40.767 INFO  manager.ListenerWD -- Location of element-->a
20:40:40.788 INFO  manager.ListenerWD -- Before click element-->atext-->ADD
20:40:40.891 INFO  manager.ListenerWD -- After click element-->a
20:40:40.891 INFO  manager.ListenerWD -- Before find element-->By.xpath: //input[@placeholder='Name']
20:40:40.909 INFO  manager.ListenerWD -- After find element-->By.xpath: //input[@placeholder='Name']
20:40:40.917 INFO  manager.ListenerWD -- Location of element-->input
20:40:40.938 INFO  manager.ListenerWD -- Before click element-->inputtext-->
20:40:41.039 INFO  manager.ListenerWD -- After click element-->input
20:40:41.102 INFO  manager.ListenerWD -- SendKeys-->
20:40:41.111 INFO  manager.ListenerWD -- SendKeys_TagName-->input
20:40:41.172 INFO  manager.ListenerWD -- SendKeys-->
20:40:41.180 INFO  manager.ListenerWD -- SendKeys_TagName-->input
20:40:41.233 INFO  manager.ListenerWD -- SendKeys-->
20:40:41.243 INFO  manager.ListenerWD -- SendKeys_TagName-->input
20:40:41.288 INFO  manager.ListenerWD -- Before find element-->By.xpath: //input[@placeholder='Last Name']
20:40:41.308 INFO  manager.ListenerWD -- After find element-->By.xpath: //input[@placeholder='Last Name']
20:40:41.317 INFO  manager.ListenerWD -- Location of element-->input
20:40:41.339 INFO  manager.ListenerWD -- Before click element-->inputtext-->
20:40:41.433 INFO  manager.ListenerWD -- After click element-->input
20:40:41.483 INFO  manager.ListenerWD -- SendKeys-->
20:40:41.492 INFO  manager.ListenerWD -- SendKeys_TagName-->input
20:40:41.543 INFO  manager.ListenerWD -- SendKeys-->
20:40:41.552 INFO  manager.ListenerWD -- SendKeys_TagName-->input
20:40:41.600 INFO  manager.ListenerWD -- SendKeys-->
20:40:41.609 INFO  manager.ListenerWD -- SendKeys_TagName-->input
20:40:41.653 INFO  manager.ListenerWD -- Before find element-->By.xpath: //input[@placeholder='Phone']
20:40:41.668 INFO  manager.ListenerWD -- After find element-->By.xpath: //input[@placeholder='Phone']
20:40:41.676 INFO  manager.ListenerWD -- Location of element-->input
20:40:41.697 INFO  manager.ListenerWD -- Before click element-->inputtext-->
20:40:41.789 INFO  manager.ListenerWD -- After click element-->input
20:40:41.842 INFO  manager.ListenerWD -- SendKeys-->
20:40:41.850 INFO  manager.ListenerWD -- SendKeys_TagName-->input
20:40:41.903 INFO  manager.ListenerWD -- SendKeys-->
20:40:41.911 INFO  manager.ListenerWD -- SendKeys_TagName-->input
20:40:41.963 INFO  manager.ListenerWD -- SendKeys-->
20:40:41.970 INFO  manager.ListenerWD -- SendKeys_TagName-->input
20:40:42.022 INFO  manager.ListenerWD -- Before find element-->By.xpath: //input[@placeholder='email']
20:40:42.038 INFO  manager.ListenerWD -- After find element-->By.xpath: //input[@placeholder='email']
20:40:42.047 INFO  manager.ListenerWD -- Location of element-->input
20:40:42.067 INFO  manager.ListenerWD -- Before click element-->inputtext-->
20:40:42.163 INFO  manager.ListenerWD -- After click element-->input
20:40:42.214 INFO  manager.ListenerWD -- SendKeys-->
20:40:42.223 INFO  manager.ListenerWD -- SendKeys_TagName-->input
20:40:42.287 INFO  manager.ListenerWD -- SendKeys-->
20:40:42.295 INFO  manager.ListenerWD -- SendKeys_TagName-->input
20:40:42.349 INFO  manager.ListenerWD -- SendKeys-->
20:40:42.356 INFO  manager.ListenerWD -- SendKeys_TagName-->input
20:40:42.419 INFO  manager.ListenerWD -- Before find element-->By.xpath: //input[@placeholder='Address']
20:40:42.437 INFO  manager.ListenerWD -- After find element-->By.xpath: //input[@placeholder='Address']
20:40:42.446 INFO  manager.ListenerWD -- Location of element-->input
20:40:42.467 INFO  manager.ListenerWD -- Before click element-->inputtext-->
20:40:42.567 INFO  manager.ListenerWD -- After click element-->input
20:40:42.623 INFO  manager.ListenerWD -- SendKeys-->
20:40:42.631 INFO  manager.ListenerWD -- SendKeys_TagName-->input
20:40:42.683 INFO  manager.ListenerWD -- SendKeys-->
20:40:42.693 INFO  manager.ListenerWD -- SendKeys_TagName-->input
20:40:42.749 INFO  manager.ListenerWD -- SendKeys-->
20:40:42.756 INFO  manager.ListenerWD -- SendKeys_TagName-->input
20:40:42.822 INFO  manager.ListenerWD -- Before find element-->By.xpath: //input[@placeholder='description']
20:40:42.841 INFO  manager.ListenerWD -- After find element-->By.xpath: //input[@placeholder='description']
20:40:42.848 INFO  manager.ListenerWD -- Location of element-->input
20:40:42.867 INFO  manager.ListenerWD -- Before click element-->inputtext-->
20:40:42.955 INFO  manager.ListenerWD -- After click element-->input
20:40:43.003 INFO  manager.ListenerWD -- SendKeys-->
20:40:43.009 INFO  manager.ListenerWD -- SendKeys_TagName-->input
20:40:43.060 INFO  manager.ListenerWD -- SendKeys-->
20:40:43.067 INFO  manager.ListenerWD -- SendKeys_TagName-->input
20:40:43.105 INFO  manager.ListenerWD -- Before find element-->By.cssSelector: .add_main__1tbl_ button
20:40:43.120 INFO  manager.ListenerWD -- After find element-->By.cssSelector: .add_main__1tbl_ button
20:40:43.127 INFO  manager.ListenerWD -- Location of element-->button
20:40:43.148 INFO  manager.ListenerWD -- Before click element-->buttontext-->Save
20:40:43.228 INFO  manager.ListenerWD -- After click element-->button
20:40:43.743 INFO  manager.ListenerWD -- Before find element-->By.cssSelector: a[href="/add"]
20:40:43.759 INFO  manager.ListenerWD -- After find element-->By.cssSelector: a[href="/add"]
20:40:43.768 INFO  manager.ListenerWD -- Location of element-->a
20:40:43.789 INFO  manager.ListenerWD -- Before click element-->atext-->ADD
20:40:43.899 INFO  manager.ListenerWD -- After click element-->a
20:40:43.900 INFO  manager.ListenerWD -- Before find element-->By.xpath: //input[@placeholder='Name']
20:40:43.922 INFO  manager.ListenerWD -- After find element-->By.xpath: //input[@placeholder='Name']
20:40:43.932 INFO  manager.ListenerWD -- Location of element-->input
20:40:43.960 INFO  manager.ListenerWD -- Before click element-->inputtext-->
20:40:44.070 INFO  manager.ListenerWD -- After click element-->input
20:40:44.134 INFO  manager.ListenerWD -- SendKeys-->
20:40:44.143 INFO  manager.ListenerWD -- SendKeys_TagName-->input
20:40:44.204 INFO  manager.ListenerWD -- SendKeys-->
20:40:44.212 INFO  manager.ListenerWD -- SendKeys_TagName-->input
20:40:44.272 INFO  manager.ListenerWD -- SendKeys-->
20:40:44.279 INFO  manager.ListenerWD -- SendKeys_TagName-->input
20:40:44.324 INFO  manager.ListenerWD -- Before find element-->By.xpath: //input[@placeholder='Last Name']
20:40:44.342 INFO  manager.ListenerWD -- After find element-->By.xpath: //input[@placeholder='Last Name']
20:40:44.351 INFO  manager.ListenerWD -- Location of element-->input
20:40:44.370 INFO  manager.ListenerWD -- Before click element-->inputtext-->
20:40:44.468 INFO  manager.ListenerWD -- After click element-->input
20:40:44.522 INFO  manager.ListenerWD -- SendKeys-->
20:40:44.530 INFO  manager.ListenerWD -- SendKeys_TagName-->input
20:40:44.588 INFO  manager.ListenerWD -- SendKeys-->
20:40:44.596 INFO  manager.ListenerWD -- SendKeys_TagName-->input
20:40:44.656 INFO  manager.ListenerWD -- SendKeys-->
20:40:44.664 INFO  manager.ListenerWD -- SendKeys_TagName-->input
20:40:44.716 INFO  manager.ListenerWD -- Before find element-->By.xpath: //input[@placeholder='Phone']
20:40:44.733 INFO  manager.ListenerWD -- After find element-->By.xpath: //input[@placeholder='Phone']
20:40:44.741 INFO  manager.ListenerWD -- Location of element-->input
20:40:44.761 INFO  manager.ListenerWD -- Before click element-->inputtext-->
20:40:44.858 INFO  manager.ListenerWD -- After click element-->input
20:40:44.911 INFO  manager.ListenerWD -- SendKeys-->
20:40:44.920 INFO  manager.ListenerWD -- SendKeys_TagName-->input
20:40:44.974 INFO  manager.ListenerWD -- SendKeys-->
20:40:44.983 INFO  manager.ListenerWD -- SendKeys_TagName-->input
20:40:45.033 INFO  manager.ListenerWD -- SendKeys-->
20:40:45.040 INFO  manager.ListenerWD -- SendKeys_TagName-->input
20:40:45.093 INFO  manager.ListenerWD -- Before find element-->By.xpath: //input[@placeholder='email']
20:40:45.109 INFO  manager.ListenerWD -- After find element-->By.xpath: //input[@placeholder='email']
20:40:45.116 INFO  manager.ListenerWD -- Location of element-->input
20:40:45.136 INFO  manager.ListenerWD -- Before click element-->inputtext-->
20:40:45.227 INFO  manager.ListenerWD -- After click element-->input
20:40:45.278 INFO  manager.ListenerWD -- SendKeys-->
20:40:45.285 INFO  manager.ListenerWD -- SendKeys_TagName-->input
20:40:45.339 INFO  manager.ListenerWD -- SendKeys-->
20:40:45.346 INFO  manager.ListenerWD -- SendKeys_TagName-->input
20:40:45.401 INFO  manager.ListenerWD -- SendKeys-->
20:40:45.409 INFO  manager.ListenerWD -- SendKeys_TagName-->input
20:40:45.470 INFO  manager.ListenerWD -- Before find element-->By.xpath: //input[@placeholder='Address']
20:40:45.490 INFO  manager.ListenerWD -- After find element-->By.xpath: //input[@placeholder='Address']
20:40:45.498 INFO  manager.ListenerWD -- Location of element-->input
20:40:45.518 INFO  manager.ListenerWD -- Before click element-->inputtext-->
20:40:45.610 INFO  manager.ListenerWD -- After click element-->input
20:40:45.658 INFO  manager.ListenerWD -- SendKeys-->
20:40:45.666 INFO  manager.ListenerWD -- SendKeys_TagName-->input
20:40:45.719 INFO  manager.ListenerWD -- SendKeys-->
20:40:45.726 INFO  manager.ListenerWD -- SendKeys_TagName-->input
20:40:45.779 INFO  manager.ListenerWD -- SendKeys-->
20:40:45.788 INFO  manager.ListenerWD -- SendKeys_TagName-->input
20:40:45.847 INFO  manager.ListenerWD -- Before find element-->By.xpath: //input[@placeholder='description']
20:40:45.863 INFO  manager.ListenerWD -- After find element-->By.xpath: //input[@placeholder='description']
20:40:45.871 INFO  manager.ListenerWD -- Location of element-->input
20:40:45.890 INFO  manager.ListenerWD -- Before click element-->inputtext-->
20:40:45.990 INFO  manager.ListenerWD -- After click element-->input
20:40:46.047 INFO  manager.ListenerWD -- SendKeys-->
20:40:46.056 INFO  manager.ListenerWD -- SendKeys_TagName-->input
20:40:46.110 INFO  manager.ListenerWD -- SendKeys-->
20:40:46.119 INFO  manager.ListenerWD -- SendKeys_TagName-->input
20:40:46.161 INFO  manager.ListenerWD -- Before find element-->By.cssSelector: .add_main__1tbl_ button
20:40:46.178 INFO  manager.ListenerWD -- After find element-->By.cssSelector: .add_main__1tbl_ button
20:40:46.187 INFO  manager.ListenerWD -- Location of element-->button
20:40:46.208 INFO  manager.ListenerWD -- Before click element-->buttontext-->Save
20:40:46.305 INFO  manager.ListenerWD -- After click element-->button
20:40:46.820 INFO  manager.TestNGListener -- Start test --> null
20:40:46.845 INFO  manager.HelperBase -- Number of Contacts before remove is -->3
20:40:46.845 INFO  manager.ListenerWD -- Before find element-->By.cssSelector: .contact-item_card__2SOIM
20:40:46.861 INFO  manager.ListenerWD -- After find element-->By.cssSelector: .contact-item_card__2SOIM
20:40:46.869 INFO  manager.ListenerWD -- Location of element-->div
20:40:46.892 INFO  manager.ListenerWD -- Before click element-->divtext-->Harry
05475671938
20:40:46.993 INFO  manager.ListenerWD -- After click element-->div
20:40:46.993 INFO  manager.ListenerWD -- Before find element-->By.xpath: //button[text()='Remove']
20:40:47.010 INFO  manager.ListenerWD -- After find element-->By.xpath: //button[text()='Remove']
20:40:47.018 INFO  manager.ListenerWD -- Location of element-->button
20:40:47.037 INFO  manager.ListenerWD -- Before click element-->buttontext-->Remove
20:40:47.119 INFO  manager.ListenerWD -- After click element-->button
20:40:48.151 INFO  manager.HelperBase -- Number of Contacts after remove is -->2
20:40:48.152 INFO  manager.TestNGListener -- Success test --> removeFirstContact
20:40:48.152 INFO  tests.TestBase -- ===============================================
20:40:48.154 INFO  manager.TestNGListener -- Stop testing on date -->Mon Jun 01 20:40:48 IDT 2026
