19:47:52.980 INFO  manager.ApplicationManager -- All tests runs in Chrome Browser
19:47:55.088 INFO  manager.ApplicationManager -- The link --->https://telranedu.web.app/home
19:47:55.111 INFO  manager.TestNGListener -- Start testing on date -->Wed Jun 03 19:47:55 IDT 2026
19:48:00.157 INFO  manager.ListenerWD -- Before find element-->By.cssSelector: a[href='/login']
19:48:00.220 INFO  manager.ListenerWD -- After find element-->By.cssSelector: a[href='/login']
19:48:00.236 INFO  manager.ListenerWD -- Location of element-->a
19:48:00.268 INFO  manager.ListenerWD -- Before click element-->atext-->LOGIN
19:48:00.410 INFO  manager.ListenerWD -- After click element-->a
19:48:00.411 INFO  manager.ListenerWD -- Before find element-->By.name: email
19:48:00.458 INFO  manager.ListenerWD -- After find element-->By.name: email
19:48:00.474 INFO  manager.ListenerWD -- Location of element-->input
19:48:00.504 INFO  manager.ListenerWD -- Before click element-->inputtext-->
19:48:00.626 INFO  manager.ListenerWD -- After click element-->input
19:48:00.706 INFO  manager.ListenerWD -- SendKeys-->
19:48:00.719 INFO  manager.ListenerWD -- SendKeys_TagName-->input
19:48:00.794 INFO  manager.ListenerWD -- SendKeys-->
19:48:00.794 INFO  manager.ListenerWD -- SendKeys_TagName-->input
19:48:00.864 INFO  manager.ListenerWD -- SendKeys-->
19:48:00.869 INFO  manager.ListenerWD -- SendKeys_TagName-->input
19:48:00.943 INFO  manager.ListenerWD -- Before find element-->By.xpath: //input[@placeholder='Password']
19:48:00.992 INFO  manager.ListenerWD -- After find element-->By.xpath: //input[@placeholder='Password']
19:48:00.992 INFO  manager.ListenerWD -- Location of element-->input
19:48:01.024 INFO  manager.ListenerWD -- Before click element-->inputtext-->
19:48:01.129 INFO  manager.ListenerWD -- After click element-->input
19:48:01.181 INFO  manager.ListenerWD -- SendKeys-->
19:48:01.197 INFO  manager.ListenerWD -- SendKeys_TagName-->input
19:48:01.260 INFO  manager.ListenerWD -- SendKeys-->
19:48:01.260 INFO  manager.ListenerWD -- SendKeys_TagName-->input
19:48:01.335 INFO  manager.ListenerWD -- SendKeys-->
19:48:01.339 INFO  manager.ListenerWD -- SendKeys_TagName-->input
19:48:01.414 INFO  manager.ListenerWD -- Before find element-->By.xpath: //button[text()='Login']
19:48:01.471 INFO  manager.ListenerWD -- After find element-->By.xpath: //button[text()='Login']
19:48:01.471 INFO  manager.ListenerWD -- Location of element-->button
19:48:01.499 INFO  manager.ListenerWD -- Before click element-->buttontext-->Login
19:48:01.619 INFO  tests.TestBase -- Before method finished login
19:48:01.662 INFO  tests.TestBase -- Name of method (test) ---> addContactSuccessAllFieldsCSV
19:48:01.662 INFO  manager.TestNGListener -- Start test --> null
19:48:01.667 INFO  tests.TestBase -- Tests run with data: --->Contact(name=Harry, lastName=Potter, phone=056321478411, email=harry@gmail.com, address=Haifa, description=friend)
19:48:01.667 INFO  manager.ListenerWD -- Before find element-->By.cssSelector: a[href="/add"]
19:48:02.630 INFO  manager.ListenerWD -- After find element-->By.cssSelector: a[href="/add"]
19:48:02.635 INFO  manager.ListenerWD -- Location of element-->a
19:48:02.665 INFO  manager.ListenerWD -- Before click element-->atext-->ADD
19:48:02.781 INFO  manager.ListenerWD -- After click element-->a
19:48:02.782 INFO  manager.ListenerWD -- Before find element-->By.xpath: //input[@placeholder='Name']
19:48:02.818 INFO  manager.ListenerWD -- After find element-->By.xpath: //input[@placeholder='Name']
19:48:02.832 INFO  manager.ListenerWD -- Location of element-->input
19:48:02.865 INFO  manager.ListenerWD -- Before click element-->inputtext-->
19:48:02.991 INFO  manager.ListenerWD -- After click element-->input
19:48:03.035 INFO  manager.ListenerWD -- SendKeys-->
19:48:03.051 INFO  manager.ListenerWD -- SendKeys_TagName-->input
19:48:03.112 INFO  manager.ListenerWD -- SendKeys-->
19:48:03.121 INFO  manager.ListenerWD -- SendKeys_TagName-->input
19:48:03.179 INFO  manager.ListenerWD -- SendKeys-->
19:48:03.185 INFO  manager.ListenerWD -- SendKeys_TagName-->input
19:48:03.237 INFO  manager.ListenerWD -- Before find element-->By.xpath: //input[@placeholder='Last Name']
19:48:03.273 INFO  manager.ListenerWD -- After find element-->By.xpath: //input[@placeholder='Last Name']
19:48:03.284 INFO  manager.ListenerWD -- Location of element-->input
19:48:03.312 INFO  manager.ListenerWD -- Before click element-->inputtext-->
19:48:03.426 INFO  manager.ListenerWD -- After click element-->input
19:48:03.475 INFO  manager.ListenerWD -- SendKeys-->
19:48:03.491 INFO  manager.ListenerWD -- SendKeys_TagName-->input
19:48:03.550 INFO  manager.ListenerWD -- SendKeys-->
19:48:03.552 INFO  manager.ListenerWD -- SendKeys_TagName-->input
19:48:03.617 INFO  manager.ListenerWD -- SendKeys-->
19:48:03.618 INFO  manager.ListenerWD -- SendKeys_TagName-->input
19:48:03.676 INFO  manager.ListenerWD -- Before find element-->By.xpath: //input[@placeholder='Phone']
19:48:03.701 INFO  manager.ListenerWD -- After find element-->By.xpath: //input[@placeholder='Phone']
19:48:03.717 INFO  manager.ListenerWD -- Location of element-->input
19:48:03.743 INFO  manager.ListenerWD -- Before click element-->inputtext-->
19:48:03.844 INFO  manager.ListenerWD -- After click element-->input
19:48:03.906 INFO  manager.ListenerWD -- SendKeys-->
19:48:03.908 INFO  manager.ListenerWD -- SendKeys_TagName-->input
19:48:03.971 INFO  manager.ListenerWD -- SendKeys-->
19:48:03.977 INFO  manager.ListenerWD -- SendKeys_TagName-->input
19:48:04.036 INFO  manager.ListenerWD -- SendKeys-->
19:48:04.043 INFO  manager.ListenerWD -- SendKeys_TagName-->input
19:48:04.101 INFO  manager.ListenerWD -- Before find element-->By.xpath: //input[@placeholder='email']
19:48:04.134 INFO  manager.ListenerWD -- After find element-->By.xpath: //input[@placeholder='email']
19:48:04.134 INFO  manager.ListenerWD -- Location of element-->input
19:48:04.165 INFO  manager.ListenerWD -- Before click element-->inputtext-->
19:48:04.279 INFO  manager.ListenerWD -- After click element-->input
19:48:04.332 INFO  manager.ListenerWD -- SendKeys-->
19:48:04.343 INFO  manager.ListenerWD -- SendKeys_TagName-->input
19:48:04.409 INFO  manager.ListenerWD -- SendKeys-->
19:48:04.409 INFO  manager.ListenerWD -- SendKeys_TagName-->input
19:48:04.474 INFO  manager.ListenerWD -- SendKeys-->
19:48:04.476 INFO  manager.ListenerWD -- SendKeys_TagName-->input
19:48:04.551 INFO  manager.ListenerWD -- Before find element-->By.xpath: //input[@placeholder='Address']
19:48:04.583 INFO  manager.ListenerWD -- After find element-->By.xpath: //input[@placeholder='Address']
19:48:04.583 INFO  manager.ListenerWD -- Location of element-->input
19:48:04.615 INFO  manager.ListenerWD -- Before click element-->inputtext-->
19:48:04.719 INFO  manager.ListenerWD -- After click element-->input
19:48:04.757 INFO  manager.ListenerWD -- SendKeys-->
19:48:04.773 INFO  manager.ListenerWD -- SendKeys_TagName-->input
19:48:04.839 INFO  manager.ListenerWD -- SendKeys-->
19:48:04.844 INFO  manager.ListenerWD -- SendKeys_TagName-->input
19:48:04.903 INFO  manager.ListenerWD -- SendKeys-->
19:48:04.910 INFO  manager.ListenerWD -- SendKeys_TagName-->input
19:48:04.953 INFO  manager.ListenerWD -- Before find element-->By.xpath: //input[@placeholder='description']
19:48:04.984 INFO  manager.ListenerWD -- After find element-->By.xpath: //input[@placeholder='description']
19:48:05.005 INFO  manager.ListenerWD -- Location of element-->input
19:48:05.018 INFO  manager.ListenerWD -- Before click element-->inputtext-->
19:48:05.119 INFO  manager.ListenerWD -- After click element-->input
19:48:05.175 INFO  manager.ListenerWD -- SendKeys-->
19:48:05.175 INFO  manager.ListenerWD -- SendKeys_TagName-->input
19:48:05.241 INFO  manager.ListenerWD -- SendKeys-->
19:48:05.243 INFO  manager.ListenerWD -- SendKeys_TagName-->input
19:48:05.307 INFO  manager.ListenerWD -- SendKeys-->
19:48:05.310 INFO  manager.ListenerWD -- SendKeys_TagName-->input
19:48:05.368 INFO  manager.ListenerWD -- Before find element-->By.cssSelector: .add_main__1tbl_ button
19:48:05.401 INFO  manager.ListenerWD -- After find element-->By.cssSelector: .add_main__1tbl_ button
19:48:05.403 INFO  manager.ListenerWD -- Location of element-->button
19:48:05.432 INFO  manager.ListenerWD -- Before click element-->buttontext-->Save
19:48:05.528 INFO  manager.ListenerWD -- After click element-->button
19:48:06.230 INFO  manager.TestNGListener -- Success test --> addContactSuccessAllFieldsCSV
19:48:06.230 INFO  tests.TestBase -- ===============================================
19:48:06.232 INFO  tests.TestBase -- Name of method (test) ---> addContactSuccessAllFieldsCSV
19:48:06.232 INFO  manager.TestNGListener -- Start test --> null
19:48:06.234 INFO  tests.TestBase -- Tests run with data: --->Contact(name=John, lastName=Lev, phone=0512365410, email=john@lev.com, address=Tel Aviv, description=friend)
19:48:06.234 INFO  manager.ListenerWD -- Before find element-->By.cssSelector: a[href="/add"]
19:48:06.256 INFO  manager.ListenerWD -- After find element-->By.cssSelector: a[href="/add"]
19:48:06.259 INFO  manager.ListenerWD -- Location of element-->a
19:48:06.290 INFO  manager.ListenerWD -- Before click element-->atext-->ADD
19:48:06.401 INFO  manager.ListenerWD -- After click element-->a
19:48:06.401 INFO  manager.ListenerWD -- Before find element-->By.xpath: //input[@placeholder='Name']
19:48:06.429 INFO  manager.ListenerWD -- After find element-->By.xpath: //input[@placeholder='Name']
19:48:06.434 INFO  manager.ListenerWD -- Location of element-->input
19:48:06.468 INFO  manager.ListenerWD -- Before click element-->inputtext-->
19:48:06.587 INFO  manager.ListenerWD -- After click element-->input
19:48:06.650 INFO  manager.ListenerWD -- SendKeys-->
19:48:06.660 INFO  manager.ListenerWD -- SendKeys_TagName-->input
19:48:06.724 INFO  manager.ListenerWD -- SendKeys-->
19:48:06.735 INFO  manager.ListenerWD -- SendKeys_TagName-->input
19:48:06.795 INFO  manager.ListenerWD -- SendKeys-->
19:48:06.803 INFO  manager.ListenerWD -- SendKeys_TagName-->input
19:48:06.851 INFO  manager.ListenerWD -- Before find element-->By.xpath: //input[@placeholder='Last Name']
19:48:06.868 INFO  manager.ListenerWD -- After find element-->By.xpath: //input[@placeholder='Last Name']
19:48:06.883 INFO  manager.ListenerWD -- Location of element-->input
19:48:06.907 INFO  manager.ListenerWD -- Before click element-->inputtext-->
19:48:07.011 INFO  manager.ListenerWD -- After click element-->input
19:48:07.065 INFO  manager.ListenerWD -- SendKeys-->
19:48:07.065 INFO  manager.ListenerWD -- SendKeys_TagName-->input
19:48:07.131 INFO  manager.ListenerWD -- SendKeys-->
19:48:07.135 INFO  manager.ListenerWD -- SendKeys_TagName-->input
19:48:07.197 INFO  manager.ListenerWD -- SendKeys-->
19:48:07.201 INFO  manager.ListenerWD -- SendKeys_TagName-->input
19:48:07.253 INFO  manager.ListenerWD -- Before find element-->By.xpath: //input[@placeholder='Phone']
19:48:07.267 INFO  manager.ListenerWD -- After find element-->By.xpath: //input[@placeholder='Phone']
19:48:07.289 INFO  manager.ListenerWD -- Location of element-->input
19:48:07.315 INFO  manager.ListenerWD -- Before click element-->inputtext-->
19:48:07.413 INFO  manager.ListenerWD -- After click element-->input
19:48:07.458 INFO  manager.ListenerWD -- SendKeys-->
19:48:07.473 INFO  manager.ListenerWD -- SendKeys_TagName-->input
19:48:07.532 INFO  manager.ListenerWD -- SendKeys-->
19:48:07.535 INFO  manager.ListenerWD -- SendKeys_TagName-->input
19:48:07.599 INFO  manager.ListenerWD -- SendKeys-->
19:48:07.601 INFO  manager.ListenerWD -- SendKeys_TagName-->input
19:48:07.664 INFO  manager.ListenerWD -- Before find element-->By.xpath: //input[@placeholder='email']
19:48:07.684 INFO  manager.ListenerWD -- After find element-->By.xpath: //input[@placeholder='email']
19:48:07.698 INFO  manager.ListenerWD -- Location of element-->input
19:48:07.719 INFO  manager.ListenerWD -- Before click element-->inputtext-->
19:48:07.844 INFO  manager.ListenerWD -- After click element-->input
19:48:07.903 INFO  manager.ListenerWD -- SendKeys-->
19:48:07.915 INFO  manager.ListenerWD -- SendKeys_TagName-->input
19:48:08.003 INFO  manager.ListenerWD -- SendKeys-->
19:48:08.017 INFO  manager.ListenerWD -- SendKeys_TagName-->input
19:48:08.090 INFO  manager.ListenerWD -- SendKeys-->
19:48:08.101 INFO  manager.ListenerWD -- SendKeys_TagName-->input
19:48:08.190 INFO  manager.ListenerWD -- Before find element-->By.xpath: //input[@placeholder='Address']
19:48:08.221 INFO  manager.ListenerWD -- After find element-->By.xpath: //input[@placeholder='Address']
19:48:08.234 INFO  manager.ListenerWD -- Location of element-->input
19:48:08.264 INFO  manager.ListenerWD -- Before click element-->inputtext-->
19:48:08.372 INFO  manager.ListenerWD -- After click element-->input
19:48:08.428 INFO  manager.ListenerWD -- SendKeys-->
19:48:08.437 INFO  manager.ListenerWD -- SendKeys_TagName-->input
19:48:08.495 INFO  manager.ListenerWD -- SendKeys-->
19:48:08.504 INFO  manager.ListenerWD -- SendKeys_TagName-->input
19:48:08.551 INFO  manager.ListenerWD -- SendKeys-->
19:48:08.567 INFO  manager.ListenerWD -- SendKeys_TagName-->input
19:48:08.610 INFO  manager.ListenerWD -- Before find element-->By.xpath: //input[@placeholder='description']
19:48:08.638 INFO  manager.ListenerWD -- After find element-->By.xpath: //input[@placeholder='description']
19:48:08.643 INFO  manager.ListenerWD -- Location of element-->input
19:48:08.663 INFO  manager.ListenerWD -- Before click element-->inputtext-->
19:48:08.773 INFO  manager.ListenerWD -- After click element-->input
19:48:08.823 INFO  manager.ListenerWD -- SendKeys-->
19:48:08.839 INFO  manager.ListenerWD -- SendKeys_TagName-->input
19:48:08.903 INFO  manager.ListenerWD -- SendKeys-->
19:48:08.909 INFO  manager.ListenerWD -- SendKeys_TagName-->input
19:48:08.972 INFO  manager.ListenerWD -- SendKeys-->
19:48:08.976 INFO  manager.ListenerWD -- SendKeys_TagName-->input
19:48:09.027 INFO  manager.ListenerWD -- Before find element-->By.cssSelector: .add_main__1tbl_ button
19:48:09.051 INFO  manager.ListenerWD -- After find element-->By.cssSelector: .add_main__1tbl_ button
19:48:09.057 INFO  manager.ListenerWD -- Location of element-->button
19:48:09.083 INFO  manager.ListenerWD -- Before click element-->buttontext-->Save
19:48:09.172 INFO  manager.ListenerWD -- After click element-->button
19:48:09.776 INFO  manager.TestNGListener -- Success test --> addContactSuccessAllFieldsCSV
19:48:09.778 INFO  tests.TestBase -- ===============================================
19:48:09.780 INFO  tests.TestBase -- Name of method (test) ---> addContactSuccessAllFieldsCSV
19:48:09.780 INFO  manager.TestNGListener -- Start test --> null
19:48:09.780 INFO  tests.TestBase -- Tests run with data: --->Contact(name=Tonya, lastName=Fisher, phone=0512000147, email=tonya@mail.com, address=Almaty, description=ahot)
19:48:09.780 INFO  manager.ListenerWD -- Before find element-->By.cssSelector: a[href="/add"]
19:48:09.804 INFO  manager.ListenerWD -- After find element-->By.cssSelector: a[href="/add"]
19:48:09.814 INFO  manager.ListenerWD -- Location of element-->a
19:48:09.830 INFO  manager.ListenerWD -- Before click element-->atext-->ADD
19:48:09.938 INFO  manager.ListenerWD -- After click element-->a
19:48:09.938 INFO  manager.ListenerWD -- Before find element-->By.xpath: //input[@placeholder='Name']
19:48:09.951 INFO  manager.ListenerWD -- After find element-->By.xpath: //input[@placeholder='Name']
19:48:09.969 INFO  manager.ListenerWD -- Location of element-->input
19:48:09.991 INFO  manager.ListenerWD -- Before click element-->inputtext-->
19:48:10.095 INFO  manager.ListenerWD -- After click element-->input
19:48:10.159 INFO  manager.ListenerWD -- SendKeys-->
19:48:10.171 INFO  manager.ListenerWD -- SendKeys_TagName-->input
19:48:10.232 INFO  manager.ListenerWD -- SendKeys-->
19:48:10.235 INFO  manager.ListenerWD -- SendKeys_TagName-->input
19:48:10.294 INFO  manager.ListenerWD -- SendKeys-->
19:48:10.301 INFO  manager.ListenerWD -- SendKeys_TagName-->input
19:48:10.350 INFO  manager.ListenerWD -- Before find element-->By.xpath: //input[@placeholder='Last Name']
19:48:10.367 INFO  manager.ListenerWD -- After find element-->By.xpath: //input[@placeholder='Last Name']
19:48:10.367 INFO  manager.ListenerWD -- Location of element-->input
19:48:10.401 INFO  manager.ListenerWD -- Before click element-->inputtext-->
19:48:10.501 INFO  manager.ListenerWD -- After click element-->input
19:48:10.541 INFO  manager.ListenerWD -- SendKeys-->
19:48:10.557 INFO  manager.ListenerWD -- SendKeys_TagName-->input
19:48:10.617 INFO  manager.ListenerWD -- SendKeys-->
19:48:10.625 INFO  manager.ListenerWD -- SendKeys_TagName-->input
19:48:10.678 INFO  manager.ListenerWD -- SendKeys-->
19:48:10.684 INFO  manager.ListenerWD -- SendKeys_TagName-->input
19:48:10.734 INFO  manager.ListenerWD -- Before find element-->By.xpath: //input[@placeholder='Phone']
19:48:10.759 INFO  manager.ListenerWD -- After find element-->By.xpath: //input[@placeholder='Phone']
19:48:10.762 INFO  manager.ListenerWD -- Location of element-->input
19:48:10.791 INFO  manager.ListenerWD -- Before click element-->inputtext-->
19:48:10.888 INFO  manager.ListenerWD -- After click element-->input
19:48:10.933 INFO  manager.ListenerWD -- SendKeys-->
19:48:10.948 INFO  manager.ListenerWD -- SendKeys_TagName-->input
19:48:11.005 INFO  manager.ListenerWD -- SendKeys-->
19:48:11.010 INFO  manager.ListenerWD -- SendKeys_TagName-->input
19:48:11.068 INFO  manager.ListenerWD -- SendKeys-->
19:48:11.076 INFO  manager.ListenerWD -- SendKeys_TagName-->input
19:48:11.135 INFO  manager.ListenerWD -- Before find element-->By.xpath: //input[@placeholder='email']
19:48:11.157 INFO  manager.ListenerWD -- After find element-->By.xpath: //input[@placeholder='email']
19:48:11.159 INFO  manager.ListenerWD -- Location of element-->input
19:48:11.185 INFO  manager.ListenerWD -- Before click element-->inputtext-->
19:48:11.286 INFO  manager.ListenerWD -- After click element-->input
19:48:11.339 INFO  manager.ListenerWD -- SendKeys-->
19:48:11.339 INFO  manager.ListenerWD -- SendKeys_TagName-->input
19:48:11.403 INFO  manager.ListenerWD -- SendKeys-->
19:48:11.409 INFO  manager.ListenerWD -- SendKeys_TagName-->input
19:48:11.468 INFO  manager.ListenerWD -- SendKeys-->
19:48:11.476 INFO  manager.ListenerWD -- SendKeys_TagName-->input
19:48:11.536 INFO  manager.ListenerWD -- Before find element-->By.xpath: //input[@placeholder='Address']
19:48:11.550 INFO  manager.ListenerWD -- After find element-->By.xpath: //input[@placeholder='Address']
19:48:11.566 INFO  manager.ListenerWD -- Location of element-->input
19:48:11.581 INFO  manager.ListenerWD -- Before click element-->inputtext-->
19:48:11.689 INFO  manager.ListenerWD -- After click element-->input
19:48:11.732 INFO  manager.ListenerWD -- SendKeys-->
19:48:11.748 INFO  manager.ListenerWD -- SendKeys_TagName-->input
19:48:11.805 INFO  manager.ListenerWD -- SendKeys-->
19:48:11.809 INFO  manager.ListenerWD -- SendKeys_TagName-->input
19:48:11.867 INFO  manager.ListenerWD -- SendKeys-->
19:48:11.875 INFO  manager.ListenerWD -- SendKeys_TagName-->input
19:48:11.922 INFO  manager.ListenerWD -- Before find element-->By.xpath: //input[@placeholder='description']
19:48:11.942 INFO  manager.ListenerWD -- After find element-->By.xpath: //input[@placeholder='description']
19:48:11.942 INFO  manager.ListenerWD -- Location of element-->input
19:48:11.975 INFO  manager.ListenerWD -- Before click element-->inputtext-->
19:48:12.067 INFO  manager.ListenerWD -- After click element-->input
19:48:12.130 INFO  manager.ListenerWD -- SendKeys-->
19:48:12.140 INFO  manager.ListenerWD -- SendKeys_TagName-->input
19:48:12.199 INFO  manager.ListenerWD -- SendKeys-->
19:48:12.208 INFO  manager.ListenerWD -- SendKeys_TagName-->input
19:48:12.274 INFO  manager.ListenerWD -- SendKeys-->
19:48:12.275 INFO  manager.ListenerWD -- SendKeys_TagName-->input
19:48:12.326 INFO  manager.ListenerWD -- Before find element-->By.cssSelector: .add_main__1tbl_ button
19:48:12.352 INFO  manager.ListenerWD -- After find element-->By.cssSelector: .add_main__1tbl_ button
19:48:12.352 INFO  manager.ListenerWD -- Location of element-->button
19:48:12.388 INFO  manager.ListenerWD -- Before click element-->buttontext-->Save
19:48:12.476 INFO  manager.ListenerWD -- After click element-->button
19:48:13.081 INFO  manager.TestNGListener -- Success test --> addContactSuccessAllFieldsCSV
19:48:13.088 INFO  tests.TestBase -- ===============================================
19:48:13.090 INFO  tests.TestBase -- Name of method (test) ---> addNewContactFiledLastNameIsEmpty
19:48:13.092 INFO  manager.TestNGListener -- Start test --> null
19:48:13.092 INFO  tests.TestBase -- Test data ---> name: 'Tony001', last name: ' ', phone: '0541035974',tony@dvo.com', address: 'Dali av. 79/147', description: 'LastNameIsEmpty'
19:48:13.092 INFO  manager.ListenerWD -- Before find element-->By.cssSelector: a[href="/add"]
19:48:13.113 INFO  manager.ListenerWD -- After find element-->By.cssSelector: a[href="/add"]
19:48:13.113 INFO  manager.ListenerWD -- Location of element-->a
19:48:13.151 INFO  manager.ListenerWD -- Before click element-->atext-->ADD
19:48:13.280 INFO  manager.ListenerWD -- After click element-->a
19:48:13.280 INFO  manager.ListenerWD -- Before find element-->By.xpath: //input[@placeholder='Name']
19:48:13.305 INFO  manager.ListenerWD -- After find element-->By.xpath: //input[@placeholder='Name']
19:48:13.315 INFO  manager.ListenerWD -- Location of element-->input
19:48:13.339 INFO  manager.ListenerWD -- Before click element-->inputtext-->
19:48:13.471 INFO  manager.ListenerWD -- After click element-->input
19:48:13.529 INFO  manager.ListenerWD -- SendKeys-->
19:48:13.538 INFO  manager.ListenerWD -- SendKeys_TagName-->input
19:48:13.591 INFO  manager.ListenerWD -- SendKeys-->
19:48:13.600 INFO  manager.ListenerWD -- SendKeys_TagName-->input
19:48:13.655 INFO  manager.ListenerWD -- SendKeys-->
19:48:13.658 INFO  manager.ListenerWD -- SendKeys_TagName-->input
19:48:13.709 INFO  manager.ListenerWD -- Before find element-->By.xpath: //input[@placeholder='Last Name']
19:48:13.734 INFO  manager.ListenerWD -- After find element-->By.xpath: //input[@placeholder='Last Name']
19:48:13.742 INFO  manager.ListenerWD -- Location of element-->input
19:48:13.765 INFO  manager.ListenerWD -- Before click element-->inputtext-->
19:48:13.861 INFO  manager.ListenerWD -- After click element-->input
19:48:13.897 INFO  manager.ListenerWD -- SendKeys-->
19:48:13.913 INFO  manager.ListenerWD -- SendKeys_TagName-->input
19:48:13.972 INFO  manager.ListenerWD -- SendKeys-->
19:48:13.975 INFO  manager.ListenerWD -- SendKeys_TagName-->input
19:48:14.019 INFO  manager.ListenerWD -- Before find element-->By.xpath: //input[@placeholder='Phone']
19:48:14.042 INFO  manager.ListenerWD -- After find element-->By.xpath: //input[@placeholder='Phone']
19:48:14.042 INFO  manager.ListenerWD -- Location of element-->input
19:48:14.075 INFO  manager.ListenerWD -- Before click element-->inputtext-->
19:48:14.168 INFO  manager.ListenerWD -- After click element-->input
19:48:14.208 INFO  manager.ListenerWD -- SendKeys-->
19:48:14.224 INFO  manager.ListenerWD -- SendKeys_TagName-->input
19:48:14.289 INFO  manager.ListenerWD -- SendKeys-->
19:48:14.292 INFO  manager.ListenerWD -- SendKeys_TagName-->input
19:48:14.348 INFO  manager.ListenerWD -- SendKeys-->
19:48:14.356 INFO  manager.ListenerWD -- SendKeys_TagName-->input
19:48:14.410 INFO  manager.ListenerWD -- Before find element-->By.xpath: //input[@placeholder='email']
19:48:14.433 INFO  manager.ListenerWD -- After find element-->By.xpath: //input[@placeholder='email']
19:48:14.433 INFO  manager.ListenerWD -- Location of element-->input
19:48:14.467 INFO  manager.ListenerWD -- Before click element-->inputtext-->
19:48:14.564 INFO  manager.ListenerWD -- After click element-->input
19:48:14.612 INFO  manager.ListenerWD -- SendKeys-->
19:48:14.622 INFO  manager.ListenerWD -- SendKeys_TagName-->input
19:48:14.680 INFO  manager.ListenerWD -- SendKeys-->
19:48:14.683 INFO  manager.ListenerWD -- SendKeys_TagName-->input
19:48:14.744 INFO  manager.ListenerWD -- SendKeys-->
19:48:14.750 INFO  manager.ListenerWD -- SendKeys_TagName-->input
19:48:14.803 INFO  manager.ListenerWD -- Before find element-->By.xpath: //input[@placeholder='Address']
19:48:14.825 INFO  manager.ListenerWD -- After find element-->By.xpath: //input[@placeholder='Address']
19:48:14.825 INFO  manager.ListenerWD -- Location of element-->input
19:48:14.841 INFO  manager.ListenerWD -- Before click element-->inputtext-->
19:48:14.949 INFO  manager.ListenerWD -- After click element-->input
19:48:14.990 INFO  manager.ListenerWD -- SendKeys-->
19:48:15.006 INFO  manager.ListenerWD -- SendKeys_TagName-->input
19:48:15.064 INFO  manager.ListenerWD -- SendKeys-->
19:48:15.066 INFO  manager.ListenerWD -- SendKeys_TagName-->input
19:48:15.123 INFO  manager.ListenerWD -- SendKeys-->
19:48:15.130 INFO  manager.ListenerWD -- SendKeys_TagName-->input
19:48:15.187 INFO  manager.ListenerWD -- Before find element-->By.xpath: //input[@placeholder='description']
19:48:15.207 INFO  manager.ListenerWD -- After find element-->By.xpath: //input[@placeholder='description']
19:48:15.208 INFO  manager.ListenerWD -- Location of element-->input
19:48:15.224 INFO  manager.ListenerWD -- Before click element-->inputtext-->
19:48:15.327 INFO  manager.ListenerWD -- After click element-->input
19:48:15.365 INFO  manager.ListenerWD -- SendKeys-->
19:48:15.381 INFO  manager.ListenerWD -- SendKeys_TagName-->input
19:48:15.436 INFO  manager.ListenerWD -- SendKeys-->
19:48:15.442 INFO  manager.ListenerWD -- SendKeys_TagName-->input
19:48:15.498 INFO  manager.ListenerWD -- SendKeys-->
19:48:15.506 INFO  manager.ListenerWD -- SendKeys_TagName-->input
19:48:15.562 INFO  manager.ListenerWD -- Before find element-->By.cssSelector: .add_main__1tbl_ button
19:48:15.584 INFO  manager.ListenerWD -- After find element-->By.cssSelector: .add_main__1tbl_ button
19:48:15.584 INFO  manager.ListenerWD -- Location of element-->button
19:48:15.600 INFO  manager.ListenerWD -- Before click element-->buttontext-->Save
19:48:15.697 INFO  manager.ListenerWD -- After click element-->button
19:48:15.748 INFO  tests.TestBase -- Assert check is element button 'Save' no active'
19:48:15.748 INFO  tests.TestBase -- Assert check is add contact page still displayed
19:48:15.748 INFO  manager.TestNGListener -- Success test --> addNewContactFiledLastNameIsEmpty
19:48:15.748 INFO  tests.TestBase -- ===============================================
19:48:15.756 INFO  tests.TestBase -- Name of method (test) ---> addNewContactFiledNameIsEmpty
19:48:15.756 INFO  manager.TestNGListener -- Start test --> null
19:48:15.756 INFO  tests.TestBase -- Test data ---> name: ' ', last name: 'Dor', phone: '0541035974',tony@dvo.com', address: 'Dali av. 79/147', description: 'NameIsEmpty'
19:48:15.756 INFO  manager.ListenerWD -- Before find element-->By.cssSelector: a[href="/add"]
19:48:15.776 INFO  manager.ListenerWD -- After find element-->By.cssSelector: a[href="/add"]
19:48:15.776 INFO  manager.ListenerWD -- Location of element-->a
19:48:15.803 INFO  manager.ListenerWD -- Before click element-->atext-->ADD
19:48:15.907 INFO  manager.ListenerWD -- After click element-->a
19:48:15.908 INFO  manager.ListenerWD -- Before find element-->By.xpath: //input[@placeholder='Name']
19:48:15.923 INFO  manager.ListenerWD -- After find element-->By.xpath: //input[@placeholder='Name']
19:48:15.932 INFO  manager.ListenerWD -- Location of element-->input
19:48:15.948 INFO  manager.ListenerWD -- Before click element-->inputtext-->
19:48:16.088 INFO  manager.ListenerWD -- After click element-->input
19:48:16.152 INFO  manager.ListenerWD -- SendKeys-->
19:48:16.161 INFO  manager.ListenerWD -- SendKeys_TagName-->input
19:48:16.260 INFO  manager.ListenerWD -- SendKeys-->
19:48:16.267 INFO  manager.ListenerWD -- SendKeys_TagName-->input
19:48:16.311 INFO  manager.ListenerWD -- Before find element-->By.xpath: //input[@placeholder='Last Name']
19:48:16.333 INFO  manager.ListenerWD -- After find element-->By.xpath: //input[@placeholder='Last Name']
19:48:16.333 INFO  manager.ListenerWD -- Location of element-->input
19:48:16.369 INFO  manager.ListenerWD -- Before click element-->inputtext-->
19:48:16.475 INFO  manager.ListenerWD -- After click element-->input
19:48:16.526 INFO  manager.ListenerWD -- SendKeys-->
19:48:16.531 INFO  manager.ListenerWD -- SendKeys_TagName-->input
19:48:16.597 INFO  manager.ListenerWD -- SendKeys-->
19:48:16.605 INFO  manager.ListenerWD -- SendKeys_TagName-->input
19:48:16.658 INFO  manager.ListenerWD -- SendKeys-->
19:48:16.665 INFO  manager.ListenerWD -- SendKeys_TagName-->input
19:48:16.708 INFO  manager.ListenerWD -- Before find element-->By.xpath: //input[@placeholder='Phone']
19:48:16.724 INFO  manager.ListenerWD -- After find element-->By.xpath: //input[@placeholder='Phone']
19:48:16.724 INFO  manager.ListenerWD -- Location of element-->input
19:48:16.756 INFO  manager.ListenerWD -- Before click element-->inputtext-->
19:48:16.853 INFO  manager.ListenerWD -- After click element-->input
19:48:16.914 INFO  manager.ListenerWD -- SendKeys-->
19:48:16.916 INFO  manager.ListenerWD -- SendKeys_TagName-->input
19:48:17.013 INFO  manager.ListenerWD -- SendKeys-->
19:48:17.017 INFO  manager.ListenerWD -- SendKeys_TagName-->input
19:48:17.076 INFO  manager.ListenerWD -- SendKeys-->
19:48:17.083 INFO  manager.ListenerWD -- SendKeys_TagName-->input
19:48:17.134 INFO  manager.ListenerWD -- Before find element-->By.xpath: //input[@placeholder='email']
19:48:17.150 INFO  manager.ListenerWD -- After find element-->By.xpath: //input[@placeholder='email']
19:48:17.150 INFO  manager.ListenerWD -- Location of element-->input
19:48:17.181 INFO  manager.ListenerWD -- Before click element-->inputtext-->
19:48:17.279 INFO  manager.ListenerWD -- After click element-->input
19:48:17.341 INFO  manager.ListenerWD -- SendKeys-->
19:48:17.349 INFO  manager.ListenerWD -- SendKeys_TagName-->input
19:48:17.436 INFO  manager.ListenerWD -- SendKeys-->
19:48:17.441 INFO  manager.ListenerWD -- SendKeys_TagName-->input
19:48:17.497 INFO  manager.ListenerWD -- SendKeys-->
19:48:17.506 INFO  manager.ListenerWD -- SendKeys_TagName-->input
19:48:17.558 INFO  manager.ListenerWD -- Before find element-->By.xpath: //input[@placeholder='Address']
19:48:17.574 INFO  manager.ListenerWD -- After find element-->By.xpath: //input[@placeholder='Address']
19:48:17.574 INFO  manager.ListenerWD -- Location of element-->input
19:48:17.606 INFO  manager.ListenerWD -- Before click element-->inputtext-->
19:48:17.703 INFO  manager.ListenerWD -- After click element-->input
19:48:17.760 INFO  manager.ListenerWD -- SendKeys-->
19:48:17.768 INFO  manager.ListenerWD -- SendKeys_TagName-->input
19:48:17.852 INFO  manager.ListenerWD -- SendKeys-->
19:48:17.862 INFO  manager.ListenerWD -- SendKeys_TagName-->input
19:48:17.915 INFO  manager.ListenerWD -- SendKeys-->
19:48:17.925 INFO  manager.ListenerWD -- SendKeys_TagName-->input
19:48:17.994 INFO  manager.ListenerWD -- Before find element-->By.xpath: //input[@placeholder='description']
19:48:18.017 INFO  manager.ListenerWD -- After find element-->By.xpath: //input[@placeholder='description']
19:48:18.024 INFO  manager.ListenerWD -- Location of element-->input
19:48:18.040 INFO  manager.ListenerWD -- Before click element-->inputtext-->
19:48:18.151 INFO  manager.ListenerWD -- After click element-->input
19:48:18.215 INFO  manager.ListenerWD -- SendKeys-->
19:48:18.216 INFO  manager.ListenerWD -- SendKeys_TagName-->input
19:48:18.316 INFO  manager.ListenerWD -- SendKeys-->
19:48:18.316 INFO  manager.ListenerWD -- SendKeys_TagName-->input
19:48:18.374 INFO  manager.ListenerWD -- SendKeys-->
19:48:18.382 INFO  manager.ListenerWD -- SendKeys_TagName-->input
19:48:18.434 INFO  manager.ListenerWD -- Before find element-->By.cssSelector: .add_main__1tbl_ button
19:48:18.456 INFO  manager.ListenerWD -- After find element-->By.cssSelector: .add_main__1tbl_ button
19:48:18.458 INFO  manager.ListenerWD -- Location of element-->button
19:48:18.474 INFO  manager.ListenerWD -- Before click element-->buttontext-->Save
19:48:18.571 INFO  manager.ListenerWD -- After click element-->button
19:48:18.615 INFO  tests.TestBase -- Assert check is element button 'Save' no active'
19:48:18.615 INFO  tests.TestBase -- Assert check is add contact page still displayed
19:48:18.615 INFO  manager.TestNGListener -- Success test --> addNewContactFiledNameIsEmpty
19:48:18.618 INFO  tests.TestBase -- ===============================================
19:48:18.620 INFO  tests.TestBase -- Name of method (test) ---> addNewContactSuccessAllFields
19:48:18.620 INFO  manager.TestNGListener -- Start test --> null
19:48:18.624 INFO  tests.TestBase -- Test data ---> name: 'Alex2898', last name: 'Levin', phone: '05475672898', email: 'alex2898@lev.com', address: 'Roboad av. 7/278', description: 'friend'
19:48:18.624 INFO  manager.ListenerWD -- Before find element-->By.cssSelector: a[href="/add"]
19:48:18.647 INFO  manager.ListenerWD -- After find element-->By.cssSelector: a[href="/add"]
19:48:18.647 INFO  manager.ListenerWD -- Location of element-->a
19:48:18.678 INFO  manager.ListenerWD -- Before click element-->atext-->ADD
19:48:18.774 INFO  manager.ListenerWD -- After click element-->a
19:48:18.775 INFO  manager.ListenerWD -- Before find element-->By.xpath: //input[@placeholder='Name']
19:48:18.791 INFO  manager.ListenerWD -- After find element-->By.xpath: //input[@placeholder='Name']
19:48:18.791 INFO  manager.ListenerWD -- Location of element-->input
19:48:18.823 INFO  manager.ListenerWD -- Before click element-->inputtext-->
19:48:18.923 INFO  manager.ListenerWD -- After click element-->input
19:48:18.981 INFO  manager.ListenerWD -- SendKeys-->
19:48:18.990 INFO  manager.ListenerWD -- SendKeys_TagName-->input
19:48:19.057 INFO  manager.ListenerWD -- SendKeys-->
19:48:19.070 INFO  manager.ListenerWD -- SendKeys_TagName-->input
19:48:19.136 INFO  manager.ListenerWD -- SendKeys-->
19:48:19.142 INFO  manager.ListenerWD -- SendKeys_TagName-->input
19:48:19.196 INFO  manager.ListenerWD -- Before find element-->By.xpath: //input[@placeholder='Last Name']
19:48:19.217 INFO  manager.ListenerWD -- After find element-->By.xpath: //input[@placeholder='Last Name']
19:48:19.217 INFO  manager.ListenerWD -- Location of element-->input
19:48:19.248 INFO  manager.ListenerWD -- Before click element-->inputtext-->
19:48:19.346 INFO  manager.ListenerWD -- After click element-->input
19:48:19.402 INFO  manager.ListenerWD -- SendKeys-->
19:48:19.408 INFO  manager.ListenerWD -- SendKeys_TagName-->input
19:48:19.514 INFO  manager.ListenerWD -- SendKeys-->
19:48:19.516 INFO  manager.ListenerWD -- SendKeys_TagName-->input
19:48:19.578 INFO  manager.ListenerWD -- SendKeys-->
19:48:19.586 INFO  manager.ListenerWD -- SendKeys_TagName-->input
19:48:19.636 INFO  manager.ListenerWD -- Before find element-->By.xpath: //input[@placeholder='Phone']
19:48:19.657 INFO  manager.ListenerWD -- After find element-->By.xpath: //input[@placeholder='Phone']
19:48:19.657 INFO  manager.ListenerWD -- Location of element-->input
19:48:19.689 INFO  manager.ListenerWD -- Before click element-->inputtext-->
19:48:19.788 INFO  manager.ListenerWD -- After click element-->input
19:48:19.846 INFO  manager.ListenerWD -- SendKeys-->
19:48:19.849 INFO  manager.ListenerWD -- SendKeys_TagName-->input
19:48:19.936 INFO  manager.ListenerWD -- SendKeys-->
19:48:19.941 INFO  manager.ListenerWD -- SendKeys_TagName-->input
19:48:19.999 INFO  manager.ListenerWD -- SendKeys-->
19:48:20.006 INFO  manager.ListenerWD -- SendKeys_TagName-->input
19:48:20.067 INFO  manager.ListenerWD -- Before find element-->By.xpath: //input[@placeholder='email']
19:48:20.090 INFO  manager.ListenerWD -- After find element-->By.xpath: //input[@placeholder='email']
19:48:20.099 INFO  manager.ListenerWD -- Location of element-->input
19:48:20.124 INFO  manager.ListenerWD -- Before click element-->inputtext-->
19:48:20.217 INFO  manager.ListenerWD -- After click element-->input
19:48:20.278 INFO  manager.ListenerWD -- SendKeys-->
19:48:20.282 INFO  manager.ListenerWD -- SendKeys_TagName-->input
19:48:20.371 INFO  manager.ListenerWD -- SendKeys-->
19:48:20.375 INFO  manager.ListenerWD -- SendKeys_TagName-->input
19:48:20.439 INFO  manager.ListenerWD -- SendKeys-->
19:48:20.446 INFO  manager.ListenerWD -- SendKeys_TagName-->input
19:48:20.503 INFO  manager.ListenerWD -- Before find element-->By.xpath: //input[@placeholder='Address']
19:48:20.525 INFO  manager.ListenerWD -- After find element-->By.xpath: //input[@placeholder='Address']
19:48:20.535 INFO  manager.ListenerWD -- Location of element-->input
19:48:20.556 INFO  manager.ListenerWD -- Before click element-->inputtext-->
19:48:20.653 INFO  manager.ListenerWD -- After click element-->input
19:48:20.710 INFO  manager.ListenerWD -- SendKeys-->
19:48:20.716 INFO  manager.ListenerWD -- SendKeys_TagName-->input
19:48:20.805 INFO  manager.ListenerWD -- SendKeys-->
19:48:20.814 INFO  manager.ListenerWD -- SendKeys_TagName-->input
19:48:20.867 INFO  manager.ListenerWD -- SendKeys-->
19:48:20.875 INFO  manager.ListenerWD -- SendKeys_TagName-->input
19:48:20.935 INFO  manager.ListenerWD -- Before find element-->By.xpath: //input[@placeholder='description']
19:48:20.958 INFO  manager.ListenerWD -- After find element-->By.xpath: //input[@placeholder='description']
19:48:20.958 INFO  manager.ListenerWD -- Location of element-->input
19:48:20.988 INFO  manager.ListenerWD -- Before click element-->inputtext-->
19:48:21.084 INFO  manager.ListenerWD -- After click element-->input
19:48:21.147 INFO  manager.ListenerWD -- SendKeys-->
19:48:21.150 INFO  manager.ListenerWD -- SendKeys_TagName-->input
19:48:21.251 INFO  manager.ListenerWD -- SendKeys-->
19:48:21.257 INFO  manager.ListenerWD -- SendKeys_TagName-->input
19:48:21.324 INFO  manager.ListenerWD -- SendKeys-->
19:48:21.332 INFO  manager.ListenerWD -- SendKeys_TagName-->input
19:48:21.977 INFO  manager.ListenerWD -- Before find element-->By.cssSelector: .add_main__1tbl_ button
19:48:21.997 INFO  manager.ListenerWD -- After find element-->By.cssSelector: .add_main__1tbl_ button
19:48:22.013 INFO  manager.ListenerWD -- Location of element-->button
19:48:22.044 INFO  manager.ListenerWD -- Before click element-->buttontext-->Save
19:48:22.141 INFO  manager.ListenerWD -- After click element-->button
19:48:22.905 INFO  tests.TestBase -- Assert check is contact added by name
19:48:23.263 INFO  tests.TestBase -- Assert check is contact added by phone
19:48:23.263 INFO  manager.TestNGListener -- Success test --> addNewContactSuccessAllFields
19:48:23.265 INFO  tests.TestBase -- ===============================================
19:48:23.266 INFO  tests.TestBase -- Name of method (test) ---> addNewContactSuccessAllFields
19:48:23.268 INFO  manager.TestNGListener -- Start test --> null
19:48:23.268 INFO  tests.TestBase -- Test data ---> name: 'Alex2903', last name: 'Levin', phone: '05475672903', email: 'alex2903@lev.com', address: 'Roboad av. 7/278', description: 'friend'
19:48:23.268 INFO  manager.ListenerWD -- Before find element-->By.cssSelector: a[href="/add"]
19:48:23.298 INFO  manager.ListenerWD -- After find element-->By.cssSelector: a[href="/add"]
19:48:23.312 INFO  manager.ListenerWD -- Location of element-->a
19:48:23.337 INFO  manager.ListenerWD -- Before click element-->atext-->ADD
19:48:23.460 INFO  manager.ListenerWD -- After click element-->a
19:48:23.461 INFO  manager.ListenerWD -- Before find element-->By.xpath: //input[@placeholder='Name']
19:48:23.488 INFO  manager.ListenerWD -- After find element-->By.xpath: //input[@placeholder='Name']
19:48:23.499 INFO  manager.ListenerWD -- Location of element-->input
19:48:23.527 INFO  manager.ListenerWD -- Before click element-->inputtext-->
19:48:23.663 INFO  manager.ListenerWD -- After click element-->input
19:48:23.729 INFO  manager.ListenerWD -- SendKeys-->
19:48:23.738 INFO  manager.ListenerWD -- SendKeys_TagName-->input
19:48:23.798 INFO  manager.ListenerWD -- SendKeys-->
19:48:23.808 INFO  manager.ListenerWD -- SendKeys_TagName-->input
19:48:23.875 INFO  manager.ListenerWD -- SendKeys-->
19:48:23.882 INFO  manager.ListenerWD -- SendKeys_TagName-->input
19:48:23.927 INFO  manager.ListenerWD -- Before find element-->By.xpath: //input[@placeholder='Last Name']
19:48:23.948 INFO  manager.ListenerWD -- After find element-->By.xpath: //input[@placeholder='Last Name']
19:48:23.956 INFO  manager.ListenerWD -- Location of element-->input
19:48:23.980 INFO  manager.ListenerWD -- Before click element-->inputtext-->
19:48:24.095 INFO  manager.ListenerWD -- After click element-->input
19:48:24.160 INFO  manager.ListenerWD -- SendKeys-->
19:48:24.167 INFO  manager.ListenerWD -- SendKeys_TagName-->input
19:48:24.241 INFO  manager.ListenerWD -- SendKeys-->
19:48:24.249 INFO  manager.ListenerWD -- SendKeys_TagName-->input
19:48:24.315 INFO  manager.ListenerWD -- SendKeys-->
19:48:24.321 INFO  manager.ListenerWD -- SendKeys_TagName-->input
19:48:24.385 INFO  manager.ListenerWD -- Before find element-->By.xpath: //input[@placeholder='Phone']
19:48:24.405 INFO  manager.ListenerWD -- After find element-->By.xpath: //input[@placeholder='Phone']
19:48:24.408 INFO  manager.ListenerWD -- Location of element-->input
19:48:24.431 INFO  manager.ListenerWD -- Before click element-->inputtext-->
19:48:24.538 INFO  manager.ListenerWD -- After click element-->input
19:48:24.597 INFO  manager.ListenerWD -- SendKeys-->
19:48:24.597 INFO  manager.ListenerWD -- SendKeys_TagName-->input
19:48:24.665 INFO  manager.ListenerWD -- SendKeys-->
19:48:24.674 INFO  manager.ListenerWD -- SendKeys_TagName-->input
19:48:24.725 INFO  manager.ListenerWD -- SendKeys-->
19:48:24.732 INFO  manager.ListenerWD -- SendKeys_TagName-->input
19:48:24.786 INFO  manager.ListenerWD -- Before find element-->By.xpath: //input[@placeholder='email']
19:48:24.807 INFO  manager.ListenerWD -- After find element-->By.xpath: //input[@placeholder='email']
19:48:24.807 INFO  manager.ListenerWD -- Location of element-->input
19:48:24.838 INFO  manager.ListenerWD -- Before click element-->inputtext-->
19:48:24.931 INFO  manager.ListenerWD -- After click element-->input
19:48:24.988 INFO  manager.ListenerWD -- SendKeys-->
19:48:24.988 INFO  manager.ListenerWD -- SendKeys_TagName-->input
19:48:25.062 INFO  manager.ListenerWD -- SendKeys-->
19:48:25.065 INFO  manager.ListenerWD -- SendKeys_TagName-->input
19:48:25.121 INFO  manager.ListenerWD -- SendKeys-->
19:48:25.130 INFO  manager.ListenerWD -- SendKeys_TagName-->input
19:48:25.183 INFO  manager.ListenerWD -- Before find element-->By.xpath: //input[@placeholder='Address']
19:48:25.198 INFO  manager.ListenerWD -- After find element-->By.xpath: //input[@placeholder='Address']
19:48:25.213 INFO  manager.ListenerWD -- Location of element-->input
19:48:25.229 INFO  manager.ListenerWD -- Before click element-->inputtext-->
19:48:25.341 INFO  manager.ListenerWD -- After click element-->input
19:48:25.397 INFO  manager.ListenerWD -- SendKeys-->
19:48:25.397 INFO  manager.ListenerWD -- SendKeys_TagName-->input
19:48:25.461 INFO  manager.ListenerWD -- SendKeys-->
19:48:25.465 INFO  manager.ListenerWD -- SendKeys_TagName-->input
19:48:25.523 INFO  manager.ListenerWD -- SendKeys-->
19:48:25.532 INFO  manager.ListenerWD -- SendKeys_TagName-->input
19:48:25.592 INFO  manager.ListenerWD -- Before find element-->By.xpath: //input[@placeholder='description']
19:48:25.606 INFO  manager.ListenerWD -- After find element-->By.xpath: //input[@placeholder='description']
19:48:25.622 INFO  manager.ListenerWD -- Location of element-->input
19:48:25.637 INFO  manager.ListenerWD -- Before click element-->inputtext-->
19:48:25.729 INFO  manager.ListenerWD -- After click element-->input
19:48:25.771 INFO  manager.ListenerWD -- SendKeys-->
19:48:25.771 INFO  manager.ListenerWD -- SendKeys_TagName-->input
19:48:25.844 INFO  manager.ListenerWD -- SendKeys-->
19:48:25.849 INFO  manager.ListenerWD -- SendKeys_TagName-->input
19:48:26.330 INFO  manager.ListenerWD -- Before find element-->By.cssSelector: .add_main__1tbl_ button
19:48:26.362 INFO  manager.ListenerWD -- After find element-->By.cssSelector: .add_main__1tbl_ button
19:48:26.373 INFO  manager.ListenerWD -- Location of element-->button
19:48:26.381 INFO  manager.ListenerWD -- Before click element-->buttontext-->Save
19:48:26.474 INFO  manager.ListenerWD -- After click element-->button
19:48:27.040 INFO  tests.TestBase -- Assert check is contact added by name
19:48:27.235 INFO  tests.TestBase -- Assert check is contact added by phone
19:48:27.235 INFO  manager.TestNGListener -- Success test --> addNewContactSuccessAllFields
19:48:27.235 INFO  tests.TestBase -- ===============================================
19:48:27.237 INFO  tests.TestBase -- Name of method (test) ---> addNewContactSuccessRequiredFields
19:48:27.237 INFO  manager.TestNGListener -- Start test --> null
19:48:27.239 INFO  tests.TestBase -- Test data ---> name: 'Tony2907', last name: 'Dvoretskiy', phone: '0547567 2907',email: 'tony2907@dvo.com', address: 'Dali av. 79/147', description: ' '
19:48:27.239 INFO  manager.ListenerWD -- Before find element-->By.cssSelector: a[href="/add"]
19:48:27.248 INFO  manager.ListenerWD -- After find element-->By.cssSelector: a[href="/add"]
19:48:27.262 INFO  manager.ListenerWD -- Location of element-->a
19:48:27.278 INFO  manager.ListenerWD -- Before click element-->atext-->ADD
19:48:27.386 INFO  manager.ListenerWD -- After click element-->a
19:48:27.386 INFO  manager.ListenerWD -- Before find element-->By.xpath: //input[@placeholder='Name']
19:48:27.399 INFO  manager.ListenerWD -- After find element-->By.xpath: //input[@placeholder='Name']
19:48:27.414 INFO  manager.ListenerWD -- Location of element-->input
19:48:27.440 INFO  manager.ListenerWD -- Before click element-->inputtext-->
19:48:27.561 INFO  manager.ListenerWD -- After click element-->input
19:48:27.621 INFO  manager.ListenerWD -- SendKeys-->
19:48:27.629 INFO  manager.ListenerWD -- SendKeys_TagName-->input
19:48:27.687 INFO  manager.ListenerWD -- SendKeys-->
19:48:27.696 INFO  manager.ListenerWD -- SendKeys_TagName-->input
19:48:27.751 INFO  manager.ListenerWD -- SendKeys-->
19:48:27.756 INFO  manager.ListenerWD -- SendKeys_TagName-->input
19:48:27.808 INFO  manager.ListenerWD -- Before find element-->By.xpath: //input[@placeholder='Last Name']
19:48:27.827 INFO  manager.ListenerWD -- After find element-->By.xpath: //input[@placeholder='Last Name']
19:48:27.832 INFO  manager.ListenerWD -- Location of element-->input
19:48:27.858 INFO  manager.ListenerWD -- Before click element-->inputtext-->
19:48:27.958 INFO  manager.ListenerWD -- After click element-->input
19:48:28.011 INFO  manager.ListenerWD -- SendKeys-->
19:48:28.011 INFO  manager.ListenerWD -- SendKeys_TagName-->input
19:48:28.079 INFO  manager.ListenerWD -- SendKeys-->
19:48:28.081 INFO  manager.ListenerWD -- SendKeys_TagName-->input
19:48:28.142 INFO  manager.ListenerWD -- SendKeys-->
19:48:28.148 INFO  manager.ListenerWD -- SendKeys_TagName-->input
19:48:28.203 INFO  manager.ListenerWD -- Before find element-->By.xpath: //input[@placeholder='Phone']
19:48:28.223 INFO  manager.ListenerWD -- After find element-->By.xpath: //input[@placeholder='Phone']
19:48:28.223 INFO  manager.ListenerWD -- Location of element-->input
19:48:28.262 INFO  manager.ListenerWD -- Before click element-->inputtext-->
19:48:28.360 INFO  manager.ListenerWD -- After click element-->input
19:48:28.405 INFO  manager.ListenerWD -- SendKeys-->
19:48:28.412 INFO  manager.ListenerWD -- SendKeys_TagName-->input
19:48:28.481 INFO  manager.ListenerWD -- SendKeys-->
19:48:28.489 INFO  manager.ListenerWD -- SendKeys_TagName-->input
19:48:28.542 INFO  manager.ListenerWD -- SendKeys-->
19:48:28.548 INFO  manager.ListenerWD -- SendKeys_TagName-->input
19:48:28.598 INFO  manager.ListenerWD -- Before find element-->By.xpath: //input[@placeholder='email']
19:48:28.620 INFO  manager.ListenerWD -- After find element-->By.xpath: //input[@placeholder='email']
19:48:28.623 INFO  manager.ListenerWD -- Location of element-->input
19:48:28.639 INFO  manager.ListenerWD -- Before click element-->inputtext-->
19:48:28.742 INFO  manager.ListenerWD -- After click element-->input
19:48:28.788 INFO  manager.ListenerWD -- SendKeys-->
19:48:28.788 INFO  manager.ListenerWD -- SendKeys_TagName-->input
19:48:28.848 INFO  manager.ListenerWD -- SendKeys-->
19:48:28.856 INFO  manager.ListenerWD -- SendKeys_TagName-->input
19:48:28.906 INFO  manager.ListenerWD -- SendKeys-->
19:48:28.914 INFO  manager.ListenerWD -- SendKeys_TagName-->input
19:48:28.973 INFO  manager.ListenerWD -- Before find element-->By.xpath: //input[@placeholder='Address']
19:48:28.989 INFO  manager.ListenerWD -- After find element-->By.xpath: //input[@placeholder='Address']
19:48:28.989 INFO  manager.ListenerWD -- Location of element-->input
19:48:29.020 INFO  manager.ListenerWD -- Before click element-->inputtext-->
19:48:29.107 INFO  manager.ListenerWD -- After click element-->input
19:48:29.147 INFO  manager.ListenerWD -- SendKeys-->
19:48:29.164 INFO  manager.ListenerWD -- SendKeys_TagName-->input
19:48:29.224 INFO  manager.ListenerWD -- SendKeys-->
19:48:29.231 INFO  manager.ListenerWD -- SendKeys_TagName-->input
19:48:29.283 INFO  manager.ListenerWD -- SendKeys-->
19:48:29.289 INFO  manager.ListenerWD -- SendKeys_TagName-->input
19:48:29.345 INFO  manager.ListenerWD -- Before find element-->By.xpath: //input[@placeholder='description']
19:48:29.365 INFO  manager.ListenerWD -- After find element-->By.xpath: //input[@placeholder='description']
19:48:29.368 INFO  manager.ListenerWD -- Location of element-->input
19:48:29.397 INFO  manager.ListenerWD -- Before click element-->inputtext-->
19:48:29.499 INFO  manager.ListenerWD -- After click element-->input
19:48:29.555 INFO  manager.ListenerWD -- SendKeys-->
19:48:29.555 INFO  manager.ListenerWD -- SendKeys_TagName-->input
19:48:29.620 INFO  manager.ListenerWD -- SendKeys-->
19:48:29.623 INFO  manager.ListenerWD -- SendKeys_TagName-->input
19:48:29.667 INFO  manager.ListenerWD -- Before find element-->By.cssSelector: .add_main__1tbl_ button
19:48:29.685 INFO  manager.ListenerWD -- After find element-->By.cssSelector: .add_main__1tbl_ button
19:48:29.694 INFO  manager.ListenerWD -- Location of element-->button
19:48:29.714 INFO  manager.ListenerWD -- Before click element-->buttontext-->Save
19:48:29.795 INFO  manager.ListenerWD -- After click element-->button
19:48:30.571 INFO  tests.TestBase -- Assert check is contact added by name
19:48:30.571 INFO  tests.TestBase -- Assert check is contact added by phone
19:48:30.571 INFO  manager.TestNGListener -- Success test --> addNewContactSuccessRequiredFields
19:48:30.571 INFO  tests.TestBase -- ===============================================
19:48:30.587 INFO  tests.TestBase -- Name of method (test) ---> addNewContactWrongAddress
19:48:30.587 INFO  manager.TestNGListener -- Start test --> null
19:48:30.587 INFO  tests.TestBase -- Test data ---> name: 'Tony001', last name: 'Brook', phone: '0541035789',tony@dvo.com', address: ' ', description: 'Wrong address'
19:48:30.587 INFO  manager.ListenerWD -- Before find element-->By.cssSelector: a[href="/add"]
19:48:30.603 INFO  manager.ListenerWD -- After find element-->By.cssSelector: a[href="/add"]
19:48:30.619 INFO  manager.ListenerWD -- Location of element-->a
19:48:30.639 INFO  manager.ListenerWD -- Before click element-->atext-->ADD
19:48:30.744 INFO  manager.ListenerWD -- After click element-->a
19:48:30.745 INFO  manager.ListenerWD -- Before find element-->By.xpath: //input[@placeholder='Name']
19:48:30.763 INFO  manager.ListenerWD -- After find element-->By.xpath: //input[@placeholder='Name']
19:48:30.772 INFO  manager.ListenerWD -- Location of element-->input
19:48:30.788 INFO  manager.ListenerWD -- Before click element-->inputtext-->
19:48:30.893 INFO  manager.ListenerWD -- After click element-->input
19:48:30.947 INFO  manager.ListenerWD -- SendKeys-->
19:48:30.957 INFO  manager.ListenerWD -- SendKeys_TagName-->input
19:48:31.012 INFO  manager.ListenerWD -- SendKeys-->
19:48:31.021 INFO  manager.ListenerWD -- SendKeys_TagName-->input
19:48:31.074 INFO  manager.ListenerWD -- SendKeys-->
19:48:31.081 INFO  manager.ListenerWD -- SendKeys_TagName-->input
19:48:31.126 INFO  manager.ListenerWD -- Before find element-->By.xpath: //input[@placeholder='Last Name']
19:48:31.149 INFO  manager.ListenerWD -- After find element-->By.xpath: //input[@placeholder='Last Name']
19:48:31.156 INFO  manager.ListenerWD -- Location of element-->input
19:48:31.172 INFO  manager.ListenerWD -- Before click element-->inputtext-->
19:48:31.270 INFO  manager.ListenerWD -- After click element-->input
19:48:31.313 INFO  manager.ListenerWD -- SendKeys-->
19:48:31.313 INFO  manager.ListenerWD -- SendKeys_TagName-->input
19:48:31.381 INFO  manager.ListenerWD -- SendKeys-->
19:48:31.390 INFO  manager.ListenerWD -- SendKeys_TagName-->input
19:48:31.443 INFO  manager.ListenerWD -- SendKeys-->
19:48:31.448 INFO  manager.ListenerWD -- SendKeys_TagName-->input
19:48:31.494 INFO  manager.ListenerWD -- Before find element-->By.xpath: //input[@placeholder='Phone']
19:48:31.514 INFO  manager.ListenerWD -- After find element-->By.xpath: //input[@placeholder='Phone']
19:48:31.514 INFO  manager.ListenerWD -- Location of element-->input
19:48:31.530 INFO  manager.ListenerWD -- Before click element-->inputtext-->
19:48:31.640 INFO  manager.ListenerWD -- After click element-->input
19:48:31.679 INFO  manager.ListenerWD -- SendKeys-->
19:48:31.695 INFO  manager.ListenerWD -- SendKeys_TagName-->input
19:48:31.751 INFO  manager.ListenerWD -- SendKeys-->
19:48:31.756 INFO  manager.ListenerWD -- SendKeys_TagName-->input
19:48:31.809 INFO  manager.ListenerWD -- SendKeys-->
19:48:31.814 INFO  manager.ListenerWD -- SendKeys_TagName-->input
19:48:31.864 INFO  manager.ListenerWD -- Before find element-->By.xpath: //input[@placeholder='email']
19:48:31.884 INFO  manager.ListenerWD -- After find element-->By.xpath: //input[@placeholder='email']
19:48:31.889 INFO  manager.ListenerWD -- Location of element-->input
19:48:31.905 INFO  manager.ListenerWD -- Before click element-->inputtext-->
19:48:32.003 INFO  manager.ListenerWD -- After click element-->input
19:48:32.046 INFO  manager.ListenerWD -- SendKeys-->
19:48:32.062 INFO  manager.ListenerWD -- SendKeys_TagName-->input
19:48:32.116 INFO  manager.ListenerWD -- SendKeys-->
19:48:32.124 INFO  manager.ListenerWD -- SendKeys_TagName-->input
19:48:32.179 INFO  manager.ListenerWD -- SendKeys-->
19:48:32.186 INFO  manager.ListenerWD -- SendKeys_TagName-->input
19:48:32.232 INFO  manager.ListenerWD -- Before find element-->By.xpath: //input[@placeholder='Address']
19:48:32.257 INFO  manager.ListenerWD -- After find element-->By.xpath: //input[@placeholder='Address']
19:48:32.264 INFO  manager.ListenerWD -- Location of element-->input
19:48:32.280 INFO  manager.ListenerWD -- Before click element-->inputtext-->
19:48:32.379 INFO  manager.ListenerWD -- After click element-->input
19:48:32.421 INFO  manager.ListenerWD -- SendKeys-->
19:48:32.421 INFO  manager.ListenerWD -- SendKeys_TagName-->input
19:48:32.488 INFO  manager.ListenerWD -- SendKeys-->
19:48:32.496 INFO  manager.ListenerWD -- SendKeys_TagName-->input
19:48:32.549 INFO  manager.ListenerWD -- SendKeys-->
19:48:32.556 INFO  manager.ListenerWD -- SendKeys_TagName-->input
19:48:32.587 INFO  manager.ListenerWD -- Before find element-->By.xpath: //input[@placeholder='description']
19:48:32.619 INFO  manager.ListenerWD -- After find element-->By.xpath: //input[@placeholder='description']
19:48:32.619 INFO  manager.ListenerWD -- Location of element-->input
19:48:32.647 INFO  manager.ListenerWD -- Before click element-->inputtext-->
19:48:32.755 INFO  manager.ListenerWD -- After click element-->input
19:48:32.796 INFO  manager.ListenerWD -- SendKeys-->
19:48:32.812 INFO  manager.ListenerWD -- SendKeys_TagName-->input
19:48:32.879 INFO  manager.ListenerWD -- SendKeys-->
19:48:32.880 INFO  manager.ListenerWD -- SendKeys_TagName-->input
19:48:32.944 INFO  manager.ListenerWD -- SendKeys-->
19:48:32.947 INFO  manager.ListenerWD -- SendKeys_TagName-->input
19:48:33.007 INFO  manager.ListenerWD -- Before find element-->By.cssSelector: .add_main__1tbl_ button
19:48:33.029 INFO  manager.ListenerWD -- After find element-->By.cssSelector: .add_main__1tbl_ button
19:48:33.031 INFO  manager.ListenerWD -- Location of element-->button
19:48:33.047 INFO  manager.ListenerWD -- Before click element-->buttontext-->Save
19:48:33.139 INFO  manager.ListenerWD -- After click element-->button
19:48:33.179 INFO  tests.TestBase -- Assert check is element button 'Save' no active'
19:48:33.179 INFO  tests.TestBase -- Assert check is add contact page still displayed
19:48:33.179 INFO  manager.TestNGListener -- Success test --> addNewContactWrongAddress
19:48:33.179 INFO  tests.TestBase -- ===============================================
19:48:33.179 INFO  tests.TestBase -- Name of method (test) ---> addNewContactWrongEmail
19:48:33.179 INFO  manager.TestNGListener -- Start test --> null
19:48:33.179 INFO  tests.TestBase -- Test data ---> name: 'Tony001', last name: 'Brook', phone: '0541035789',tonydvo.com', address: 'Dali av. 79/147', description: 'WrongEmail'
19:48:33.179 INFO  manager.ListenerWD -- Before find element-->By.cssSelector: a[href="/add"]
19:48:33.200 INFO  manager.ListenerWD -- After find element-->By.cssSelector: a[href="/add"]
19:48:33.212 INFO  manager.ListenerWD -- Location of element-->a
19:48:33.232 INFO  manager.ListenerWD -- Before click element-->atext-->ADD
19:48:33.334 INFO  manager.ListenerWD -- After click element-->a
19:48:33.334 INFO  manager.ListenerWD -- Before find element-->By.xpath: //input[@placeholder='Name']
19:48:33.351 INFO  manager.ListenerWD -- After find element-->By.xpath: //input[@placeholder='Name']
19:48:33.361 INFO  manager.ListenerWD -- Location of element-->input
19:48:33.380 INFO  manager.ListenerWD -- Before click element-->inputtext-->
19:48:33.478 INFO  manager.ListenerWD -- After click element-->input
19:48:33.537 INFO  manager.ListenerWD -- SendKeys-->
19:48:33.546 INFO  manager.ListenerWD -- SendKeys_TagName-->input
19:48:33.632 INFO  manager.ListenerWD -- SendKeys-->
19:48:33.639 INFO  manager.ListenerWD -- SendKeys_TagName-->input
19:48:33.692 INFO  manager.ListenerWD -- SendKeys-->
19:48:33.698 INFO  manager.ListenerWD -- SendKeys_TagName-->input
19:48:33.747 INFO  manager.ListenerWD -- Before find element-->By.xpath: //input[@placeholder='Last Name']
19:48:33.766 INFO  manager.ListenerWD -- After find element-->By.xpath: //input[@placeholder='Last Name']
19:48:33.772 INFO  manager.ListenerWD -- Location of element-->input
19:48:33.788 INFO  manager.ListenerWD -- Before click element-->inputtext-->
19:48:33.887 INFO  manager.ListenerWD -- After click element-->input
19:48:33.940 INFO  manager.ListenerWD -- SendKeys-->
19:48:33.948 INFO  manager.ListenerWD -- SendKeys_TagName-->input
19:48:34.030 INFO  manager.ListenerWD -- SendKeys-->
19:48:34.030 INFO  manager.ListenerWD -- SendKeys_TagName-->input
19:48:34.089 INFO  manager.ListenerWD -- SendKeys-->
19:48:34.096 INFO  manager.ListenerWD -- SendKeys_TagName-->input
19:48:34.158 INFO  manager.ListenerWD -- Before find element-->By.xpath: //input[@placeholder='Phone']
19:48:34.164 INFO  manager.ListenerWD -- After find element-->By.xpath: //input[@placeholder='Phone']
19:48:34.180 INFO  manager.ListenerWD -- Location of element-->input
19:48:34.196 INFO  manager.ListenerWD -- Before click element-->inputtext-->
19:48:34.294 INFO  manager.ListenerWD -- After click element-->input
19:48:34.347 INFO  manager.ListenerWD -- SendKeys-->
19:48:34.356 INFO  manager.ListenerWD -- SendKeys_TagName-->input
19:48:34.436 INFO  manager.ListenerWD -- SendKeys-->
19:48:34.440 INFO  manager.ListenerWD -- SendKeys_TagName-->input
19:48:34.497 INFO  manager.ListenerWD -- SendKeys-->
19:48:34.505 INFO  manager.ListenerWD -- SendKeys_TagName-->input
19:48:34.547 INFO  manager.ListenerWD -- Before find element-->By.xpath: //input[@placeholder='email']
19:48:34.573 INFO  manager.ListenerWD -- After find element-->By.xpath: //input[@placeholder='email']
19:48:34.581 INFO  manager.ListenerWD -- Location of element-->input
19:48:34.596 INFO  manager.ListenerWD -- Before click element-->inputtext-->
19:48:34.693 INFO  manager.ListenerWD -- After click element-->input
19:48:34.751 INFO  manager.ListenerWD -- SendKeys-->
19:48:34.756 INFO  manager.ListenerWD -- SendKeys_TagName-->input
19:48:34.843 INFO  manager.ListenerWD -- SendKeys-->
19:48:34.851 INFO  manager.ListenerWD -- SendKeys_TagName-->input
19:48:34.910 INFO  manager.ListenerWD -- SendKeys-->
19:48:34.914 INFO  manager.ListenerWD -- SendKeys_TagName-->input
19:48:34.974 INFO  manager.ListenerWD -- Before find element-->By.xpath: //input[@placeholder='Address']
19:48:34.995 INFO  manager.ListenerWD -- After find element-->By.xpath: //input[@placeholder='Address']
19:48:34.997 INFO  manager.ListenerWD -- Location of element-->input
19:48:35.013 INFO  manager.ListenerWD -- Before click element-->inputtext-->
19:48:35.115 INFO  manager.ListenerWD -- After click element-->input
19:48:35.155 INFO  manager.ListenerWD -- SendKeys-->
19:48:35.171 INFO  manager.ListenerWD -- SendKeys_TagName-->input
19:48:35.223 INFO  manager.ListenerWD -- SendKeys-->
19:48:35.231 INFO  manager.ListenerWD -- SendKeys_TagName-->input
19:48:35.283 INFO  manager.ListenerWD -- SendKeys-->
19:48:35.290 INFO  manager.ListenerWD -- SendKeys_TagName-->input
19:48:35.340 INFO  manager.ListenerWD -- Before find element-->By.xpath: //input[@placeholder='description']
19:48:35.355 INFO  manager.ListenerWD -- After find element-->By.xpath: //input[@placeholder='description']
19:48:35.355 INFO  manager.ListenerWD -- Location of element-->input
19:48:35.371 INFO  manager.ListenerWD -- Before click element-->inputtext-->
19:48:35.472 INFO  manager.ListenerWD -- After click element-->input
19:48:35.525 INFO  manager.ListenerWD -- SendKeys-->
19:48:35.531 INFO  manager.ListenerWD -- SendKeys_TagName-->input
19:48:35.611 INFO  manager.ListenerWD -- SendKeys-->
19:48:35.614 INFO  manager.ListenerWD -- SendKeys_TagName-->input
19:48:35.669 INFO  manager.ListenerWD -- SendKeys-->
19:48:35.677 INFO  manager.ListenerWD -- SendKeys_TagName-->input
19:48:35.723 INFO  manager.ListenerWD -- Before find element-->By.cssSelector: .add_main__1tbl_ button
19:48:35.741 INFO  manager.ListenerWD -- After find element-->By.cssSelector: .add_main__1tbl_ button
19:48:35.747 INFO  manager.ListenerWD -- Location of element-->button
19:48:35.763 INFO  manager.ListenerWD -- Before click element-->buttontext-->Save
19:48:35.852 INFO  manager.ListenerWD -- After click element-->button
19:48:35.865 INFO  manager.ListenerWD -- Huston, we have a problem
19:48:35.865 INFO  manager.ListenerWD -- Failed method:alert
19:48:35.865 INFO  manager.ListenerWD -- **************************************
19:48:35.865 INFO  manager.ListenerWD -- Arguments:null
19:48:35.865 INFO  manager.ListenerWD -- **************************************
19:48:35.865 INFO  manager.ListenerWD -- Exception:NoAlertPresentException
19:48:35.865 INFO  manager.ListenerWD -- **************************************
19:48:35.865 INFO  manager.ListenerWD -- Message:no such alert
  (Session info: chrome=148.0.7778.181)
Build info: version: '4.26.0', revision: '8ccf0219d7'
System info: os.name: 'Windows 11', os.arch: 'amd64', os.version: '10.0', java.version: '17.0.12'
Driver info: org.openqa.selenium.chrome.ChromeDriver
Command: [7ef41ed7c486c11157c82fed6e6cb670, getAlertText {}]
Capabilities {acceptInsecureCerts: false, browserName: chrome, browserVersion: 148.0.7778.181, chrome: {chromedriverVersion: 148.0.7778.167 (65db666ac2c..., userDataDir: C:\Users\Mariya\AppData\Loc...}, fedcm:accounts: true, goog:chromeOptions: {debuggerAddress: localhost:50285}, goog:processID: 192592, networkConnectionEnabled: false, pageLoadStrategy: normal, platformName: windows, proxy: Proxy(), se:cdp: ws://localhost:50285/devtoo..., se:cdpVersion: 148.0.7778.181, setWindowRect: true, strictFileInteractability: false, timeouts: {implicit: 0, pageLoad: 300000, script: 30000}, unhandledPromptBehavior: dismiss and notify, webauthn:extension:credBlob: true, webauthn:extension:largeBlob: true, webauthn:extension:minPinLength: true, webauthn:extension:prf: true, webauthn:virtualAuthenticators: true}
Session ID: 7ef41ed7c486c11157c82fed6e6cb670
19:48:35.865 INFO  manager.ListenerWD -- **************************************
19:48:35.865 INFO  manager.ListenerWD -- Screen with error is-->src/test/screenchots/screen_1429.png
19:48:38.457 INFO  tests.TestBase -- Assert check is alert present with error text 'Email not valid'
19:48:38.457 INFO  tests.TestBase -- Assert check is add contact page still displayed
19:48:38.457 INFO  manager.TestNGListener -- Success test --> addNewContactWrongEmail
19:48:38.459 INFO  tests.TestBase -- ===============================================
19:48:38.462 INFO  tests.TestBase -- Name of method (test) ---> addNewContactWrongPhone
19:48:38.463 INFO  manager.TestNGListener -- Start test --> null
19:48:38.463 INFO  tests.TestBase -- Test data ---> name: 'Tony001', last name: 'Brook', phone: '04568',tony@dvo.com', address: 'Dali av. 79/147', description: 'WrongPhone'
19:48:38.463 INFO  manager.ListenerWD -- Before find element-->By.cssSelector: a[href="/add"]
19:48:38.489 INFO  manager.ListenerWD -- After find element-->By.cssSelector: a[href="/add"]
19:48:38.500 INFO  manager.ListenerWD -- Location of element-->a
19:48:38.530 INFO  manager.ListenerWD -- Before click element-->atext-->ADD
19:48:38.663 INFO  manager.ListenerWD -- After click element-->a
19:48:38.663 INFO  manager.ListenerWD -- Before find element-->By.xpath: //input[@placeholder='Name']
19:48:38.671 INFO  manager.ListenerWD -- After find element-->By.xpath: //input[@placeholder='Name']
19:48:38.687 INFO  manager.ListenerWD -- Location of element-->input
19:48:38.709 INFO  manager.ListenerWD -- Before click element-->inputtext-->
19:48:38.819 INFO  manager.ListenerWD -- After click element-->input
19:48:38.877 INFO  manager.ListenerWD -- SendKeys-->
19:48:38.887 INFO  manager.ListenerWD -- SendKeys_TagName-->input
19:48:38.973 INFO  manager.ListenerWD -- SendKeys-->
19:48:38.983 INFO  manager.ListenerWD -- SendKeys_TagName-->input
19:48:39.033 INFO  manager.ListenerWD -- SendKeys-->
19:48:39.038 INFO  manager.ListenerWD -- SendKeys_TagName-->input
19:48:39.081 INFO  manager.ListenerWD -- Before find element-->By.xpath: //input[@placeholder='Last Name']
19:48:39.103 INFO  manager.ListenerWD -- After find element-->By.xpath: //input[@placeholder='Last Name']
19:48:39.105 INFO  manager.ListenerWD -- Location of element-->input
19:48:39.121 INFO  manager.ListenerWD -- Before click element-->inputtext-->
19:48:39.225 INFO  manager.ListenerWD -- After click element-->input
19:48:39.279 INFO  manager.ListenerWD -- SendKeys-->
19:48:39.286 INFO  manager.ListenerWD -- SendKeys_TagName-->input
19:48:39.367 INFO  manager.ListenerWD -- SendKeys-->
19:48:39.376 INFO  manager.ListenerWD -- SendKeys_TagName-->input
19:48:39.425 INFO  manager.ListenerWD -- SendKeys-->
19:48:39.436 INFO  manager.ListenerWD -- SendKeys_TagName-->input
19:48:39.481 INFO  manager.ListenerWD -- Before find element-->By.xpath: //input[@placeholder='Phone']
19:48:39.498 INFO  manager.ListenerWD -- After find element-->By.xpath: //input[@placeholder='Phone']
19:48:39.505 INFO  manager.ListenerWD -- Location of element-->input
19:48:39.521 INFO  manager.ListenerWD -- Before click element-->inputtext-->
19:48:39.618 INFO  manager.ListenerWD -- After click element-->input
19:48:39.671 INFO  manager.ListenerWD -- SendKeys-->
19:48:39.680 INFO  manager.ListenerWD -- SendKeys_TagName-->input
19:48:39.761 INFO  manager.ListenerWD -- SendKeys-->
19:48:39.763 INFO  manager.ListenerWD -- SendKeys_TagName-->input
19:48:39.823 INFO  manager.ListenerWD -- SendKeys-->
19:48:39.830 INFO  manager.ListenerWD -- SendKeys_TagName-->input
19:48:39.871 INFO  manager.ListenerWD -- Before find element-->By.xpath: //input[@placeholder='email']
19:48:39.889 INFO  manager.ListenerWD -- After find element-->By.xpath: //input[@placeholder='email']
19:48:39.898 INFO  manager.ListenerWD -- Location of element-->input
19:48:39.920 INFO  manager.ListenerWD -- Before click element-->inputtext-->
19:48:40.012 INFO  manager.ListenerWD -- After click element-->input
19:48:40.067 INFO  manager.ListenerWD -- SendKeys-->
19:48:40.072 INFO  manager.ListenerWD -- SendKeys_TagName-->input
19:48:40.161 INFO  manager.ListenerWD -- SendKeys-->
19:48:40.168 INFO  manager.ListenerWD -- SendKeys_TagName-->input
19:48:40.225 INFO  manager.ListenerWD -- SendKeys-->
19:48:40.230 INFO  manager.ListenerWD -- SendKeys_TagName-->input
19:48:40.281 INFO  manager.ListenerWD -- Before find element-->By.xpath: //input[@placeholder='Address']
19:48:40.300 INFO  manager.ListenerWD -- After find element-->By.xpath: //input[@placeholder='Address']
19:48:40.305 INFO  manager.ListenerWD -- Location of element-->input
19:48:40.327 INFO  manager.ListenerWD -- Before click element-->inputtext-->
19:48:40.423 INFO  manager.ListenerWD -- After click element-->input
19:48:40.479 INFO  manager.ListenerWD -- SendKeys-->
19:48:40.488 INFO  manager.ListenerWD -- SendKeys_TagName-->input
19:48:40.569 INFO  manager.ListenerWD -- SendKeys-->
19:48:40.572 INFO  manager.ListenerWD -- SendKeys_TagName-->input
19:48:40.627 INFO  manager.ListenerWD -- SendKeys-->
19:48:40.635 INFO  manager.ListenerWD -- SendKeys_TagName-->input
19:48:40.689 INFO  manager.ListenerWD -- Before find element-->By.xpath: //input[@placeholder='description']
19:48:40.704 INFO  manager.ListenerWD -- After find element-->By.xpath: //input[@placeholder='description']
19:48:40.704 INFO  manager.ListenerWD -- Location of element-->input
19:48:40.720 INFO  manager.ListenerWD -- Before click element-->inputtext-->
19:48:40.823 INFO  manager.ListenerWD -- After click element-->input
19:48:40.878 INFO  manager.ListenerWD -- SendKeys-->
19:48:40.885 INFO  manager.ListenerWD -- SendKeys_TagName-->input
19:48:40.964 INFO  manager.ListenerWD -- SendKeys-->
19:48:40.973 INFO  manager.ListenerWD -- SendKeys_TagName-->input
19:48:41.027 INFO  manager.ListenerWD -- SendKeys-->
19:48:41.036 INFO  manager.ListenerWD -- SendKeys_TagName-->input
19:48:41.079 INFO  manager.ListenerWD -- Before find element-->By.cssSelector: .add_main__1tbl_ button
19:48:41.098 INFO  manager.ListenerWD -- After find element-->By.cssSelector: .add_main__1tbl_ button
19:48:41.105 INFO  manager.ListenerWD -- Location of element-->button
19:48:41.123 INFO  manager.ListenerWD -- Before click element-->buttontext-->Save
19:48:41.214 INFO  manager.ListenerWD -- After click element-->button
19:48:41.225 INFO  manager.ListenerWD -- Huston, we have a problem
19:48:41.227 INFO  manager.ListenerWD -- Failed method:alert
19:48:41.227 INFO  manager.ListenerWD -- **************************************
19:48:41.227 INFO  manager.ListenerWD -- Arguments:null
19:48:41.227 INFO  manager.ListenerWD -- **************************************
19:48:41.227 INFO  manager.ListenerWD -- Exception:NoAlertPresentException
19:48:41.227 INFO  manager.ListenerWD -- **************************************
19:48:41.227 INFO  manager.ListenerWD -- Message:no such alert
  (Session info: chrome=148.0.7778.181)
Build info: version: '4.26.0', revision: '8ccf0219d7'
System info: os.name: 'Windows 11', os.arch: 'amd64', os.version: '10.0', java.version: '17.0.12'
Driver info: org.openqa.selenium.chrome.ChromeDriver
Command: [7ef41ed7c486c11157c82fed6e6cb670, getAlertText {}]
Capabilities {acceptInsecureCerts: false, browserName: chrome, browserVersion: 148.0.7778.181, chrome: {chromedriverVersion: 148.0.7778.167 (65db666ac2c..., userDataDir: C:\Users\Mariya\AppData\Loc...}, fedcm:accounts: true, goog:chromeOptions: {debuggerAddress: localhost:50285}, goog:processID: 192592, networkConnectionEnabled: false, pageLoadStrategy: normal, platformName: windows, proxy: Proxy(), se:cdp: ws://localhost:50285/devtoo..., se:cdpVersion: 148.0.7778.181, setWindowRect: true, strictFileInteractability: false, timeouts: {implicit: 0, pageLoad: 300000, script: 30000}, unhandledPromptBehavior: dismiss and notify, webauthn:extension:credBlob: true, webauthn:extension:largeBlob: true, webauthn:extension:minPinLength: true, webauthn:extension:prf: true, webauthn:virtualAuthenticators: true}
Session ID: 7ef41ed7c486c11157c82fed6e6cb670
19:48:41.227 INFO  manager.ListenerWD -- **************************************
19:48:41.227 INFO  manager.ListenerWD -- Screen with error is-->src/test/screenchots/screen_1194.png
19:48:43.781 INFO  tests.TestBase -- Assert check is alert present with error text 'Phone not valid'
19:48:43.781 INFO  tests.TestBase -- Assert check is add contact page still displayed
19:48:43.781 INFO  manager.TestNGListener -- Success test --> addNewContactWrongPhone
19:48:43.781 INFO  tests.TestBase -- ===============================================
19:48:43.781 INFO  tests.TestBase -- Name of method (test) ---> addNewContactWrongPhone
19:48:43.781 INFO  manager.TestNGListener -- Start test --> null
19:48:43.781 INFO  tests.TestBase -- Test data ---> name: 'Tony001', last name: 'Brook', phone: '04568',tony@dvo.com', address: 'Dali av. 79/147', description: 'WrongPhone'
19:48:43.781 INFO  manager.ListenerWD -- Before find element-->By.cssSelector: a[href="/add"]
19:48:43.805 INFO  manager.ListenerWD -- After find element-->By.cssSelector: a[href="/add"]
19:48:43.813 INFO  manager.ListenerWD -- Location of element-->a
19:48:43.839 INFO  manager.ListenerWD -- Before click element-->atext-->ADD
19:48:43.956 INFO  manager.ListenerWD -- After click element-->a
19:48:43.956 INFO  manager.ListenerWD -- Before find element-->By.xpath: //input[@placeholder='Name']
19:48:43.977 INFO  manager.ListenerWD -- After find element-->By.xpath: //input[@placeholder='Name']
19:48:43.979 INFO  manager.ListenerWD -- Location of element-->input
19:48:43.994 INFO  manager.ListenerWD -- Before click element-->inputtext-->
19:48:44.117 INFO  manager.ListenerWD -- After click element-->input
19:48:44.179 INFO  manager.ListenerWD -- SendKeys-->
19:48:44.189 INFO  manager.ListenerWD -- SendKeys_TagName-->input
19:48:44.283 INFO  manager.ListenerWD -- SendKeys-->
19:48:44.288 INFO  manager.ListenerWD -- SendKeys_TagName-->input
19:48:44.346 INFO  manager.ListenerWD -- SendKeys-->
19:48:44.354 INFO  manager.ListenerWD -- SendKeys_TagName-->input
19:48:44.397 INFO  manager.ListenerWD -- Before find element-->By.xpath: //input[@placeholder='Last Name']
19:48:44.420 INFO  manager.ListenerWD -- After find element-->By.xpath: //input[@placeholder='Last Name']
19:48:44.421 INFO  manager.ListenerWD -- Location of element-->input
19:48:44.437 INFO  manager.ListenerWD -- Before click element-->inputtext-->
19:48:44.548 INFO  manager.ListenerWD -- After click element-->input
19:48:44.604 INFO  manager.ListenerWD -- SendKeys-->
19:48:44.611 INFO  manager.ListenerWD -- SendKeys_TagName-->input
19:48:44.699 INFO  manager.ListenerWD -- SendKeys-->
19:48:44.705 INFO  manager.ListenerWD -- SendKeys_TagName-->input
19:48:44.761 INFO  manager.ListenerWD -- SendKeys-->
19:48:44.769 INFO  manager.ListenerWD -- SendKeys_TagName-->input
19:48:44.813 INFO  manager.ListenerWD -- Before find element-->By.xpath: //input[@placeholder='Phone']
19:48:44.834 INFO  manager.ListenerWD -- After find element-->By.xpath: //input[@placeholder='Phone']
19:48:44.838 INFO  manager.ListenerWD -- Location of element-->input
19:48:44.854 INFO  manager.ListenerWD -- Before click element-->inputtext-->
19:48:44.955 INFO  manager.ListenerWD -- After click element-->input
19:48:45.015 INFO  manager.ListenerWD -- SendKeys-->
19:48:45.025 INFO  manager.ListenerWD -- SendKeys_TagName-->input
19:48:45.118 INFO  manager.ListenerWD -- SendKeys-->
19:48:45.121 INFO  manager.ListenerWD -- SendKeys_TagName-->input
19:48:45.189 INFO  manager.ListenerWD -- SendKeys-->
19:48:45.196 INFO  manager.ListenerWD -- SendKeys_TagName-->input
19:48:45.258 INFO  manager.ListenerWD -- Before find element-->By.xpath: //input[@placeholder='email']
19:48:45.280 INFO  manager.ListenerWD -- After find element-->By.xpath: //input[@placeholder='email']
19:48:45.280 INFO  manager.ListenerWD -- Location of element-->input
19:48:45.312 INFO  manager.ListenerWD -- Before click element-->inputtext-->
19:48:45.416 INFO  manager.ListenerWD -- After click element-->input
19:48:45.475 INFO  manager.ListenerWD -- SendKeys-->
19:48:45.480 INFO  manager.ListenerWD -- SendKeys_TagName-->input
19:48:45.573 INFO  manager.ListenerWD -- SendKeys-->
19:48:45.579 INFO  manager.ListenerWD -- SendKeys_TagName-->input
19:48:45.697 INFO  manager.ListenerWD -- SendKeys-->
19:48:45.705 INFO  manager.ListenerWD -- SendKeys_TagName-->input
19:48:45.759 INFO  manager.ListenerWD -- Before find element-->By.xpath: //input[@placeholder='Address']
19:48:45.780 INFO  manager.ListenerWD -- After find element-->By.xpath: //input[@placeholder='Address']
19:48:45.780 INFO  manager.ListenerWD -- Location of element-->input
19:48:45.812 INFO  manager.ListenerWD -- Before click element-->inputtext-->
19:48:45.907 INFO  manager.ListenerWD -- After click element-->input
19:48:45.973 INFO  manager.ListenerWD -- SendKeys-->
19:48:45.983 INFO  manager.ListenerWD -- SendKeys_TagName-->input
19:48:46.070 INFO  manager.ListenerWD -- SendKeys-->
19:48:46.079 INFO  manager.ListenerWD -- SendKeys_TagName-->input
19:48:46.130 INFO  manager.ListenerWD -- SendKeys-->
19:48:46.139 INFO  manager.ListenerWD -- SendKeys_TagName-->input
19:48:46.186 INFO  manager.ListenerWD -- Before find element-->By.xpath: //input[@placeholder='description']
19:48:46.206 INFO  manager.ListenerWD -- After find element-->By.xpath: //input[@placeholder='description']
19:48:46.212 INFO  manager.ListenerWD -- Location of element-->input
19:48:46.227 INFO  manager.ListenerWD -- Before click element-->inputtext-->
19:48:46.338 INFO  manager.ListenerWD -- After click element-->input
19:48:46.396 INFO  manager.ListenerWD -- SendKeys-->
19:48:46.404 INFO  manager.ListenerWD -- SendKeys_TagName-->input
19:48:46.497 INFO  manager.ListenerWD -- SendKeys-->
19:48:46.504 INFO  manager.ListenerWD -- SendKeys_TagName-->input
19:48:46.556 INFO  manager.ListenerWD -- SendKeys-->
19:48:46.563 INFO  manager.ListenerWD -- SendKeys_TagName-->input
19:48:46.605 INFO  manager.ListenerWD -- Before find element-->By.cssSelector: .add_main__1tbl_ button
19:48:46.631 INFO  manager.ListenerWD -- After find element-->By.cssSelector: .add_main__1tbl_ button
19:48:46.637 INFO  manager.ListenerWD -- Location of element-->button
19:48:46.653 INFO  manager.ListenerWD -- Before click element-->buttontext-->Save
19:48:46.750 INFO  manager.ListenerWD -- After click element-->button
19:48:46.758 INFO  manager.ListenerWD -- Huston, we have a problem
19:48:46.758 INFO  manager.ListenerWD -- Failed method:alert
19:48:46.758 INFO  manager.ListenerWD -- **************************************
19:48:46.758 INFO  manager.ListenerWD -- Arguments:null
19:48:46.758 INFO  manager.ListenerWD -- **************************************
19:48:46.758 INFO  manager.ListenerWD -- Exception:NoAlertPresentException
19:48:46.758 INFO  manager.ListenerWD -- **************************************
19:48:46.758 INFO  manager.ListenerWD -- Message:no such alert
  (Session info: chrome=148.0.7778.181)
Build info: version: '4.26.0', revision: '8ccf0219d7'
System info: os.name: 'Windows 11', os.arch: 'amd64', os.version: '10.0', java.version: '17.0.12'
Driver info: org.openqa.selenium.chrome.ChromeDriver
Command: [7ef41ed7c486c11157c82fed6e6cb670, getAlertText {}]
Capabilities {acceptInsecureCerts: false, browserName: chrome, browserVersion: 148.0.7778.181, chrome: {chromedriverVersion: 148.0.7778.167 (65db666ac2c..., userDataDir: C:\Users\Mariya\AppData\Loc...}, fedcm:accounts: true, goog:chromeOptions: {debuggerAddress: localhost:50285}, goog:processID: 192592, networkConnectionEnabled: false, pageLoadStrategy: normal, platformName: windows, proxy: Proxy(), se:cdp: ws://localhost:50285/devtoo..., se:cdpVersion: 148.0.7778.181, setWindowRect: true, strictFileInteractability: false, timeouts: {implicit: 0, pageLoad: 300000, script: 30000}, unhandledPromptBehavior: dismiss and notify, webauthn:extension:credBlob: true, webauthn:extension:largeBlob: true, webauthn:extension:minPinLength: true, webauthn:extension:prf: true, webauthn:virtualAuthenticators: true}
Session ID: 7ef41ed7c486c11157c82fed6e6cb670
19:48:46.758 INFO  manager.ListenerWD -- **************************************
19:48:46.758 INFO  manager.ListenerWD -- Screen with error is-->src/test/screenchots/screen_1460.png
19:48:49.348 INFO  tests.TestBase -- Assert check is alert present with error text 'Phone not valid'
19:48:49.348 INFO  tests.TestBase -- Assert check is add contact page still displayed
19:48:49.348 INFO  manager.TestNGListener -- Success test --> addNewContactWrongPhone
19:48:49.348 INFO  tests.TestBase -- ===============================================
19:48:49.353 INFO  tests.TestBase -- Name of method (test) ---> addNewContactWrongPhone
19:48:49.355 INFO  manager.TestNGListener -- Start test --> null
19:48:49.355 INFO  tests.TestBase -- Test data ---> name: 'Tony001', last name: 'Brook', phone: '04568',tony@dvo.com', address: 'Dali av. 79/147', description: 'WrongPhone'
19:48:49.357 INFO  manager.ListenerWD -- Before find element-->By.cssSelector: a[href="/add"]
19:48:49.379 INFO  manager.ListenerWD -- After find element-->By.cssSelector: a[href="/add"]
19:48:49.387 INFO  manager.ListenerWD -- Location of element-->a
19:48:49.413 INFO  manager.ListenerWD -- Before click element-->atext-->ADD
19:48:49.540 INFO  manager.ListenerWD -- After click element-->a
19:48:49.540 INFO  manager.ListenerWD -- Before find element-->By.xpath: //input[@placeholder='Name']
19:48:49.554 INFO  manager.ListenerWD -- After find element-->By.xpath: //input[@placeholder='Name']
19:48:49.554 INFO  manager.ListenerWD -- Location of element-->input
19:48:49.586 INFO  manager.ListenerWD -- Before click element-->inputtext-->
19:48:49.681 INFO  manager.ListenerWD -- After click element-->input
19:48:49.737 INFO  manager.ListenerWD -- SendKeys-->
19:48:49.745 INFO  manager.ListenerWD -- SendKeys_TagName-->input
19:48:49.828 INFO  manager.ListenerWD -- SendKeys-->
19:48:49.836 INFO  manager.ListenerWD -- SendKeys_TagName-->input
19:48:49.892 INFO  manager.ListenerWD -- SendKeys-->
19:48:49.895 INFO  manager.ListenerWD -- SendKeys_TagName-->input
19:48:49.947 INFO  manager.ListenerWD -- Before find element-->By.xpath: //input[@placeholder='Last Name']
19:48:49.968 INFO  manager.ListenerWD -- After find element-->By.xpath: //input[@placeholder='Last Name']
19:48:49.970 INFO  manager.ListenerWD -- Location of element-->input
19:48:49.986 INFO  manager.ListenerWD -- Before click element-->inputtext-->
19:48:50.089 INFO  manager.ListenerWD -- After click element-->input
19:48:50.143 INFO  manager.ListenerWD -- SendKeys-->
19:48:50.145 INFO  manager.ListenerWD -- SendKeys_TagName-->input
19:48:50.231 INFO  manager.ListenerWD -- SendKeys-->
19:48:50.237 INFO  manager.ListenerWD -- SendKeys_TagName-->input
19:48:50.290 INFO  manager.ListenerWD -- SendKeys-->
19:48:50.295 INFO  manager.ListenerWD -- SendKeys_TagName-->input
19:48:50.343 INFO  manager.ListenerWD -- Before find element-->By.xpath: //input[@placeholder='Phone']
19:48:50.354 INFO  manager.ListenerWD -- After find element-->By.xpath: //input[@placeholder='Phone']
19:48:50.368 INFO  manager.ListenerWD -- Location of element-->input
19:48:50.378 INFO  manager.ListenerWD -- Before click element-->inputtext-->
19:48:50.479 INFO  manager.ListenerWD -- After click element-->input
19:48:50.538 INFO  manager.ListenerWD -- SendKeys-->
19:48:50.546 INFO  manager.ListenerWD -- SendKeys_TagName-->input
19:48:50.629 INFO  manager.ListenerWD -- SendKeys-->
19:48:50.637 INFO  manager.ListenerWD -- SendKeys_TagName-->input
19:48:50.688 INFO  manager.ListenerWD -- SendKeys-->
19:48:50.695 INFO  manager.ListenerWD -- SendKeys_TagName-->input
19:48:50.749 INFO  manager.ListenerWD -- Before find element-->By.xpath: //input[@placeholder='email']
19:48:50.768 INFO  manager.ListenerWD -- After find element-->By.xpath: //input[@placeholder='email']
19:48:50.770 INFO  manager.ListenerWD -- Location of element-->input
19:48:50.786 INFO  manager.ListenerWD -- Before click element-->inputtext-->
19:48:50.891 INFO  manager.ListenerWD -- After click element-->input
19:48:50.944 INFO  manager.ListenerWD -- SendKeys-->
19:48:50.951 INFO  manager.ListenerWD -- SendKeys_TagName-->input
19:48:51.032 INFO  manager.ListenerWD -- SendKeys-->
19:48:51.040 INFO  manager.ListenerWD -- SendKeys_TagName-->input
19:48:51.092 INFO  manager.ListenerWD -- SendKeys-->
19:48:51.100 INFO  manager.ListenerWD -- SendKeys_TagName-->input
19:48:51.146 INFO  manager.ListenerWD -- Before find element-->By.xpath: //input[@placeholder='Address']
19:48:51.168 INFO  manager.ListenerWD -- After find element-->By.xpath: //input[@placeholder='Address']
19:48:51.176 INFO  manager.ListenerWD -- Location of element-->input
19:48:51.194 INFO  manager.ListenerWD -- Before click element-->inputtext-->
19:48:51.285 INFO  manager.ListenerWD -- After click element-->input
19:48:51.336 INFO  manager.ListenerWD -- SendKeys-->
19:48:51.344 INFO  manager.ListenerWD -- SendKeys_TagName-->input
19:48:51.432 INFO  manager.ListenerWD -- SendKeys-->
19:48:51.437 INFO  manager.ListenerWD -- SendKeys_TagName-->input
19:48:51.495 INFO  manager.ListenerWD -- SendKeys-->
19:48:51.503 INFO  manager.ListenerWD -- SendKeys_TagName-->input
19:48:51.570 INFO  manager.ListenerWD -- Before find element-->By.xpath: //input[@placeholder='description']
19:48:51.590 INFO  manager.ListenerWD -- After find element-->By.xpath: //input[@placeholder='description']
19:48:51.599 INFO  manager.ListenerWD -- Location of element-->input
19:48:51.623 INFO  manager.ListenerWD -- Before click element-->inputtext-->
19:48:51.735 INFO  manager.ListenerWD -- After click element-->input
19:48:51.797 INFO  manager.ListenerWD -- SendKeys-->
19:48:51.806 INFO  manager.ListenerWD -- SendKeys_TagName-->input
19:48:51.903 INFO  manager.ListenerWD -- SendKeys-->
19:48:51.911 INFO  manager.ListenerWD -- SendKeys_TagName-->input
19:48:51.961 INFO  manager.ListenerWD -- SendKeys-->
19:48:51.969 INFO  manager.ListenerWD -- SendKeys_TagName-->input
19:48:52.012 INFO  manager.ListenerWD -- Before find element-->By.cssSelector: .add_main__1tbl_ button
19:48:52.031 INFO  manager.ListenerWD -- After find element-->By.cssSelector: .add_main__1tbl_ button
19:48:52.037 INFO  manager.ListenerWD -- Location of element-->button
19:48:52.053 INFO  manager.ListenerWD -- Before click element-->buttontext-->Save
19:48:52.143 INFO  manager.ListenerWD -- After click element-->button
19:48:52.153 INFO  manager.ListenerWD -- Huston, we have a problem
19:48:52.153 INFO  manager.ListenerWD -- Failed method:alert
19:48:52.153 INFO  manager.ListenerWD -- **************************************
19:48:52.153 INFO  manager.ListenerWD -- Arguments:null
19:48:52.153 INFO  manager.ListenerWD -- **************************************
19:48:52.153 INFO  manager.ListenerWD -- Exception:NoAlertPresentException
19:48:52.153 INFO  manager.ListenerWD -- **************************************
19:48:52.153 INFO  manager.ListenerWD -- Message:no such alert
  (Session info: chrome=148.0.7778.181)
Build info: version: '4.26.0', revision: '8ccf0219d7'
System info: os.name: 'Windows 11', os.arch: 'amd64', os.version: '10.0', java.version: '17.0.12'
Driver info: org.openqa.selenium.chrome.ChromeDriver
Command: [7ef41ed7c486c11157c82fed6e6cb670, getAlertText {}]
Capabilities {acceptInsecureCerts: false, browserName: chrome, browserVersion: 148.0.7778.181, chrome: {chromedriverVersion: 148.0.7778.167 (65db666ac2c..., userDataDir: C:\Users\Mariya\AppData\Loc...}, fedcm:accounts: true, goog:chromeOptions: {debuggerAddress: localhost:50285}, goog:processID: 192592, networkConnectionEnabled: false, pageLoadStrategy: normal, platformName: windows, proxy: Proxy(), se:cdp: ws://localhost:50285/devtoo..., se:cdpVersion: 148.0.7778.181, setWindowRect: true, strictFileInteractability: false, timeouts: {implicit: 0, pageLoad: 300000, script: 30000}, unhandledPromptBehavior: dismiss and notify, webauthn:extension:credBlob: true, webauthn:extension:largeBlob: true, webauthn:extension:minPinLength: true, webauthn:extension:prf: true, webauthn:virtualAuthenticators: true}
Session ID: 7ef41ed7c486c11157c82fed6e6cb670
19:48:52.153 INFO  manager.ListenerWD -- **************************************
19:48:52.153 INFO  manager.ListenerWD -- Screen with error is-->src/test/screenchots/screen_1357.png
19:48:54.721 INFO  tests.TestBase -- Assert check is alert present with error text 'Phone not valid'
19:48:54.721 INFO  tests.TestBase -- Assert check is add contact page still displayed
19:48:54.721 INFO  manager.TestNGListener -- Success test --> addNewContactWrongPhone
19:48:54.728 INFO  tests.TestBase -- ===============================================
19:48:54.728 INFO  tests.TestBase -- Name of method (test) ---> addNewContactWrongPhone
19:48:54.728 INFO  manager.TestNGListener -- Start test --> null
19:48:54.728 INFO  tests.TestBase -- Test data ---> name: 'Tony001', last name: 'Brook', phone: '04568',tony@dvo.com', address: 'Dali av. 79/147', description: 'WrongPhone'
19:48:54.728 INFO  manager.ListenerWD -- Before find element-->By.cssSelector: a[href="/add"]
19:48:54.749 INFO  manager.ListenerWD -- After find element-->By.cssSelector: a[href="/add"]
19:48:54.757 INFO  manager.ListenerWD -- Location of element-->a
19:48:54.778 INFO  manager.ListenerWD -- Before click element-->atext-->ADD
19:48:54.888 INFO  manager.ListenerWD -- After click element-->a
19:48:54.888 INFO  manager.ListenerWD -- Before find element-->By.xpath: //input[@placeholder='Name']
19:48:54.903 INFO  manager.ListenerWD -- After find element-->By.xpath: //input[@placeholder='Name']
19:48:54.903 INFO  manager.ListenerWD -- Location of element-->input
19:48:54.918 INFO  manager.ListenerWD -- Before click element-->inputtext-->
19:48:55.034 INFO  manager.ListenerWD -- After click element-->input
19:48:55.093 INFO  manager.ListenerWD -- SendKeys-->
19:48:55.100 INFO  manager.ListenerWD -- SendKeys_TagName-->input
19:48:55.186 INFO  manager.ListenerWD -- SendKeys-->
19:48:55.194 INFO  manager.ListenerWD -- SendKeys_TagName-->input
19:48:55.247 INFO  manager.ListenerWD -- SendKeys-->
19:48:55.253 INFO  manager.ListenerWD -- SendKeys_TagName-->input
19:48:55.294 INFO  manager.ListenerWD -- Before find element-->By.xpath: //input[@placeholder='Last Name']
19:48:55.315 INFO  manager.ListenerWD -- After find element-->By.xpath: //input[@placeholder='Last Name']
19:48:55.324 INFO  manager.ListenerWD -- Location of element-->input
19:48:55.328 INFO  manager.ListenerWD -- Before click element-->inputtext-->
19:48:55.428 INFO  manager.ListenerWD -- After click element-->input
19:48:55.490 INFO  manager.ListenerWD -- SendKeys-->
19:48:55.495 INFO  manager.ListenerWD -- SendKeys_TagName-->input
19:48:55.585 INFO  manager.ListenerWD -- SendKeys-->
19:48:55.586 INFO  manager.ListenerWD -- SendKeys_TagName-->input
19:48:55.637 INFO  manager.ListenerWD -- SendKeys-->
19:48:55.651 INFO  manager.ListenerWD -- SendKeys_TagName-->input
19:48:55.689 INFO  manager.ListenerWD -- Before find element-->By.xpath: //input[@placeholder='Phone']
19:48:55.711 INFO  manager.ListenerWD -- After find element-->By.xpath: //input[@placeholder='Phone']
19:48:55.720 INFO  manager.ListenerWD -- Location of element-->input
19:48:55.736 INFO  manager.ListenerWD -- Before click element-->inputtext-->
19:48:55.856 INFO  manager.ListenerWD -- After click element-->input
19:48:55.911 INFO  manager.ListenerWD -- SendKeys-->
19:48:55.924 INFO  manager.ListenerWD -- SendKeys_TagName-->input
19:48:56.010 INFO  manager.ListenerWD -- SendKeys-->
19:48:56.017 INFO  manager.ListenerWD -- SendKeys_TagName-->input
19:48:56.075 INFO  manager.ListenerWD -- SendKeys-->
19:48:56.078 INFO  manager.ListenerWD -- SendKeys_TagName-->input
19:48:56.109 INFO  manager.ListenerWD -- Before find element-->By.xpath: //input[@placeholder='email']
19:48:56.125 INFO  manager.ListenerWD -- After find element-->By.xpath: //input[@placeholder='email']
19:48:56.142 INFO  manager.ListenerWD -- Location of element-->input
19:48:56.158 INFO  manager.ListenerWD -- Before click element-->inputtext-->
19:48:56.251 INFO  manager.ListenerWD -- After click element-->input
19:48:56.310 INFO  manager.ListenerWD -- SendKeys-->
19:48:56.311 INFO  manager.ListenerWD -- SendKeys_TagName-->input
19:48:56.401 INFO  manager.ListenerWD -- SendKeys-->
19:48:56.402 INFO  manager.ListenerWD -- SendKeys_TagName-->input
19:48:56.461 INFO  manager.ListenerWD -- SendKeys-->
19:48:56.468 INFO  manager.ListenerWD -- SendKeys_TagName-->input
19:48:56.521 INFO  manager.ListenerWD -- Before find element-->By.xpath: //input[@placeholder='Address']
19:48:56.539 INFO  manager.ListenerWD -- After find element-->By.xpath: //input[@placeholder='Address']
19:48:56.544 INFO  manager.ListenerWD -- Location of element-->input
19:48:56.560 INFO  manager.ListenerWD -- Before click element-->inputtext-->
19:48:56.654 INFO  manager.ListenerWD -- After click element-->input
19:48:56.711 INFO  manager.ListenerWD -- SendKeys-->
19:48:56.718 INFO  manager.ListenerWD -- SendKeys_TagName-->input
19:48:56.802 INFO  manager.ListenerWD -- SendKeys-->
19:48:56.802 INFO  manager.ListenerWD -- SendKeys_TagName-->input
19:48:56.863 INFO  manager.ListenerWD -- SendKeys-->
19:48:56.870 INFO  manager.ListenerWD -- SendKeys_TagName-->input
19:48:56.929 INFO  manager.ListenerWD -- Before find element-->By.xpath: //input[@placeholder='description']
19:48:56.953 INFO  manager.ListenerWD -- After find element-->By.xpath: //input[@placeholder='description']
19:48:56.953 INFO  manager.ListenerWD -- Location of element-->input
19:48:56.985 INFO  manager.ListenerWD -- Before click element-->inputtext-->
19:48:57.081 INFO  manager.ListenerWD -- After click element-->input
19:48:57.136 INFO  manager.ListenerWD -- SendKeys-->
19:48:57.143 INFO  manager.ListenerWD -- SendKeys_TagName-->input
19:48:57.227 INFO  manager.ListenerWD -- SendKeys-->
19:48:57.227 INFO  manager.ListenerWD -- SendKeys_TagName-->input
19:48:57.287 INFO  manager.ListenerWD -- SendKeys-->
19:48:57.294 INFO  manager.ListenerWD -- SendKeys_TagName-->input
19:48:57.337 INFO  manager.ListenerWD -- Before find element-->By.cssSelector: .add_main__1tbl_ button
19:48:57.356 INFO  manager.ListenerWD -- After find element-->By.cssSelector: .add_main__1tbl_ button
19:48:57.361 INFO  manager.ListenerWD -- Location of element-->button
19:48:57.377 INFO  manager.ListenerWD -- Before click element-->buttontext-->Save
19:48:57.466 INFO  manager.ListenerWD -- After click element-->button
19:48:57.474 INFO  manager.ListenerWD -- Huston, we have a problem
19:48:57.475 INFO  manager.ListenerWD -- Failed method:alert
19:48:57.475 INFO  manager.ListenerWD -- **************************************
19:48:57.475 INFO  manager.ListenerWD -- Arguments:null
19:48:57.475 INFO  manager.ListenerWD -- **************************************
19:48:57.475 INFO  manager.ListenerWD -- Exception:NoAlertPresentException
19:48:57.475 INFO  manager.ListenerWD -- **************************************
19:48:57.475 INFO  manager.ListenerWD -- Message:no such alert
  (Session info: chrome=148.0.7778.181)
Build info: version: '4.26.0', revision: '8ccf0219d7'
System info: os.name: 'Windows 11', os.arch: 'amd64', os.version: '10.0', java.version: '17.0.12'
Driver info: org.openqa.selenium.chrome.ChromeDriver
Command: [7ef41ed7c486c11157c82fed6e6cb670, getAlertText {}]
Capabilities {acceptInsecureCerts: false, browserName: chrome, browserVersion: 148.0.7778.181, chrome: {chromedriverVersion: 148.0.7778.167 (65db666ac2c..., userDataDir: C:\Users\Mariya\AppData\Loc...}, fedcm:accounts: true, goog:chromeOptions: {debuggerAddress: localhost:50285}, goog:processID: 192592, networkConnectionEnabled: false, pageLoadStrategy: normal, platformName: windows, proxy: Proxy(), se:cdp: ws://localhost:50285/devtoo..., se:cdpVersion: 148.0.7778.181, setWindowRect: true, strictFileInteractability: false, timeouts: {implicit: 0, pageLoad: 300000, script: 30000}, unhandledPromptBehavior: dismiss and notify, webauthn:extension:credBlob: true, webauthn:extension:largeBlob: true, webauthn:extension:minPinLength: true, webauthn:extension:prf: true, webauthn:virtualAuthenticators: true}
Session ID: 7ef41ed7c486c11157c82fed6e6cb670
19:48:57.475 INFO  manager.ListenerWD -- **************************************
19:48:57.475 INFO  manager.ListenerWD -- Screen with error is-->src/test/screenchots/screen_1258.png
19:49:00.043 INFO  tests.TestBase -- Assert check is alert present with error text 'Phone not valid'
19:49:00.043 INFO  tests.TestBase -- Assert check is add contact page still displayed
19:49:00.044 INFO  manager.TestNGListener -- Success test --> addNewContactWrongPhone
19:49:00.046 INFO  tests.TestBase -- ===============================================
19:49:00.047 INFO  tests.TestBase -- Name of method (test) ---> addNewContactWrongPhone
19:49:00.047 INFO  manager.TestNGListener -- Start test --> null
19:49:00.047 INFO  tests.TestBase -- Test data ---> name: 'Tony001', last name: 'Brook', phone: '04568',tony@dvo.com', address: 'Dali av. 79/147', description: 'WrongPhone'
19:49:00.047 INFO  manager.ListenerWD -- Before find element-->By.cssSelector: a[href="/add"]
19:49:00.078 INFO  manager.ListenerWD -- After find element-->By.cssSelector: a[href="/add"]
19:49:00.088 INFO  manager.ListenerWD -- Location of element-->a
19:49:00.120 INFO  manager.ListenerWD -- Before click element-->atext-->ADD
19:49:00.247 INFO  manager.ListenerWD -- After click element-->a
19:49:00.247 INFO  manager.ListenerWD -- Before find element-->By.xpath: //input[@placeholder='Name']
19:49:00.260 INFO  manager.ListenerWD -- After find element-->By.xpath: //input[@placeholder='Name']
19:49:00.273 INFO  manager.ListenerWD -- Location of element-->input
19:49:00.296 INFO  manager.ListenerWD -- Before click element-->inputtext-->
19:49:00.403 INFO  manager.ListenerWD -- After click element-->input
19:49:00.466 INFO  manager.ListenerWD -- SendKeys-->
19:49:00.475 INFO  manager.ListenerWD -- SendKeys_TagName-->input
19:49:00.566 INFO  manager.ListenerWD -- SendKeys-->
19:49:00.569 INFO  manager.ListenerWD -- SendKeys_TagName-->input
19:49:00.631 INFO  manager.ListenerWD -- SendKeys-->
19:49:00.635 INFO  manager.ListenerWD -- SendKeys_TagName-->input
19:49:00.681 INFO  manager.ListenerWD -- Before find element-->By.xpath: //input[@placeholder='Last Name']
19:49:00.702 INFO  manager.ListenerWD -- After find element-->By.xpath: //input[@placeholder='Last Name']
19:49:00.702 INFO  manager.ListenerWD -- Location of element-->input
19:49:00.729 INFO  manager.ListenerWD -- Before click element-->inputtext-->
19:49:00.828 INFO  manager.ListenerWD -- After click element-->input
19:49:00.893 INFO  manager.ListenerWD -- SendKeys-->
19:49:00.893 INFO  manager.ListenerWD -- SendKeys_TagName-->input
19:49:00.993 INFO  manager.ListenerWD -- SendKeys-->
19:49:00.993 INFO  manager.ListenerWD -- SendKeys_TagName-->input
19:49:01.057 INFO  manager.ListenerWD -- SendKeys-->
19:49:01.060 INFO  manager.ListenerWD -- SendKeys_TagName-->input
19:49:01.110 INFO  manager.ListenerWD -- Before find element-->By.xpath: //input[@placeholder='Phone']
19:49:01.127 INFO  manager.ListenerWD -- After find element-->By.xpath: //input[@placeholder='Phone']
19:49:01.136 INFO  manager.ListenerWD -- Location of element-->input
19:49:01.157 INFO  manager.ListenerWD -- Before click element-->inputtext-->
19:49:01.253 INFO  manager.ListenerWD -- After click element-->input
19:49:01.311 INFO  manager.ListenerWD -- SendKeys-->
19:49:01.317 INFO  manager.ListenerWD -- SendKeys_TagName-->input
19:49:01.375 INFO  manager.ListenerWD -- SendKeys-->
19:49:01.377 INFO  manager.ListenerWD -- SendKeys_TagName-->input
19:49:01.441 INFO  manager.ListenerWD -- SendKeys-->
19:49:01.444 INFO  manager.ListenerWD -- SendKeys_TagName-->input
19:49:01.511 INFO  manager.ListenerWD -- Before find element-->By.xpath: //input[@placeholder='email']
19:49:01.527 INFO  manager.ListenerWD -- After find element-->By.xpath: //input[@placeholder='email']
19:49:01.542 INFO  manager.ListenerWD -- Location of element-->input
19:49:01.558 INFO  manager.ListenerWD -- Before click element-->inputtext-->
19:49:01.663 INFO  manager.ListenerWD -- After click element-->input
19:49:01.721 INFO  manager.ListenerWD -- SendKeys-->
19:49:01.727 INFO  manager.ListenerWD -- SendKeys_TagName-->input
19:49:01.818 INFO  manager.ListenerWD -- SendKeys-->
19:49:01.826 INFO  manager.ListenerWD -- SendKeys_TagName-->input
19:49:01.881 INFO  manager.ListenerWD -- SendKeys-->
19:49:01.893 INFO  manager.ListenerWD -- SendKeys_TagName-->input
19:49:01.947 INFO  manager.ListenerWD -- Before find element-->By.xpath: //input[@placeholder='Address']
19:49:01.967 INFO  manager.ListenerWD -- After find element-->By.xpath: //input[@placeholder='Address']
19:49:01.969 INFO  manager.ListenerWD -- Location of element-->input
19:49:01.984 INFO  manager.ListenerWD -- Before click element-->inputtext-->
19:49:02.095 INFO  manager.ListenerWD -- After click element-->input
19:49:02.156 INFO  manager.ListenerWD -- SendKeys-->
19:49:02.160 INFO  manager.ListenerWD -- SendKeys_TagName-->input
19:49:02.254 INFO  manager.ListenerWD -- SendKeys-->
19:49:02.260 INFO  manager.ListenerWD -- SendKeys_TagName-->input
19:49:02.314 INFO  manager.ListenerWD -- SendKeys-->
19:49:02.318 INFO  manager.ListenerWD -- SendKeys_TagName-->input
19:49:02.370 INFO  manager.ListenerWD -- Before find element-->By.xpath: //input[@placeholder='description']
19:49:02.385 INFO  manager.ListenerWD -- After find element-->By.xpath: //input[@placeholder='description']
19:49:02.385 INFO  manager.ListenerWD -- Location of element-->input
19:49:02.416 INFO  manager.ListenerWD -- Before click element-->inputtext-->
19:49:02.511 INFO  manager.ListenerWD -- After click element-->input
19:49:02.569 INFO  manager.ListenerWD -- SendKeys-->
19:49:02.578 INFO  manager.ListenerWD -- SendKeys_TagName-->input
19:49:02.664 INFO  manager.ListenerWD -- SendKeys-->
19:49:02.668 INFO  manager.ListenerWD -- SendKeys_TagName-->input
19:49:02.728 INFO  manager.ListenerWD -- SendKeys-->
19:49:02.735 INFO  manager.ListenerWD -- SendKeys_TagName-->input
19:49:02.780 INFO  manager.ListenerWD -- Before find element-->By.cssSelector: .add_main__1tbl_ button
19:49:02.800 INFO  manager.ListenerWD -- After find element-->By.cssSelector: .add_main__1tbl_ button
19:49:02.809 INFO  manager.ListenerWD -- Location of element-->button
19:49:02.826 INFO  manager.ListenerWD -- Before click element-->buttontext-->Save
19:49:02.911 INFO  manager.ListenerWD -- After click element-->button
19:49:02.921 INFO  manager.ListenerWD -- Huston, we have a problem
19:49:02.921 INFO  manager.ListenerWD -- Failed method:alert
19:49:02.921 INFO  manager.ListenerWD -- **************************************
19:49:02.921 INFO  manager.ListenerWD -- Arguments:null
19:49:02.921 INFO  manager.ListenerWD -- **************************************
19:49:02.921 INFO  manager.ListenerWD -- Exception:NoAlertPresentException
19:49:02.921 INFO  manager.ListenerWD -- **************************************
19:49:02.921 INFO  manager.ListenerWD -- Message:no such alert
  (Session info: chrome=148.0.7778.181)
Build info: version: '4.26.0', revision: '8ccf0219d7'
System info: os.name: 'Windows 11', os.arch: 'amd64', os.version: '10.0', java.version: '17.0.12'
Driver info: org.openqa.selenium.chrome.ChromeDriver
Command: [7ef41ed7c486c11157c82fed6e6cb670, getAlertText {}]
Capabilities {acceptInsecureCerts: false, browserName: chrome, browserVersion: 148.0.7778.181, chrome: {chromedriverVersion: 148.0.7778.167 (65db666ac2c..., userDataDir: C:\Users\Mariya\AppData\Loc...}, fedcm:accounts: true, goog:chromeOptions: {debuggerAddress: localhost:50285}, goog:processID: 192592, networkConnectionEnabled: false, pageLoadStrategy: normal, platformName: windows, proxy: Proxy(), se:cdp: ws://localhost:50285/devtoo..., se:cdpVersion: 148.0.7778.181, setWindowRect: true, strictFileInteractability: false, timeouts: {implicit: 0, pageLoad: 300000, script: 30000}, unhandledPromptBehavior: dismiss and notify, webauthn:extension:credBlob: true, webauthn:extension:largeBlob: true, webauthn:extension:minPinLength: true, webauthn:extension:prf: true, webauthn:virtualAuthenticators: true}
Session ID: 7ef41ed7c486c11157c82fed6e6cb670
19:49:02.921 INFO  manager.ListenerWD -- **************************************
19:49:02.921 INFO  manager.ListenerWD -- Screen with error is-->src/test/screenchots/screen_1867.png
19:49:05.486 INFO  tests.TestBase -- Assert check is alert present with error text 'Phone not valid'
19:49:05.486 INFO  tests.TestBase -- Assert check is add contact page still displayed
19:49:05.486 INFO  manager.TestNGListener -- Success test --> addNewContactWrongPhone
19:49:05.486 INFO  tests.TestBase -- ===============================================
19:49:05.486 INFO  tests.TestBase -- Name of method (test) ---> addNewContactWrongPhone
19:49:05.486 INFO  manager.TestNGListener -- Start test --> null
19:49:05.493 INFO  tests.TestBase -- Test data ---> name: 'Tony001', last name: 'Brook', phone: '04568',tony@dvo.com', address: 'Dali av. 79/147', description: 'WrongPhone'
19:49:05.493 INFO  manager.ListenerWD -- Before find element-->By.cssSelector: a[href="/add"]
19:49:05.511 INFO  manager.ListenerWD -- After find element-->By.cssSelector: a[href="/add"]
19:49:05.528 INFO  manager.ListenerWD -- Location of element-->a
19:49:05.552 INFO  manager.ListenerWD -- Before click element-->atext-->ADD
19:49:05.671 INFO  manager.ListenerWD -- After click element-->a
19:49:05.671 INFO  manager.ListenerWD -- Before find element-->By.xpath: //input[@placeholder='Name']
19:49:05.684 INFO  manager.ListenerWD -- After find element-->By.xpath: //input[@placeholder='Name']
19:49:05.684 INFO  manager.ListenerWD -- Location of element-->input
19:49:05.700 INFO  manager.ListenerWD -- Before click element-->inputtext-->
19:49:05.813 INFO  manager.ListenerWD -- After click element-->input
19:49:05.876 INFO  manager.ListenerWD -- SendKeys-->
19:49:05.884 INFO  manager.ListenerWD -- SendKeys_TagName-->input
19:49:05.977 INFO  manager.ListenerWD -- SendKeys-->
19:49:05.985 INFO  manager.ListenerWD -- SendKeys_TagName-->input
19:49:06.043 INFO  manager.ListenerWD -- SendKeys-->
19:49:06.051 INFO  manager.ListenerWD -- SendKeys_TagName-->input
19:49:06.101 INFO  manager.ListenerWD -- Before find element-->By.xpath: //input[@placeholder='Last Name']
19:49:06.118 INFO  manager.ListenerWD -- After find element-->By.xpath: //input[@placeholder='Last Name']
19:49:06.118 INFO  manager.ListenerWD -- Location of element-->input
19:49:06.133 INFO  manager.ListenerWD -- Before click element-->inputtext-->
19:49:06.247 INFO  manager.ListenerWD -- After click element-->input
19:49:06.306 INFO  manager.ListenerWD -- SendKeys-->
19:49:06.310 INFO  manager.ListenerWD -- SendKeys_TagName-->input
19:49:06.400 INFO  manager.ListenerWD -- SendKeys-->
19:49:06.408 INFO  manager.ListenerWD -- SendKeys_TagName-->input
19:49:06.460 INFO  manager.ListenerWD -- SendKeys-->
19:49:06.467 INFO  manager.ListenerWD -- SendKeys_TagName-->input
19:49:06.512 INFO  manager.ListenerWD -- Before find element-->By.xpath: //input[@placeholder='Phone']
19:49:06.535 INFO  manager.ListenerWD -- After find element-->By.xpath: //input[@placeholder='Phone']
19:49:06.535 INFO  manager.ListenerWD -- Location of element-->input
19:49:06.560 INFO  manager.ListenerWD -- Before click element-->inputtext-->
19:49:06.667 INFO  manager.ListenerWD -- After click element-->input
19:49:06.726 INFO  manager.ListenerWD -- SendKeys-->
19:49:06.726 INFO  manager.ListenerWD -- SendKeys_TagName-->input
19:49:06.824 INFO  manager.ListenerWD -- SendKeys-->
19:49:06.826 INFO  manager.ListenerWD -- SendKeys_TagName-->input
19:49:06.884 INFO  manager.ListenerWD -- SendKeys-->
19:49:06.893 INFO  manager.ListenerWD -- SendKeys_TagName-->input
19:49:06.938 INFO  manager.ListenerWD -- Before find element-->By.xpath: //input[@placeholder='email']
19:49:06.960 INFO  manager.ListenerWD -- After find element-->By.xpath: //input[@placeholder='email']
19:49:06.960 INFO  manager.ListenerWD -- Location of element-->input
19:49:06.991 INFO  manager.ListenerWD -- Before click element-->inputtext-->
19:49:07.081 INFO  manager.ListenerWD -- After click element-->input
19:49:07.137 INFO  manager.ListenerWD -- SendKeys-->
19:49:07.143 INFO  manager.ListenerWD -- SendKeys_TagName-->input
19:49:07.227 INFO  manager.ListenerWD -- SendKeys-->
19:49:07.234 INFO  manager.ListenerWD -- SendKeys_TagName-->input
19:49:07.287 INFO  manager.ListenerWD -- SendKeys-->
19:49:07.293 INFO  manager.ListenerWD -- SendKeys_TagName-->input
19:49:07.344 INFO  manager.ListenerWD -- Before find element-->By.xpath: //input[@placeholder='Address']
19:49:07.364 INFO  manager.ListenerWD -- After find element-->By.xpath: //input[@placeholder='Address']
19:49:07.368 INFO  manager.ListenerWD -- Location of element-->input
19:49:07.387 INFO  manager.ListenerWD -- Before click element-->inputtext-->
19:49:07.487 INFO  manager.ListenerWD -- After click element-->input
19:49:07.543 INFO  manager.ListenerWD -- SendKeys-->
19:49:07.550 INFO  manager.ListenerWD -- SendKeys_TagName-->input
19:49:07.631 INFO  manager.ListenerWD -- SendKeys-->
19:49:07.634 INFO  manager.ListenerWD -- SendKeys_TagName-->input
19:49:07.694 INFO  manager.ListenerWD -- SendKeys-->
19:49:07.701 INFO  manager.ListenerWD -- SendKeys_TagName-->input
19:49:07.755 INFO  manager.ListenerWD -- Before find element-->By.xpath: //input[@placeholder='description']
19:49:07.775 INFO  manager.ListenerWD -- After find element-->By.xpath: //input[@placeholder='description']
19:49:07.777 INFO  manager.ListenerWD -- Location of element-->input
19:49:07.792 INFO  manager.ListenerWD -- Before click element-->inputtext-->
19:49:07.895 INFO  manager.ListenerWD -- After click element-->input
19:49:07.951 INFO  manager.ListenerWD -- SendKeys-->
19:49:07.951 INFO  manager.ListenerWD -- SendKeys_TagName-->input
19:49:08.042 INFO  manager.ListenerWD -- SendKeys-->
19:49:08.042 INFO  manager.ListenerWD -- SendKeys_TagName-->input
19:49:08.093 INFO  manager.ListenerWD -- SendKeys-->
19:49:08.107 INFO  manager.ListenerWD -- SendKeys_TagName-->input
19:49:08.164 INFO  manager.ListenerWD -- Before find element-->By.cssSelector: .add_main__1tbl_ button
19:49:08.184 INFO  manager.ListenerWD -- After find element-->By.cssSelector: .add_main__1tbl_ button
19:49:08.184 INFO  manager.ListenerWD -- Location of element-->button
19:49:08.216 INFO  manager.ListenerWD -- Before click element-->buttontext-->Save
19:49:08.310 INFO  manager.ListenerWD -- After click element-->button
19:49:08.318 INFO  manager.ListenerWD -- Huston, we have a problem
19:49:08.318 INFO  manager.ListenerWD -- Failed method:alert
19:49:08.318 INFO  manager.ListenerWD -- **************************************
19:49:08.318 INFO  manager.ListenerWD -- Arguments:null
19:49:08.318 INFO  manager.ListenerWD -- **************************************
19:49:08.318 INFO  manager.ListenerWD -- Exception:NoAlertPresentException
19:49:08.318 INFO  manager.ListenerWD -- **************************************
19:49:08.318 INFO  manager.ListenerWD -- Message:no such alert
  (Session info: chrome=148.0.7778.181)
Build info: version: '4.26.0', revision: '8ccf0219d7'
System info: os.name: 'Windows 11', os.arch: 'amd64', os.version: '10.0', java.version: '17.0.12'
Driver info: org.openqa.selenium.chrome.ChromeDriver
Command: [7ef41ed7c486c11157c82fed6e6cb670, getAlertText {}]
Capabilities {acceptInsecureCerts: false, browserName: chrome, browserVersion: 148.0.7778.181, chrome: {chromedriverVersion: 148.0.7778.167 (65db666ac2c..., userDataDir: C:\Users\Mariya\AppData\Loc...}, fedcm:accounts: true, goog:chromeOptions: {debuggerAddress: localhost:50285}, goog:processID: 192592, networkConnectionEnabled: false, pageLoadStrategy: normal, platformName: windows, proxy: Proxy(), se:cdp: ws://localhost:50285/devtoo..., se:cdpVersion: 148.0.7778.181, setWindowRect: true, strictFileInteractability: false, timeouts: {implicit: 0, pageLoad: 300000, script: 30000}, unhandledPromptBehavior: dismiss and notify, webauthn:extension:credBlob: true, webauthn:extension:largeBlob: true, webauthn:extension:minPinLength: true, webauthn:extension:prf: true, webauthn:virtualAuthenticators: true}
Session ID: 7ef41ed7c486c11157c82fed6e6cb670
19:49:08.318 INFO  manager.ListenerWD -- **************************************
19:49:08.318 INFO  manager.ListenerWD -- Screen with error is-->src/test/screenchots/screen_1166.png
19:49:10.894 INFO  tests.TestBase -- Assert check is alert present with error text 'Phone not valid'
19:49:10.894 INFO  tests.TestBase -- Assert check is add contact page still displayed
19:49:10.894 INFO  manager.TestNGListener -- Success test --> addNewContactWrongPhone
19:49:10.894 INFO  tests.TestBase -- ===============================================
19:49:10.900 INFO  tests.TestBase -- Name of method (test) ---> loginSuccess
19:49:10.928 INFO  manager.ListenerWD -- Before find element-->By.xpath: //button[text()='Sign Out']
19:49:10.959 INFO  manager.ListenerWD -- After find element-->By.xpath: //button[text()='Sign Out']
19:49:10.969 INFO  manager.ListenerWD -- Location of element-->button
19:49:10.995 INFO  manager.ListenerWD -- Before click element-->buttontext-->Sign Out
19:49:11.127 INFO  tests.TestBase -- Before method finished logout
19:49:11.127 INFO  manager.TestNGListener -- Start test --> null
19:49:11.128 INFO  tests.TestBase -- Start test with name 'loginSuccess'
19:49:11.128 INFO  tests.TestBase -- Test data ---> email: margo@gmail.com& password: Mmar123456$
19:49:11.128 INFO  manager.ListenerWD -- Before find element-->By.cssSelector: a[href='/login']
19:49:11.150 INFO  manager.ListenerWD -- After find element-->By.cssSelector: a[href='/login']
19:49:11.150 INFO  manager.ListenerWD -- Location of element-->a
19:49:11.166 INFO  manager.ListenerWD -- Before click element-->atext-->LOGIN
19:49:11.282 INFO  manager.ListenerWD -- After click element-->a
19:49:11.282 INFO  manager.ListenerWD -- Before find element-->By.name: email
19:49:11.305 INFO  manager.ListenerWD -- After find element-->By.name: email
19:49:11.316 INFO  manager.ListenerWD -- Location of element-->input
19:49:11.334 INFO  manager.ListenerWD -- Before click element-->inputtext-->
19:49:11.469 INFO  manager.ListenerWD -- After click element-->input
19:49:11.516 INFO  manager.ListenerWD -- SendKeys-->
19:49:11.532 INFO  manager.ListenerWD -- SendKeys_TagName-->input
19:49:11.595 INFO  manager.ListenerWD -- SendKeys-->
19:49:11.604 INFO  manager.ListenerWD -- SendKeys_TagName-->input
19:49:11.661 INFO  manager.ListenerWD -- SendKeys-->
19:49:11.668 INFO  manager.ListenerWD -- SendKeys_TagName-->input
19:49:11.730 INFO  manager.ListenerWD -- Before find element-->By.xpath: //input[@placeholder='Password']
19:49:11.754 INFO  manager.ListenerWD -- After find element-->By.xpath: //input[@placeholder='Password']
19:49:11.764 INFO  manager.ListenerWD -- Location of element-->input
19:49:11.785 INFO  manager.ListenerWD -- Before click element-->inputtext-->
19:49:11.921 INFO  manager.ListenerWD -- After click element-->input
19:49:11.958 INFO  manager.ListenerWD -- SendKeys-->
19:49:11.974 INFO  manager.ListenerWD -- SendKeys_TagName-->input
19:49:12.035 INFO  manager.ListenerWD -- SendKeys-->
19:49:12.042 INFO  manager.ListenerWD -- SendKeys_TagName-->input
19:49:12.097 INFO  manager.ListenerWD -- SendKeys-->
19:49:12.107 INFO  manager.ListenerWD -- SendKeys_TagName-->input
19:49:12.169 INFO  manager.ListenerWD -- Before find element-->By.xpath: //button[text()='Login']
19:49:12.192 INFO  manager.ListenerWD -- After find element-->By.xpath: //button[text()='Login']
19:49:12.201 INFO  manager.ListenerWD -- Location of element-->button
19:49:12.217 INFO  manager.ListenerWD -- Before click element-->buttontext-->Login
19:49:12.625 INFO  tests.TestBase -- Assert check is element button 'Sign out' present
19:49:12.625 INFO  manager.TestNGListener -- Success test --> loginSuccess
19:49:12.640 INFO  tests.TestBase -- ===============================================
19:49:12.640 INFO  tests.TestBase -- Name of method (test) ---> loginSuccess
19:49:12.659 INFO  manager.ListenerWD -- Before find element-->By.xpath: //button[text()='Sign Out']
19:49:12.673 INFO  manager.ListenerWD -- After find element-->By.xpath: //button[text()='Sign Out']
19:49:12.673 INFO  manager.ListenerWD -- Location of element-->button
19:49:12.697 INFO  manager.ListenerWD -- Before click element-->buttontext-->Sign Out
19:49:12.817 INFO  tests.TestBase -- Before method finished logout
19:49:12.818 INFO  manager.TestNGListener -- Start test --> null
19:49:12.818 INFO  tests.TestBase -- Start test with name 'loginSuccess'
19:49:12.818 INFO  tests.TestBase -- Test data ---> email: sonya@gmail.com& password: Ss12345$
19:49:12.818 INFO  manager.ListenerWD -- Before find element-->By.cssSelector: a[href='/login']
19:49:12.825 INFO  manager.ListenerWD -- After find element-->By.cssSelector: a[href='/login']
19:49:12.841 INFO  manager.ListenerWD -- Location of element-->a
19:49:12.857 INFO  manager.ListenerWD -- Before click element-->atext-->LOGIN
19:49:12.965 INFO  manager.ListenerWD -- After click element-->a
19:49:12.965 INFO  manager.ListenerWD -- Before find element-->By.name: email
19:49:12.986 INFO  manager.ListenerWD -- After find element-->By.name: email
19:49:12.995 INFO  manager.ListenerWD -- Location of element-->input
19:49:13.018 INFO  manager.ListenerWD -- Before click element-->inputtext-->
19:49:13.137 INFO  manager.ListenerWD -- After click element-->input
19:49:13.181 INFO  manager.ListenerWD -- SendKeys-->
19:49:13.189 INFO  manager.ListenerWD -- SendKeys_TagName-->input
19:49:13.248 INFO  manager.ListenerWD -- SendKeys-->
19:49:13.251 INFO  manager.ListenerWD -- SendKeys_TagName-->input
19:49:13.310 INFO  manager.ListenerWD -- SendKeys-->
19:49:13.317 INFO  manager.ListenerWD -- SendKeys_TagName-->input
19:49:13.378 INFO  manager.ListenerWD -- Before find element-->By.xpath: //input[@placeholder='Password']
19:49:13.398 INFO  manager.ListenerWD -- After find element-->By.xpath: //input[@placeholder='Password']
19:49:13.407 INFO  manager.ListenerWD -- Location of element-->input
19:49:13.429 INFO  manager.ListenerWD -- Before click element-->inputtext-->
19:49:13.561 INFO  manager.ListenerWD -- After click element-->input
19:49:13.600 INFO  manager.ListenerWD -- SendKeys-->
19:49:13.615 INFO  manager.ListenerWD -- SendKeys_TagName-->input
19:49:13.675 INFO  manager.ListenerWD -- SendKeys-->
19:49:13.683 INFO  manager.ListenerWD -- SendKeys_TagName-->input
19:49:13.738 INFO  manager.ListenerWD -- SendKeys-->
19:49:13.742 INFO  manager.ListenerWD -- SendKeys_TagName-->input
19:49:13.802 INFO  manager.ListenerWD -- Before find element-->By.xpath: //button[text()='Login']
19:49:13.818 INFO  manager.ListenerWD -- After find element-->By.xpath: //button[text()='Login']
19:49:13.825 INFO  manager.ListenerWD -- Location of element-->button
19:49:13.846 INFO  manager.ListenerWD -- Before click element-->buttontext-->Login
19:49:14.223 INFO  tests.TestBase -- Assert check is element button 'Sign out' present
19:49:14.224 INFO  manager.TestNGListener -- Success test --> loginSuccess
19:49:14.224 INFO  tests.TestBase -- ===============================================
19:49:14.225 INFO  tests.TestBase -- Name of method (test) ---> loginSuccess
19:49:14.246 INFO  manager.ListenerWD -- Before find element-->By.xpath: //button[text()='Sign Out']
19:49:14.257 INFO  manager.ListenerWD -- After find element-->By.xpath: //button[text()='Sign Out']
19:49:14.257 INFO  manager.ListenerWD -- Location of element-->button
19:49:14.289 INFO  manager.ListenerWD -- Before click element-->buttontext-->Sign Out
19:49:14.390 INFO  tests.TestBase -- Before method finished logout
19:49:14.390 INFO  manager.TestNGListener -- Start test --> null
19:49:14.391 INFO  tests.TestBase -- Start test with name 'loginSuccess'
19:49:14.391 INFO  tests.TestBase -- Test data ---> email: art276@art.com& password: $Art1$2$3456789
19:49:14.391 INFO  manager.ListenerWD -- Before find element-->By.cssSelector: a[href='/login']
19:49:14.409 INFO  manager.ListenerWD -- After find element-->By.cssSelector: a[href='/login']
19:49:14.419 INFO  manager.ListenerWD -- Location of element-->a
19:49:14.425 INFO  manager.ListenerWD -- Before click element-->atext-->LOGIN
19:49:14.529 INFO  manager.ListenerWD -- After click element-->a
19:49:14.529 INFO  manager.ListenerWD -- Before find element-->By.name: email
19:49:14.551 INFO  manager.ListenerWD -- After find element-->By.name: email
19:49:14.560 INFO  manager.ListenerWD -- Location of element-->input
19:49:14.582 INFO  manager.ListenerWD -- Before click element-->inputtext-->
19:49:14.703 INFO  manager.ListenerWD -- After click element-->input
19:49:14.748 INFO  manager.ListenerWD -- SendKeys-->
19:49:14.748 INFO  manager.ListenerWD -- SendKeys_TagName-->input
19:49:14.818 INFO  manager.ListenerWD -- SendKeys-->
19:49:14.825 INFO  manager.ListenerWD -- SendKeys_TagName-->input
19:49:14.885 INFO  manager.ListenerWD -- SendKeys-->
19:49:14.892 INFO  manager.ListenerWD -- SendKeys_TagName-->input
19:49:14.954 INFO  manager.ListenerWD -- Before find element-->By.xpath: //input[@placeholder='Password']
19:49:14.973 INFO  manager.ListenerWD -- After find element-->By.xpath: //input[@placeholder='Password']
19:49:14.983 INFO  manager.ListenerWD -- Location of element-->input
19:49:15.006 INFO  manager.ListenerWD -- Before click element-->inputtext-->
19:49:15.140 INFO  manager.ListenerWD -- After click element-->input
19:49:15.189 INFO  manager.ListenerWD -- SendKeys-->
19:49:15.189 INFO  manager.ListenerWD -- SendKeys_TagName-->input
19:49:15.255 INFO  manager.ListenerWD -- SendKeys-->
19:49:15.259 INFO  manager.ListenerWD -- SendKeys_TagName-->input
19:49:15.317 INFO  manager.ListenerWD -- SendKeys-->
19:49:15.325 INFO  manager.ListenerWD -- SendKeys_TagName-->input
19:49:15.383 INFO  manager.ListenerWD -- Before find element-->By.xpath: //button[text()='Login']
19:49:15.400 INFO  manager.ListenerWD -- After find element-->By.xpath: //button[text()='Login']
19:49:15.408 INFO  manager.ListenerWD -- Location of element-->button
19:49:15.434 INFO  manager.ListenerWD -- Before click element-->buttontext-->Login
19:49:15.848 INFO  tests.TestBase -- Assert check is element button 'Sign out' present
19:49:15.848 INFO  manager.TestNGListener -- Success test --> loginSuccess
19:49:15.848 INFO  tests.TestBase -- ===============================================
19:49:15.848 INFO  tests.TestBase -- Name of method (test) ---> loginSuccess1
19:49:15.873 INFO  manager.ListenerWD -- Before find element-->By.xpath: //button[text()='Sign Out']
19:49:15.889 INFO  manager.ListenerWD -- After find element-->By.xpath: //button[text()='Sign Out']
19:49:15.899 INFO  manager.ListenerWD -- Location of element-->button
19:49:15.923 INFO  manager.ListenerWD -- Before click element-->buttontext-->Sign Out
19:49:16.040 INFO  tests.TestBase -- Before method finished logout
19:49:16.041 INFO  manager.TestNGListener -- Start test --> null
19:49:16.041 INFO  manager.ListenerWD -- Before find element-->By.cssSelector: a[href='/login']
19:49:16.059 INFO  manager.ListenerWD -- After find element-->By.cssSelector: a[href='/login']
19:49:16.068 INFO  manager.ListenerWD -- Location of element-->a
19:49:16.089 INFO  manager.ListenerWD -- Before click element-->atext-->LOGIN
19:49:16.193 INFO  manager.ListenerWD -- After click element-->a
19:49:16.195 INFO  manager.ListenerWD -- Before find element-->By.name: email
19:49:16.214 INFO  manager.ListenerWD -- After find element-->By.name: email
19:49:16.224 INFO  manager.ListenerWD -- Location of element-->input
19:49:16.247 INFO  manager.ListenerWD -- Before click element-->inputtext-->
19:49:16.374 INFO  manager.ListenerWD -- After click element-->input
19:49:16.423 INFO  manager.ListenerWD -- SendKeys-->
19:49:16.439 INFO  manager.ListenerWD -- SendKeys_TagName-->input
19:49:16.493 INFO  manager.ListenerWD -- SendKeys-->
19:49:16.500 INFO  manager.ListenerWD -- SendKeys_TagName-->input
19:49:16.555 INFO  manager.ListenerWD -- SendKeys-->
19:49:16.558 INFO  manager.ListenerWD -- SendKeys_TagName-->input
19:49:16.627 INFO  manager.ListenerWD -- Before find element-->By.xpath: //input[@placeholder='Password']
19:49:16.648 INFO  manager.ListenerWD -- After find element-->By.xpath: //input[@placeholder='Password']
19:49:16.657 INFO  manager.ListenerWD -- Location of element-->input
19:49:16.680 INFO  manager.ListenerWD -- Before click element-->inputtext-->
19:49:16.814 INFO  manager.ListenerWD -- After click element-->input
19:49:16.865 INFO  manager.ListenerWD -- SendKeys-->
19:49:16.865 INFO  manager.ListenerWD -- SendKeys_TagName-->input
19:49:16.925 INFO  manager.ListenerWD -- SendKeys-->
19:49:16.934 INFO  manager.ListenerWD -- SendKeys_TagName-->input
19:49:17.000 INFO  manager.ListenerWD -- SendKeys-->
19:49:17.009 INFO  manager.ListenerWD -- SendKeys_TagName-->input
19:49:17.070 INFO  manager.ListenerWD -- Before find element-->By.xpath: //button[text()='Login']
19:49:17.088 INFO  manager.ListenerWD -- After find element-->By.xpath: //button[text()='Login']
19:49:17.093 INFO  manager.ListenerWD -- Location of element-->button
19:49:17.117 INFO  manager.ListenerWD -- Before click element-->buttontext-->Login
19:49:17.490 INFO  manager.TestNGListener -- Success test --> loginSuccess1
19:49:17.490 INFO  tests.TestBase -- ===============================================
19:49:17.491 INFO  tests.TestBase -- Name of method (test) ---> loginSuccessModel
19:49:17.511 INFO  manager.ListenerWD -- Before find element-->By.xpath: //button[text()='Sign Out']
19:49:17.523 INFO  manager.ListenerWD -- After find element-->By.xpath: //button[text()='Sign Out']
19:49:17.523 INFO  manager.ListenerWD -- Location of element-->button
19:49:17.555 INFO  manager.ListenerWD -- Before click element-->buttontext-->Sign Out
19:49:17.655 INFO  tests.TestBase -- Before method finished logout
19:49:17.656 INFO  manager.TestNGListener -- Start test --> null
19:49:17.657 INFO  tests.TestBase -- Test data ---> User{email='art276@art.com', password='$Art1$2$3456789'}
19:49:17.657 INFO  manager.ListenerWD -- Before find element-->By.cssSelector: a[href='/login']
19:49:17.675 INFO  manager.ListenerWD -- After find element-->By.cssSelector: a[href='/login']
19:49:17.684 INFO  manager.ListenerWD -- Location of element-->a
19:49:17.691 INFO  manager.ListenerWD -- Before click element-->atext-->LOGIN
19:49:17.796 INFO  manager.ListenerWD -- After click element-->a
19:49:17.796 INFO  manager.ListenerWD -- Before find element-->By.name: email
19:49:17.815 INFO  manager.ListenerWD -- After find element-->By.name: email
19:49:17.824 INFO  manager.ListenerWD -- Location of element-->input
19:49:17.846 INFO  manager.ListenerWD -- Before click element-->inputtext-->
19:49:17.964 INFO  manager.ListenerWD -- After click element-->input
19:49:18.013 INFO  manager.ListenerWD -- SendKeys-->
19:49:18.013 INFO  manager.ListenerWD -- SendKeys_TagName-->input
19:49:18.080 INFO  manager.ListenerWD -- SendKeys-->
19:49:18.083 INFO  manager.ListenerWD -- SendKeys_TagName-->input
19:49:18.148 INFO  manager.ListenerWD -- SendKeys-->
19:49:18.156 INFO  manager.ListenerWD -- SendKeys_TagName-->input
19:49:18.215 INFO  manager.ListenerWD -- Before find element-->By.xpath: //input[@placeholder='Password']
19:49:18.235 INFO  manager.ListenerWD -- After find element-->By.xpath: //input[@placeholder='Password']
19:49:18.244 INFO  manager.ListenerWD -- Location of element-->input
19:49:18.266 INFO  manager.ListenerWD -- Before click element-->inputtext-->
19:49:18.400 INFO  manager.ListenerWD -- After click element-->input
19:49:18.447 INFO  manager.ListenerWD -- SendKeys-->
19:49:18.447 INFO  manager.ListenerWD -- SendKeys_TagName-->input
19:49:18.515 INFO  manager.ListenerWD -- SendKeys-->
19:49:18.516 INFO  manager.ListenerWD -- SendKeys_TagName-->input
19:49:18.576 INFO  manager.ListenerWD -- SendKeys-->
19:49:18.584 INFO  manager.ListenerWD -- SendKeys_TagName-->input
19:49:18.643 INFO  manager.ListenerWD -- Before find element-->By.xpath: //button[text()='Login']
19:49:18.662 INFO  manager.ListenerWD -- After find element-->By.xpath: //button[text()='Login']
19:49:18.666 INFO  manager.ListenerWD -- Location of element-->button
19:49:18.692 INFO  manager.ListenerWD -- Before click element-->buttontext-->Login
19:49:19.074 INFO  tests.TestBase -- Assert check is element button 'Sign out' present
19:49:19.074 INFO  manager.TestNGListener -- Success test --> loginSuccessModel
19:49:19.074 INFO  tests.TestBase -- ===============================================
19:49:19.090 INFO  tests.TestBase -- Name of method (test) ---> loginSuccessModelDPF
19:49:19.106 INFO  manager.ListenerWD -- Before find element-->By.xpath: //button[text()='Sign Out']
19:49:19.122 INFO  manager.ListenerWD -- After find element-->By.xpath: //button[text()='Sign Out']
19:49:19.122 INFO  manager.ListenerWD -- Location of element-->button
19:49:19.138 INFO  manager.ListenerWD -- Before click element-->buttontext-->Sign Out
19:49:19.254 INFO  tests.TestBase -- Before method finished logout
19:49:19.255 INFO  manager.TestNGListener -- Start test --> null
19:49:19.256 INFO  tests.TestBase -- Test data ---> User{email='margo@gmail.com', password='Mmar123456$'}
19:49:19.256 INFO  manager.ListenerWD -- Before find element-->By.cssSelector: a[href='/login']
19:49:19.266 INFO  manager.ListenerWD -- After find element-->By.cssSelector: a[href='/login']
19:49:19.282 INFO  manager.ListenerWD -- Location of element-->a
19:49:19.298 INFO  manager.ListenerWD -- Before click element-->atext-->LOGIN
19:49:19.397 INFO  manager.ListenerWD -- After click element-->a
19:49:19.398 INFO  manager.ListenerWD -- Before find element-->By.name: email
19:49:19.414 INFO  manager.ListenerWD -- After find element-->By.name: email
19:49:19.422 INFO  manager.ListenerWD -- Location of element-->input
19:49:19.442 INFO  manager.ListenerWD -- Before click element-->inputtext-->
19:49:19.556 INFO  manager.ListenerWD -- After click element-->input
19:49:19.606 INFO  manager.ListenerWD -- SendKeys-->
19:49:19.606 INFO  manager.ListenerWD -- SendKeys_TagName-->input
19:49:19.669 INFO  manager.ListenerWD -- SendKeys-->
19:49:19.675 INFO  manager.ListenerWD -- SendKeys_TagName-->input
19:49:19.729 INFO  manager.ListenerWD -- SendKeys-->
19:49:19.732 INFO  manager.ListenerWD -- SendKeys_TagName-->input
19:49:19.799 INFO  manager.ListenerWD -- Before find element-->By.xpath: //input[@placeholder='Password']
19:49:19.817 INFO  manager.ListenerWD -- After find element-->By.xpath: //input[@placeholder='Password']
19:49:19.825 INFO  manager.ListenerWD -- Location of element-->input
19:49:19.850 INFO  manager.ListenerWD -- Before click element-->inputtext-->
19:49:19.980 INFO  manager.ListenerWD -- After click element-->input
19:49:20.015 INFO  manager.ListenerWD -- SendKeys-->
19:49:20.031 INFO  manager.ListenerWD -- SendKeys_TagName-->input
19:49:20.090 INFO  manager.ListenerWD -- SendKeys-->
19:49:20.098 INFO  manager.ListenerWD -- SendKeys_TagName-->input
19:49:20.150 INFO  manager.ListenerWD -- SendKeys-->
19:49:20.158 INFO  manager.ListenerWD -- SendKeys_TagName-->input
19:49:20.208 INFO  manager.ListenerWD -- Before find element-->By.xpath: //button[text()='Login']
19:49:20.227 INFO  manager.ListenerWD -- After find element-->By.xpath: //button[text()='Login']
19:49:20.233 INFO  manager.ListenerWD -- Location of element-->button
19:49:20.252 INFO  manager.ListenerWD -- Before click element-->buttontext-->Login
19:49:20.624 INFO  tests.TestBase -- Assert check is element button 'Sign out' present
19:49:20.624 INFO  manager.TestNGListener -- Success test --> loginSuccessModelDPF
19:49:20.624 INFO  tests.TestBase -- ===============================================
19:49:20.624 INFO  tests.TestBase -- Name of method (test) ---> loginSuccessModelDPF
19:49:20.640 INFO  manager.ListenerWD -- Before find element-->By.xpath: //button[text()='Sign Out']
19:49:20.656 INFO  manager.ListenerWD -- After find element-->By.xpath: //button[text()='Sign Out']
19:49:20.656 INFO  manager.ListenerWD -- Location of element-->button
19:49:20.688 INFO  manager.ListenerWD -- Before click element-->buttontext-->Sign Out
19:49:20.799 INFO  tests.TestBase -- Before method finished logout
19:49:20.802 INFO  manager.TestNGListener -- Start test --> null
19:49:20.802 INFO  tests.TestBase -- Test data ---> User{email='sonya@gmail.com', password='Ss12345$'}
19:49:20.802 INFO  manager.ListenerWD -- Before find element-->By.cssSelector: a[href='/login']
19:49:20.820 INFO  manager.ListenerWD -- After find element-->By.cssSelector: a[href='/login']
19:49:20.828 INFO  manager.ListenerWD -- Location of element-->a
19:49:20.848 INFO  manager.ListenerWD -- Before click element-->atext-->LOGIN
19:49:20.947 INFO  manager.ListenerWD -- After click element-->a
19:49:20.947 INFO  manager.ListenerWD -- Before find element-->By.name: email
19:49:20.965 INFO  manager.ListenerWD -- After find element-->By.name: email
19:49:20.976 INFO  manager.ListenerWD -- Location of element-->input
19:49:20.996 INFO  manager.ListenerWD -- Before click element-->inputtext-->
19:49:21.129 INFO  manager.ListenerWD -- After click element-->input
19:49:21.184 INFO  manager.ListenerWD -- SendKeys-->
19:49:21.192 INFO  manager.ListenerWD -- SendKeys_TagName-->input
19:49:21.248 INFO  manager.ListenerWD -- SendKeys-->
19:49:21.257 INFO  manager.ListenerWD -- SendKeys_TagName-->input
19:49:21.317 INFO  manager.ListenerWD -- SendKeys-->
19:49:21.325 INFO  manager.ListenerWD -- SendKeys_TagName-->input
19:49:21.384 INFO  manager.ListenerWD -- Before find element-->By.xpath: //input[@placeholder='Password']
19:49:21.403 INFO  manager.ListenerWD -- After find element-->By.xpath: //input[@placeholder='Password']
19:49:21.411 INFO  manager.ListenerWD -- Location of element-->input
19:49:21.433 INFO  manager.ListenerWD -- Before click element-->inputtext-->
19:49:21.564 INFO  manager.ListenerWD -- After click element-->input
19:49:21.598 INFO  manager.ListenerWD -- SendKeys-->
19:49:21.614 INFO  manager.ListenerWD -- SendKeys_TagName-->input
19:49:21.677 INFO  manager.ListenerWD -- SendKeys-->
19:49:21.682 INFO  manager.ListenerWD -- SendKeys_TagName-->input
19:49:21.736 INFO  manager.ListenerWD -- SendKeys-->
19:49:21.740 INFO  manager.ListenerWD -- SendKeys_TagName-->input
19:49:21.800 INFO  manager.ListenerWD -- Before find element-->By.xpath: //button[text()='Login']
19:49:21.820 INFO  manager.ListenerWD -- After find element-->By.xpath: //button[text()='Login']
19:49:21.824 INFO  manager.ListenerWD -- Location of element-->button
19:49:21.849 INFO  manager.ListenerWD -- Before click element-->buttontext-->Login
19:49:22.213 INFO  tests.TestBase -- Assert check is element button 'Sign out' present
19:49:22.214 INFO  manager.TestNGListener -- Success test --> loginSuccessModelDPF
19:49:22.215 INFO  tests.TestBase -- ===============================================
19:49:22.216 INFO  tests.TestBase -- Name of method (test) ---> loginSuccessModelDPF
19:49:22.224 INFO  manager.ListenerWD -- Before find element-->By.xpath: //button[text()='Sign Out']
19:49:22.251 INFO  manager.ListenerWD -- After find element-->By.xpath: //button[text()='Sign Out']
19:49:22.255 INFO  manager.ListenerWD -- Location of element-->button
19:49:22.279 INFO  manager.ListenerWD -- Before click element-->buttontext-->Sign Out
19:49:22.385 INFO  tests.TestBase -- Before method finished logout
19:49:22.386 INFO  manager.TestNGListener -- Start test --> null
19:49:22.387 INFO  tests.TestBase -- Test data ---> User{email='art276@art.com', password='$Art1$2$3456789'}
19:49:22.387 INFO  manager.ListenerWD -- Before find element-->By.cssSelector: a[href='/login']
19:49:22.403 INFO  manager.ListenerWD -- After find element-->By.cssSelector: a[href='/login']
19:49:22.412 INFO  manager.ListenerWD -- Location of element-->a
19:49:22.416 INFO  manager.ListenerWD -- Before click element-->atext-->LOGIN
19:49:22.519 INFO  manager.ListenerWD -- After click element-->a
19:49:22.519 INFO  manager.ListenerWD -- Before find element-->By.name: email
19:49:22.537 INFO  manager.ListenerWD -- After find element-->By.name: email
19:49:22.546 INFO  manager.ListenerWD -- Location of element-->input
19:49:22.570 INFO  manager.ListenerWD -- Before click element-->inputtext-->
19:49:22.693 INFO  manager.ListenerWD -- After click element-->input
19:49:22.738 INFO  manager.ListenerWD -- SendKeys-->
19:49:22.738 INFO  manager.ListenerWD -- SendKeys_TagName-->input
19:49:22.802 INFO  manager.ListenerWD -- SendKeys-->
19:49:22.807 INFO  manager.ListenerWD -- SendKeys_TagName-->input
19:49:22.863 INFO  manager.ListenerWD -- SendKeys-->
19:49:22.872 INFO  manager.ListenerWD -- SendKeys_TagName-->input
19:49:22.928 INFO  manager.ListenerWD -- Before find element-->By.xpath: //input[@placeholder='Password']
19:49:22.947 INFO  manager.ListenerWD -- After find element-->By.xpath: //input[@placeholder='Password']
19:49:22.955 INFO  manager.ListenerWD -- Location of element-->input
19:49:22.977 INFO  manager.ListenerWD -- Before click element-->inputtext-->
19:49:23.107 INFO  manager.ListenerWD -- After click element-->input
19:49:23.148 INFO  manager.ListenerWD -- SendKeys-->
19:49:23.164 INFO  manager.ListenerWD -- SendKeys_TagName-->input
19:49:23.224 INFO  manager.ListenerWD -- SendKeys-->
19:49:23.232 INFO  manager.ListenerWD -- SendKeys_TagName-->input
19:49:23.286 INFO  manager.ListenerWD -- SendKeys-->
19:49:23.291 INFO  manager.ListenerWD -- SendKeys_TagName-->input
19:49:23.350 INFO  manager.ListenerWD -- Before find element-->By.xpath: //button[text()='Login']
19:49:23.366 INFO  manager.ListenerWD -- After find element-->By.xpath: //button[text()='Login']
19:49:23.374 INFO  manager.ListenerWD -- Location of element-->button
19:49:23.391 INFO  manager.ListenerWD -- Before click element-->buttontext-->Login
19:49:23.782 INFO  tests.TestBase -- Assert check is element button 'Sign out' present
19:49:23.782 INFO  manager.TestNGListener -- Success test --> loginSuccessModelDPF
19:49:23.782 INFO  tests.TestBase -- ===============================================
19:49:23.782 INFO  tests.TestBase -- Name of method (test) ---> loginUnregisteredUser
19:49:23.814 INFO  manager.ListenerWD -- Before find element-->By.xpath: //button[text()='Sign Out']
19:49:23.834 INFO  manager.ListenerWD -- After find element-->By.xpath: //button[text()='Sign Out']
19:49:23.834 INFO  manager.ListenerWD -- Location of element-->button
19:49:23.862 INFO  manager.ListenerWD -- Before click element-->buttontext-->Sign Out
19:49:23.963 INFO  tests.TestBase -- Before method finished logout
19:49:23.964 INFO  manager.TestNGListener -- Start test --> null
19:49:23.964 INFO  tests.TestBase -- Test data ---> email: 'moreg@gmail.com' & password: 'Mmar123456$'
19:49:23.964 INFO  manager.ListenerWD -- Before find element-->By.cssSelector: a[href='/login']
19:49:23.974 INFO  manager.ListenerWD -- After find element-->By.cssSelector: a[href='/login']
19:49:23.974 INFO  manager.ListenerWD -- Location of element-->a
19:49:24.006 INFO  manager.ListenerWD -- Before click element-->atext-->LOGIN
19:49:24.099 INFO  manager.ListenerWD -- After click element-->a
19:49:24.099 INFO  manager.ListenerWD -- Before find element-->By.name: email
19:49:24.115 INFO  manager.ListenerWD -- After find element-->By.name: email
19:49:24.123 INFO  manager.ListenerWD -- Location of element-->input
19:49:24.143 INFO  manager.ListenerWD -- Before click element-->inputtext-->
19:49:24.256 INFO  manager.ListenerWD -- After click element-->input
19:49:24.312 INFO  manager.ListenerWD -- SendKeys-->
19:49:24.312 INFO  manager.ListenerWD -- SendKeys_TagName-->input
19:49:24.374 INFO  manager.ListenerWD -- SendKeys-->
19:49:24.382 INFO  manager.ListenerWD -- SendKeys_TagName-->input
19:49:24.434 INFO  manager.ListenerWD -- SendKeys-->
19:49:24.441 INFO  manager.ListenerWD -- SendKeys_TagName-->input
19:49:24.499 INFO  manager.ListenerWD -- Before find element-->By.xpath: //input[@placeholder='Password']
19:49:24.517 INFO  manager.ListenerWD -- After find element-->By.xpath: //input[@placeholder='Password']
19:49:24.525 INFO  manager.ListenerWD -- Location of element-->input
19:49:24.549 INFO  manager.ListenerWD -- Before click element-->inputtext-->
19:49:24.675 INFO  manager.ListenerWD -- After click element-->input
19:49:24.715 INFO  manager.ListenerWD -- SendKeys-->
19:49:24.731 INFO  manager.ListenerWD -- SendKeys_TagName-->input
19:49:24.784 INFO  manager.ListenerWD -- SendKeys-->
19:49:24.791 INFO  manager.ListenerWD -- SendKeys_TagName-->input
19:49:24.845 INFO  manager.ListenerWD -- SendKeys-->
19:49:24.850 INFO  manager.ListenerWD -- SendKeys_TagName-->input
19:49:24.906 INFO  manager.ListenerWD -- Before find element-->By.xpath: //button[text()='Login']
19:49:24.924 INFO  manager.ListenerWD -- After find element-->By.xpath: //button[text()='Login']
19:49:24.932 INFO  manager.ListenerWD -- Location of element-->button
19:49:24.949 INFO  manager.ListenerWD -- Before click element-->buttontext-->Login
19:49:25.057 INFO  manager.ListenerWD -- Huston, we have a problem
19:49:25.057 INFO  manager.ListenerWD -- Failed method:alert
19:49:25.057 INFO  manager.ListenerWD -- **************************************
19:49:25.057 INFO  manager.ListenerWD -- Arguments:null
19:49:25.057 INFO  manager.ListenerWD -- **************************************
19:49:25.057 INFO  manager.ListenerWD -- Exception:NoAlertPresentException
19:49:25.057 INFO  manager.ListenerWD -- **************************************
19:49:25.057 INFO  manager.ListenerWD -- Message:no such alert
  (Session info: chrome=148.0.7778.181)
Build info: version: '4.26.0', revision: '8ccf0219d7'
System info: os.name: 'Windows 11', os.arch: 'amd64', os.version: '10.0', java.version: '17.0.12'
Driver info: org.openqa.selenium.chrome.ChromeDriver
Command: [7ef41ed7c486c11157c82fed6e6cb670, getAlertText {}]
Capabilities {acceptInsecureCerts: false, browserName: chrome, browserVersion: 148.0.7778.181, chrome: {chromedriverVersion: 148.0.7778.167 (65db666ac2c..., userDataDir: C:\Users\Mariya\AppData\Loc...}, fedcm:accounts: true, goog:chromeOptions: {debuggerAddress: localhost:50285}, goog:processID: 192592, networkConnectionEnabled: false, pageLoadStrategy: normal, platformName: windows, proxy: Proxy(), se:cdp: ws://localhost:50285/devtoo..., se:cdpVersion: 148.0.7778.181, setWindowRect: true, strictFileInteractability: false, timeouts: {implicit: 0, pageLoad: 300000, script: 30000}, unhandledPromptBehavior: dismiss and notify, webauthn:extension:credBlob: true, webauthn:extension:largeBlob: true, webauthn:extension:minPinLength: true, webauthn:extension:prf: true, webauthn:virtualAuthenticators: true}
Session ID: 7ef41ed7c486c11157c82fed6e6cb670
19:49:25.057 INFO  manager.ListenerWD -- **************************************
19:49:25.057 INFO  manager.ListenerWD -- Screen with error is-->src/test/screenchots/screen_1800.png
19:49:27.598 INFO  tests.TestBase -- Assert check is alert present with error text 'Wrong email or password'
19:49:27.598 INFO  manager.TestNGListener -- Success test --> loginUnregisteredUser
19:49:27.599 INFO  tests.TestBase -- ===============================================
19:49:27.600 INFO  tests.TestBase -- Name of method (test) ---> loginWrongEmail
19:49:32.618 INFO  manager.TestNGListener -- Start test --> null
19:49:32.618 INFO  tests.TestBase -- Test data ---> email: 'margogmail.com' & password: 'Mmar123456$'
19:49:32.618 INFO  manager.ListenerWD -- Before find element-->By.cssSelector: a[href='/login']
19:49:32.636 INFO  manager.ListenerWD -- After find element-->By.cssSelector: a[href='/login']
19:49:32.651 INFO  manager.ListenerWD -- Location of element-->a
19:49:32.666 INFO  manager.ListenerWD -- Before click element-->atext-->LOGIN
19:49:32.765 INFO  manager.ListenerWD -- After click element-->a
19:49:32.765 INFO  manager.ListenerWD -- Before find element-->By.name: email
19:49:32.781 INFO  manager.ListenerWD -- After find element-->By.name: email
19:49:32.781 INFO  manager.ListenerWD -- Location of element-->input
19:49:32.796 INFO  manager.ListenerWD -- Before click element-->inputtext-->
19:49:32.916 INFO  manager.ListenerWD -- After click element-->input
19:49:32.978 INFO  manager.ListenerWD -- SendKeys-->
19:49:32.986 INFO  manager.ListenerWD -- SendKeys_TagName-->input
19:49:33.089 INFO  manager.ListenerWD -- SendKeys-->
19:49:33.097 INFO  manager.ListenerWD -- SendKeys_TagName-->input
19:49:33.157 INFO  manager.ListenerWD -- SendKeys-->
19:49:33.166 INFO  manager.ListenerWD -- SendKeys_TagName-->input
19:49:33.228 INFO  manager.ListenerWD -- Before find element-->By.xpath: //input[@placeholder='Password']
19:49:33.248 INFO  manager.ListenerWD -- After find element-->By.xpath: //input[@placeholder='Password']
19:49:33.248 INFO  manager.ListenerWD -- Location of element-->input
19:49:33.280 INFO  manager.ListenerWD -- Before click element-->inputtext-->
19:49:33.379 INFO  manager.ListenerWD -- After click element-->input
19:49:33.423 INFO  manager.ListenerWD -- SendKeys-->
19:49:33.437 INFO  manager.ListenerWD -- SendKeys_TagName-->input
19:49:33.517 INFO  manager.ListenerWD -- SendKeys-->
19:49:33.525 INFO  manager.ListenerWD -- SendKeys_TagName-->input
19:49:33.575 INFO  manager.ListenerWD -- SendKeys-->
19:49:33.581 INFO  manager.ListenerWD -- SendKeys_TagName-->input
19:49:33.628 INFO  manager.ListenerWD -- Before find element-->By.xpath: //button[text()='Login']
19:49:33.646 INFO  manager.ListenerWD -- After find element-->By.xpath: //button[text()='Login']
19:49:33.647 INFO  manager.ListenerWD -- Location of element-->button
19:49:33.663 INFO  manager.ListenerWD -- Before click element-->buttontext-->Login
19:49:33.768 INFO  manager.ListenerWD -- Huston, we have a problem
19:49:33.768 INFO  manager.ListenerWD -- Failed method:alert
19:49:33.768 INFO  manager.ListenerWD -- **************************************
19:49:33.768 INFO  manager.ListenerWD -- Arguments:null
19:49:33.768 INFO  manager.ListenerWD -- **************************************
19:49:33.769 INFO  manager.ListenerWD -- Exception:NoAlertPresentException
19:49:33.769 INFO  manager.ListenerWD -- **************************************
19:49:33.769 INFO  manager.ListenerWD -- Message:no such alert
  (Session info: chrome=148.0.7778.181)
Build info: version: '4.26.0', revision: '8ccf0219d7'
System info: os.name: 'Windows 11', os.arch: 'amd64', os.version: '10.0', java.version: '17.0.12'
Driver info: org.openqa.selenium.chrome.ChromeDriver
Command: [7ef41ed7c486c11157c82fed6e6cb670, getAlertText {}]
Capabilities {acceptInsecureCerts: false, browserName: chrome, browserVersion: 148.0.7778.181, chrome: {chromedriverVersion: 148.0.7778.167 (65db666ac2c..., userDataDir: C:\Users\Mariya\AppData\Loc...}, fedcm:accounts: true, goog:chromeOptions: {debuggerAddress: localhost:50285}, goog:processID: 192592, networkConnectionEnabled: false, pageLoadStrategy: normal, platformName: windows, proxy: Proxy(), se:cdp: ws://localhost:50285/devtoo..., se:cdpVersion: 148.0.7778.181, setWindowRect: true, strictFileInteractability: false, timeouts: {implicit: 0, pageLoad: 300000, script: 30000}, unhandledPromptBehavior: dismiss and notify, webauthn:extension:credBlob: true, webauthn:extension:largeBlob: true, webauthn:extension:minPinLength: true, webauthn:extension:prf: true, webauthn:virtualAuthenticators: true}
Session ID: 7ef41ed7c486c11157c82fed6e6cb670
19:49:33.769 INFO  manager.ListenerWD -- **************************************
19:49:33.769 INFO  manager.ListenerWD -- Screen with error is-->src/test/screenchots/screen_1706.png
19:49:36.296 INFO  tests.TestBase -- Assert check is alert present with error text 'Wrong email or password'
19:49:36.296 INFO  manager.TestNGListener -- Success test --> loginWrongEmail
19:49:36.296 INFO  tests.TestBase -- ===============================================
19:49:36.299 INFO  tests.TestBase -- Name of method (test) ---> loginWrongPassword
19:49:41.331 INFO  manager.TestNGListener -- Start test --> null
19:49:41.331 INFO  tests.TestBase -- Test data ---> email: 'margogmail.com' & password: 'Mmar123'
19:49:41.331 INFO  manager.ListenerWD -- Before find element-->By.cssSelector: a[href='/login']
19:49:41.351 INFO  manager.ListenerWD -- After find element-->By.cssSelector: a[href='/login']
19:49:41.351 INFO  manager.ListenerWD -- Location of element-->a
19:49:41.363 INFO  manager.ListenerWD -- Before click element-->atext-->LOGIN
19:49:41.470 INFO  manager.ListenerWD -- After click element-->a
19:49:41.471 INFO  manager.ListenerWD -- Before find element-->By.name: email
19:49:41.490 INFO  manager.ListenerWD -- After find element-->By.name: email
19:49:41.495 INFO  manager.ListenerWD -- Location of element-->input
19:49:41.511 INFO  manager.ListenerWD -- Before click element-->inputtext-->
19:49:41.617 INFO  manager.ListenerWD -- After click element-->input
19:49:41.673 INFO  manager.ListenerWD -- SendKeys-->
19:49:41.681 INFO  manager.ListenerWD -- SendKeys_TagName-->input
19:49:41.766 INFO  manager.ListenerWD -- SendKeys-->
19:49:41.772 INFO  manager.ListenerWD -- SendKeys_TagName-->input
19:49:41.823 INFO  manager.ListenerWD -- SendKeys-->
19:49:41.830 INFO  manager.ListenerWD -- SendKeys_TagName-->input
19:49:41.884 INFO  manager.ListenerWD -- Before find element-->By.xpath: //input[@placeholder='Password']
19:49:41.904 INFO  manager.ListenerWD -- After find element-->By.xpath: //input[@placeholder='Password']
19:49:41.905 INFO  manager.ListenerWD -- Location of element-->input
19:49:41.921 INFO  manager.ListenerWD -- Before click element-->inputtext-->
19:49:42.022 INFO  manager.ListenerWD -- After click element-->input
19:49:42.074 INFO  manager.ListenerWD -- SendKeys-->
19:49:42.079 INFO  manager.ListenerWD -- SendKeys_TagName-->input
19:49:42.164 INFO  manager.ListenerWD -- SendKeys-->
19:49:42.171 INFO  manager.ListenerWD -- SendKeys_TagName-->input
19:49:42.221 INFO  manager.ListenerWD -- SendKeys-->
19:49:42.229 INFO  manager.ListenerWD -- SendKeys_TagName-->input
19:49:42.273 INFO  manager.ListenerWD -- Before find element-->By.xpath: //button[text()='Login']
19:49:42.309 INFO  manager.ListenerWD -- After find element-->By.xpath: //button[text()='Login']
19:49:42.317 INFO  manager.ListenerWD -- Location of element-->button
19:49:42.336 INFO  manager.ListenerWD -- Before click element-->buttontext-->Login
19:49:42.429 INFO  manager.ListenerWD -- Huston, we have a problem
19:49:42.429 INFO  manager.ListenerWD -- Failed method:alert
19:49:42.429 INFO  manager.ListenerWD -- **************************************
19:49:42.429 INFO  manager.ListenerWD -- Arguments:null
19:49:42.429 INFO  manager.ListenerWD -- **************************************
19:49:42.429 INFO  manager.ListenerWD -- Exception:NoAlertPresentException
19:49:42.429 INFO  manager.ListenerWD -- **************************************
19:49:42.429 INFO  manager.ListenerWD -- Message:no such alert
  (Session info: chrome=148.0.7778.181)
Build info: version: '4.26.0', revision: '8ccf0219d7'
System info: os.name: 'Windows 11', os.arch: 'amd64', os.version: '10.0', java.version: '17.0.12'
Driver info: org.openqa.selenium.chrome.ChromeDriver
Command: [7ef41ed7c486c11157c82fed6e6cb670, getAlertText {}]
Capabilities {acceptInsecureCerts: false, browserName: chrome, browserVersion: 148.0.7778.181, chrome: {chromedriverVersion: 148.0.7778.167 (65db666ac2c..., userDataDir: C:\Users\Mariya\AppData\Loc...}, fedcm:accounts: true, goog:chromeOptions: {debuggerAddress: localhost:50285}, goog:processID: 192592, networkConnectionEnabled: false, pageLoadStrategy: normal, platformName: windows, proxy: Proxy(), se:cdp: ws://localhost:50285/devtoo..., se:cdpVersion: 148.0.7778.181, setWindowRect: true, strictFileInteractability: false, timeouts: {implicit: 0, pageLoad: 300000, script: 30000}, unhandledPromptBehavior: dismiss and notify, webauthn:extension:credBlob: true, webauthn:extension:largeBlob: true, webauthn:extension:minPinLength: true, webauthn:extension:prf: true, webauthn:virtualAuthenticators: true}
Session ID: 7ef41ed7c486c11157c82fed6e6cb670
19:49:42.429 INFO  manager.ListenerWD -- **************************************
19:49:42.429 INFO  manager.ListenerWD -- Screen with error is-->src/test/screenchots/screen_1270.png
19:49:44.964 INFO  tests.TestBase -- Assert check is alert present with error text 'Wrong email or password'
19:49:44.965 INFO  manager.TestNGListener -- Success test --> loginWrongPassword
19:49:44.966 INFO  tests.TestBase -- ===============================================
19:49:44.967 INFO  tests.TestBase -- Name of method (test) ---> RegistrationExistsUser
19:49:50.001 INFO  manager.TestNGListener -- Start test --> null
19:49:50.001 INFO  tests.TestBase -- Test data ---> email: 'margo@gmail.com' & password: 'Mmar123456$'
19:49:50.001 INFO  manager.ListenerWD -- Before find element-->By.cssSelector: a[href='/login']
19:49:50.017 INFO  manager.ListenerWD -- After find element-->By.cssSelector: a[href='/login']
19:49:50.033 INFO  manager.ListenerWD -- Location of element-->a
19:49:50.049 INFO  manager.ListenerWD -- Before click element-->atext-->LOGIN
19:49:50.138 INFO  manager.ListenerWD -- After click element-->a
19:49:50.138 INFO  manager.ListenerWD -- Before find element-->By.name: email
19:49:50.154 INFO  manager.ListenerWD -- After find element-->By.name: email
19:49:50.162 INFO  manager.ListenerWD -- Location of element-->input
19:49:50.181 INFO  manager.ListenerWD -- Before click element-->inputtext-->
19:49:50.285 INFO  manager.ListenerWD -- After click element-->input
19:49:50.345 INFO  manager.ListenerWD -- SendKeys-->
19:49:50.352 INFO  manager.ListenerWD -- SendKeys_TagName-->input
19:49:50.440 INFO  manager.ListenerWD -- SendKeys-->
19:49:50.446 INFO  manager.ListenerWD -- SendKeys_TagName-->input
19:49:50.500 INFO  manager.ListenerWD -- SendKeys-->
19:49:50.503 INFO  manager.ListenerWD -- SendKeys_TagName-->input
19:49:50.562 INFO  manager.ListenerWD -- Before find element-->By.xpath: //input[@placeholder='Password']
19:49:50.583 INFO  manager.ListenerWD -- After find element-->By.xpath: //input[@placeholder='Password']
19:49:50.587 INFO  manager.ListenerWD -- Location of element-->input
19:49:50.603 INFO  manager.ListenerWD -- Before click element-->inputtext-->
19:49:50.725 INFO  manager.ListenerWD -- After click element-->input
19:49:50.777 INFO  manager.ListenerWD -- SendKeys-->
19:49:50.785 INFO  manager.ListenerWD -- SendKeys_TagName-->input
19:49:50.868 INFO  manager.ListenerWD -- SendKeys-->
19:49:50.876 INFO  manager.ListenerWD -- SendKeys_TagName-->input
19:49:50.929 INFO  manager.ListenerWD -- SendKeys-->
19:49:50.937 INFO  manager.ListenerWD -- SendKeys_TagName-->input
19:49:50.996 INFO  manager.ListenerWD -- Before find element-->By.xpath: //button[text()='Registration']
19:49:51.012 INFO  manager.ListenerWD -- After find element-->By.xpath: //button[text()='Registration']
19:49:51.012 INFO  manager.ListenerWD -- Location of element-->button
19:49:51.044 INFO  manager.ListenerWD -- Before click element-->buttontext-->Registration
19:49:51.141 INFO  manager.ListenerWD -- Huston, we have a problem
19:49:51.142 INFO  manager.ListenerWD -- Failed method:alert
19:49:51.142 INFO  manager.ListenerWD -- **************************************
19:49:51.142 INFO  manager.ListenerWD -- Arguments:null
19:49:51.142 INFO  manager.ListenerWD -- **************************************
19:49:51.142 INFO  manager.ListenerWD -- Exception:NoAlertPresentException
19:49:51.142 INFO  manager.ListenerWD -- **************************************
19:49:51.142 INFO  manager.ListenerWD -- Message:no such alert
  (Session info: chrome=148.0.7778.181)
Build info: version: '4.26.0', revision: '8ccf0219d7'
System info: os.name: 'Windows 11', os.arch: 'amd64', os.version: '10.0', java.version: '17.0.12'
Driver info: org.openqa.selenium.chrome.ChromeDriver
Command: [7ef41ed7c486c11157c82fed6e6cb670, getAlertText {}]
Capabilities {acceptInsecureCerts: false, browserName: chrome, browserVersion: 148.0.7778.181, chrome: {chromedriverVersion: 148.0.7778.167 (65db666ac2c..., userDataDir: C:\Users\Mariya\AppData\Loc...}, fedcm:accounts: true, goog:chromeOptions: {debuggerAddress: localhost:50285}, goog:processID: 192592, networkConnectionEnabled: false, pageLoadStrategy: normal, platformName: windows, proxy: Proxy(), se:cdp: ws://localhost:50285/devtoo..., se:cdpVersion: 148.0.7778.181, setWindowRect: true, strictFileInteractability: false, timeouts: {implicit: 0, pageLoad: 300000, script: 30000}, unhandledPromptBehavior: dismiss and notify, webauthn:extension:credBlob: true, webauthn:extension:largeBlob: true, webauthn:extension:minPinLength: true, webauthn:extension:prf: true, webauthn:virtualAuthenticators: true}
Session ID: 7ef41ed7c486c11157c82fed6e6cb670
19:49:51.142 INFO  manager.ListenerWD -- **************************************
19:49:51.142 INFO  manager.ListenerWD -- Screen with error is-->src/test/screenchots/screen_1323.png
19:49:53.683 INFO  tests.TestBase -- Assert check is alert present with error text 'User already exist'
19:49:53.684 INFO  manager.TestNGListener -- Success test --> RegistrationExistsUser
19:49:53.684 INFO  tests.TestBase -- ===============================================
19:49:53.686 INFO  tests.TestBase -- Name of method (test) ---> RegistrationWrongEmail
19:49:58.686 INFO  manager.TestNGListener -- Start test --> null
19:49:58.686 INFO  tests.TestBase -- Test data ---> email: 'artart.com' & password: '$Art1$2$3456789'
19:49:58.686 INFO  manager.ListenerWD -- Before find element-->By.cssSelector: a[href='/login']
19:49:58.705 INFO  manager.ListenerWD -- After find element-->By.cssSelector: a[href='/login']
19:49:58.718 INFO  manager.ListenerWD -- Location of element-->a
19:49:58.735 INFO  manager.ListenerWD -- Before click element-->atext-->LOGIN
19:49:58.832 INFO  manager.ListenerWD -- After click element-->a
19:49:58.832 INFO  manager.ListenerWD -- Before find element-->By.name: email
19:49:58.844 INFO  manager.ListenerWD -- After find element-->By.name: email
19:49:58.844 INFO  manager.ListenerWD -- Location of element-->input
19:49:58.860 INFO  manager.ListenerWD -- Before click element-->inputtext-->
19:49:58.970 INFO  manager.ListenerWD -- After click element-->input
19:49:59.026 INFO  manager.ListenerWD -- SendKeys-->
19:49:59.033 INFO  manager.ListenerWD -- SendKeys_TagName-->input
19:49:59.118 INFO  manager.ListenerWD -- SendKeys-->
19:49:59.119 INFO  manager.ListenerWD -- SendKeys_TagName-->input
19:49:59.175 INFO  manager.ListenerWD -- SendKeys-->
19:49:59.183 INFO  manager.ListenerWD -- SendKeys_TagName-->input
19:49:59.228 INFO  manager.ListenerWD -- Before find element-->By.xpath: //input[@placeholder='Password']
19:49:59.247 INFO  manager.ListenerWD -- After find element-->By.xpath: //input[@placeholder='Password']
19:49:59.252 INFO  manager.ListenerWD -- Location of element-->input
19:49:59.268 INFO  manager.ListenerWD -- Before click element-->inputtext-->
19:49:59.365 INFO  manager.ListenerWD -- After click element-->input
19:49:59.411 INFO  manager.ListenerWD -- SendKeys-->
19:49:59.424 INFO  manager.ListenerWD -- SendKeys_TagName-->input
19:49:59.503 INFO  manager.ListenerWD -- SendKeys-->
19:49:59.510 INFO  manager.ListenerWD -- SendKeys_TagName-->input
19:49:59.561 INFO  manager.ListenerWD -- SendKeys-->
19:49:59.568 INFO  manager.ListenerWD -- SendKeys_TagName-->input
19:49:59.626 INFO  manager.ListenerWD -- Before find element-->By.xpath: //button[text()='Registration']
19:49:59.662 INFO  manager.ListenerWD -- After find element-->By.xpath: //button[text()='Registration']
19:49:59.668 INFO  manager.ListenerWD -- Location of element-->button
19:49:59.689 INFO  manager.ListenerWD -- Before click element-->buttontext-->Registration
19:49:59.791 INFO  manager.ListenerWD -- Huston, we have a problem
19:49:59.792 INFO  manager.ListenerWD -- Failed method:alert
19:49:59.792 INFO  manager.ListenerWD -- **************************************
19:49:59.792 INFO  manager.ListenerWD -- Arguments:null
19:49:59.792 INFO  manager.ListenerWD -- **************************************
19:49:59.792 INFO  manager.ListenerWD -- Exception:NoAlertPresentException
19:49:59.792 INFO  manager.ListenerWD -- **************************************
19:49:59.792 INFO  manager.ListenerWD -- Message:no such alert
  (Session info: chrome=148.0.7778.181)
Build info: version: '4.26.0', revision: '8ccf0219d7'
System info: os.name: 'Windows 11', os.arch: 'amd64', os.version: '10.0', java.version: '17.0.12'
Driver info: org.openqa.selenium.chrome.ChromeDriver
Command: [7ef41ed7c486c11157c82fed6e6cb670, getAlertText {}]
Capabilities {acceptInsecureCerts: false, browserName: chrome, browserVersion: 148.0.7778.181, chrome: {chromedriverVersion: 148.0.7778.167 (65db666ac2c..., userDataDir: C:\Users\Mariya\AppData\Loc...}, fedcm:accounts: true, goog:chromeOptions: {debuggerAddress: localhost:50285}, goog:processID: 192592, networkConnectionEnabled: false, pageLoadStrategy: normal, platformName: windows, proxy: Proxy(), se:cdp: ws://localhost:50285/devtoo..., se:cdpVersion: 148.0.7778.181, setWindowRect: true, strictFileInteractability: false, timeouts: {implicit: 0, pageLoad: 300000, script: 30000}, unhandledPromptBehavior: dismiss and notify, webauthn:extension:credBlob: true, webauthn:extension:largeBlob: true, webauthn:extension:minPinLength: true, webauthn:extension:prf: true, webauthn:virtualAuthenticators: true}
Session ID: 7ef41ed7c486c11157c82fed6e6cb670
19:49:59.792 INFO  manager.ListenerWD -- **************************************
19:49:59.792 INFO  manager.ListenerWD -- Screen with error is-->src/test/screenchots/screen_1497.png
19:50:02.324 INFO  tests.TestBase -- Assert check is alert present with error text 'Wrong email or password format'
19:50:02.333 INFO  manager.TestNGListener -- Success test --> RegistrationWrongEmail
19:50:02.335 INFO  tests.TestBase -- ===============================================
19:50:02.337 INFO  tests.TestBase -- Name of method (test) ---> RegistrationWrongPassword
19:50:07.371 INFO  manager.TestNGListener -- Start test --> null
19:50:07.371 INFO  tests.TestBase -- Test data ---> email: 'art11@art.com' & password: '$Art1'
19:50:07.371 INFO  manager.ListenerWD -- Before find element-->By.cssSelector: a[href='/login']
19:50:07.386 INFO  manager.ListenerWD -- After find element-->By.cssSelector: a[href='/login']
19:50:07.402 INFO  manager.ListenerWD -- Location of element-->a
19:50:07.418 INFO  manager.ListenerWD -- Before click element-->atext-->LOGIN
19:50:07.516 INFO  manager.ListenerWD -- After click element-->a
19:50:07.516 INFO  manager.ListenerWD -- Before find element-->By.name: email
19:50:07.526 INFO  manager.ListenerWD -- After find element-->By.name: email
19:50:07.526 INFO  manager.ListenerWD -- Location of element-->input
19:50:07.557 INFO  manager.ListenerWD -- Before click element-->inputtext-->
19:50:07.655 INFO  manager.ListenerWD -- After click element-->input
19:50:07.714 INFO  manager.ListenerWD -- SendKeys-->
19:50:07.721 INFO  manager.ListenerWD -- SendKeys_TagName-->input
19:50:07.802 INFO  manager.ListenerWD -- SendKeys-->
19:50:07.810 INFO  manager.ListenerWD -- SendKeys_TagName-->input
19:50:07.863 INFO  manager.ListenerWD -- SendKeys-->
19:50:07.868 INFO  manager.ListenerWD -- SendKeys_TagName-->input
19:50:07.921 INFO  manager.ListenerWD -- Before find element-->By.xpath: //input[@placeholder='Password']
19:50:07.942 INFO  manager.ListenerWD -- After find element-->By.xpath: //input[@placeholder='Password']
19:50:07.943 INFO  manager.ListenerWD -- Location of element-->input
19:50:07.963 INFO  manager.ListenerWD -- Before click element-->inputtext-->
19:50:08.058 INFO  manager.ListenerWD -- After click element-->input
19:50:08.108 INFO  manager.ListenerWD -- SendKeys-->
19:50:08.116 INFO  manager.ListenerWD -- SendKeys_TagName-->input
19:50:08.195 INFO  manager.ListenerWD -- SendKeys-->
19:50:08.201 INFO  manager.ListenerWD -- SendKeys_TagName-->input
19:50:08.251 INFO  manager.ListenerWD -- SendKeys-->
19:50:08.259 INFO  manager.ListenerWD -- SendKeys_TagName-->input
19:50:08.302 INFO  manager.ListenerWD -- Before find element-->By.xpath: //button[text()='Registration']
19:50:08.343 INFO  manager.ListenerWD -- After find element-->By.xpath: //button[text()='Registration']
19:50:08.351 INFO  manager.ListenerWD -- Location of element-->button
19:50:08.368 INFO  manager.ListenerWD -- Before click element-->buttontext-->Registration
19:50:08.476 INFO  manager.ListenerWD -- Huston, we have a problem
19:50:08.476 INFO  manager.ListenerWD -- Failed method:alert
19:50:08.476 INFO  manager.ListenerWD -- **************************************
19:50:08.476 INFO  manager.ListenerWD -- Arguments:null
19:50:08.476 INFO  manager.ListenerWD -- **************************************
19:50:08.476 INFO  manager.ListenerWD -- Exception:NoAlertPresentException
19:50:08.476 INFO  manager.ListenerWD -- **************************************
19:50:08.476 INFO  manager.ListenerWD -- Message:no such alert
  (Session info: chrome=148.0.7778.181)
Build info: version: '4.26.0', revision: '8ccf0219d7'
System info: os.name: 'Windows 11', os.arch: 'amd64', os.version: '10.0', java.version: '17.0.12'
Driver info: org.openqa.selenium.chrome.ChromeDriver
Command: [7ef41ed7c486c11157c82fed6e6cb670, getAlertText {}]
Capabilities {acceptInsecureCerts: false, browserName: chrome, browserVersion: 148.0.7778.181, chrome: {chromedriverVersion: 148.0.7778.167 (65db666ac2c..., userDataDir: C:\Users\Mariya\AppData\Loc...}, fedcm:accounts: true, goog:chromeOptions: {debuggerAddress: localhost:50285}, goog:processID: 192592, networkConnectionEnabled: false, pageLoadStrategy: normal, platformName: windows, proxy: Proxy(), se:cdp: ws://localhost:50285/devtoo..., se:cdpVersion: 148.0.7778.181, setWindowRect: true, strictFileInteractability: false, timeouts: {implicit: 0, pageLoad: 300000, script: 30000}, unhandledPromptBehavior: dismiss and notify, webauthn:extension:credBlob: true, webauthn:extension:largeBlob: true, webauthn:extension:minPinLength: true, webauthn:extension:prf: true, webauthn:virtualAuthenticators: true}
Session ID: 7ef41ed7c486c11157c82fed6e6cb670
19:50:08.476 INFO  manager.ListenerWD -- **************************************
19:50:08.476 INFO  manager.ListenerWD -- Screen with error is-->src/test/screenchots/screen_1077.png
19:50:11.017 INFO  tests.TestBase -- Assert check is alert present with error text 'Wrong email or password format'
19:50:11.018 INFO  manager.TestNGListener -- Success test --> RegistrationWrongPassword
19:50:11.019 INFO  tests.TestBase -- ===============================================
19:50:11.020 INFO  tests.TestBase -- Name of method (test) ---> registrationSuccess
19:50:16.027 INFO  manager.TestNGListener -- Start test --> null
19:50:16.027 INFO  tests.TestBase -- Test data ---> email: 'art3016@art.com' & password: '$Art1$2$3456789'
19:50:16.027 INFO  manager.ListenerWD -- Before find element-->By.cssSelector: a[href='/login']
19:50:16.042 INFO  manager.ListenerWD -- After find element-->By.cssSelector: a[href='/login']
19:50:16.058 INFO  manager.ListenerWD -- Location of element-->a
19:50:16.074 INFO  manager.ListenerWD -- Before click element-->atext-->LOGIN
19:50:16.176 INFO  manager.ListenerWD -- After click element-->a
19:50:16.176 INFO  manager.ListenerWD -- Before find element-->By.name: email
19:50:16.192 INFO  manager.ListenerWD -- After find element-->By.name: email
19:50:16.192 INFO  manager.ListenerWD -- Location of element-->input
19:50:16.223 INFO  manager.ListenerWD -- Before click element-->inputtext-->
19:50:16.321 INFO  manager.ListenerWD -- After click element-->input
19:50:16.379 INFO  manager.ListenerWD -- SendKeys-->
19:50:16.387 INFO  manager.ListenerWD -- SendKeys_TagName-->input
19:50:16.469 INFO  manager.ListenerWD -- SendKeys-->
19:50:16.477 INFO  manager.ListenerWD -- SendKeys_TagName-->input
19:50:16.527 INFO  manager.ListenerWD -- SendKeys-->
19:50:16.534 INFO  manager.ListenerWD -- SendKeys_TagName-->input
19:50:16.592 INFO  manager.ListenerWD -- Before find element-->By.xpath: //input[@placeholder='Password']
19:50:16.610 INFO  manager.ListenerWD -- After find element-->By.xpath: //input[@placeholder='Password']
19:50:16.616 INFO  manager.ListenerWD -- Location of element-->input
19:50:16.633 INFO  manager.ListenerWD -- Before click element-->inputtext-->
19:50:16.749 INFO  manager.ListenerWD -- After click element-->input
19:50:16.809 INFO  manager.ListenerWD -- SendKeys-->
19:50:16.817 INFO  manager.ListenerWD -- SendKeys_TagName-->input
19:50:16.904 INFO  manager.ListenerWD -- SendKeys-->
19:50:16.912 INFO  manager.ListenerWD -- SendKeys_TagName-->input
19:50:16.964 INFO  manager.ListenerWD -- SendKeys-->
19:50:16.973 INFO  manager.ListenerWD -- SendKeys_TagName-->input
19:50:17.044 INFO  manager.ListenerWD -- Before find element-->By.xpath: //button[text()='Registration']
19:50:17.058 INFO  manager.ListenerWD -- After find element-->By.xpath: //button[text()='Registration']
19:50:17.058 INFO  manager.ListenerWD -- Location of element-->button
19:50:17.089 INFO  manager.ListenerWD -- Before click element-->buttontext-->Registration
19:50:17.524 INFO  manager.ListenerWD -- Before find element-->By.cssSelector: .contact-page_message__2qafk>h1
19:50:17.700 INFO  manager.ListenerWD -- After find element-->By.cssSelector: .contact-page_message__2qafk>h1
19:50:17.716 INFO  manager.ListenerWD -- Location of element-->h1
19:50:17.732 INFO  tests.TestBase -- Assert check is element button 'Sign out' present
19:50:17.732 INFO  tests.TestBase -- Assert check is message present with text: 'No contacts here'
19:50:17.732 INFO  manager.TestNGListener -- Success test --> registrationSuccess
19:50:17.732 INFO  tests.TestBase -- ===============================================
19:50:17.735 INFO  tests.TestBase -- Name of method (test) ---> removeAllContacts
19:50:22.789 INFO  manager.ListenerWD -- Before find element-->By.cssSelector: a[href="/add"]
19:50:22.821 INFO  manager.ListenerWD -- After find element-->By.cssSelector: a[href="/add"]
19:50:22.821 INFO  manager.ListenerWD -- Location of element-->a
19:50:22.853 INFO  manager.ListenerWD -- Before click element-->atext-->ADD
19:50:22.966 INFO  manager.ListenerWD -- After click element-->a
19:50:22.966 INFO  manager.ListenerWD -- Before find element-->By.xpath: //input[@placeholder='Name']
19:50:22.982 INFO  manager.ListenerWD -- After find element-->By.xpath: //input[@placeholder='Name']
19:50:22.998 INFO  manager.ListenerWD -- Location of element-->input
19:50:23.014 INFO  manager.ListenerWD -- Before click element-->inputtext-->
19:50:23.131 INFO  manager.ListenerWD -- After click element-->input
19:50:23.197 INFO  manager.ListenerWD -- SendKeys-->
19:50:23.204 INFO  manager.ListenerWD -- SendKeys_TagName-->input
19:50:23.265 INFO  manager.ListenerWD -- SendKeys-->
19:50:23.265 INFO  manager.ListenerWD -- SendKeys_TagName-->input
19:50:23.327 INFO  manager.ListenerWD -- SendKeys-->
19:50:23.332 INFO  manager.ListenerWD -- SendKeys_TagName-->input
19:50:23.378 INFO  manager.ListenerWD -- Before find element-->By.xpath: //input[@placeholder='Last Name']
19:50:23.407 INFO  manager.ListenerWD -- After find element-->By.xpath: //input[@placeholder='Last Name']
19:50:23.407 INFO  manager.ListenerWD -- Location of element-->input
19:50:23.434 INFO  manager.ListenerWD -- Before click element-->inputtext-->
19:50:23.542 INFO  manager.ListenerWD -- After click element-->input
19:50:23.596 INFO  manager.ListenerWD -- SendKeys-->
19:50:23.596 INFO  manager.ListenerWD -- SendKeys_TagName-->input
19:50:23.659 INFO  manager.ListenerWD -- SendKeys-->
19:50:23.666 INFO  manager.ListenerWD -- SendKeys_TagName-->input
19:50:23.725 INFO  manager.ListenerWD -- SendKeys-->
19:50:23.732 INFO  manager.ListenerWD -- SendKeys_TagName-->input
19:50:23.775 INFO  manager.ListenerWD -- Before find element-->By.xpath: //input[@placeholder='Phone']
19:50:23.804 INFO  manager.ListenerWD -- After find element-->By.xpath: //input[@placeholder='Phone']
19:50:23.807 INFO  manager.ListenerWD -- Location of element-->input
19:50:23.832 INFO  manager.ListenerWD -- Before click element-->inputtext-->
19:50:23.936 INFO  manager.ListenerWD -- After click element-->input
19:50:23.981 INFO  manager.ListenerWD -- SendKeys-->
19:50:23.981 INFO  manager.ListenerWD -- SendKeys_TagName-->input
19:50:24.041 INFO  manager.ListenerWD -- SendKeys-->
19:50:24.049 INFO  manager.ListenerWD -- SendKeys_TagName-->input
19:50:24.099 INFO  manager.ListenerWD -- SendKeys-->
19:50:24.106 INFO  manager.ListenerWD -- SendKeys_TagName-->input
19:50:24.161 INFO  manager.ListenerWD -- Before find element-->By.xpath: //input[@placeholder='email']
19:50:24.174 INFO  manager.ListenerWD -- After find element-->By.xpath: //input[@placeholder='email']
19:50:24.190 INFO  manager.ListenerWD -- Location of element-->input
19:50:24.206 INFO  manager.ListenerWD -- Before click element-->inputtext-->
19:50:24.300 INFO  manager.ListenerWD -- After click element-->input
19:50:24.340 INFO  manager.ListenerWD -- SendKeys-->
19:50:24.356 INFO  manager.ListenerWD -- SendKeys_TagName-->input
19:50:24.408 INFO  manager.ListenerWD -- SendKeys-->
19:50:24.416 INFO  manager.ListenerWD -- SendKeys_TagName-->input
19:50:24.470 INFO  manager.ListenerWD -- SendKeys-->
19:50:24.473 INFO  manager.ListenerWD -- SendKeys_TagName-->input
19:50:24.529 INFO  manager.ListenerWD -- Before find element-->By.xpath: //input[@placeholder='Address']
19:50:24.548 INFO  manager.ListenerWD -- After find element-->By.xpath: //input[@placeholder='Address']
19:50:24.548 INFO  manager.ListenerWD -- Location of element-->input
19:50:24.563 INFO  manager.ListenerWD -- Before click element-->inputtext-->
19:50:24.675 INFO  manager.ListenerWD -- After click element-->input
19:50:24.730 INFO  manager.ListenerWD -- SendKeys-->
19:50:24.730 INFO  manager.ListenerWD -- SendKeys_TagName-->input
19:50:24.798 INFO  manager.ListenerWD -- SendKeys-->
19:50:24.807 INFO  manager.ListenerWD -- SendKeys_TagName-->input
19:50:24.861 INFO  manager.ListenerWD -- SendKeys-->
19:50:24.865 INFO  manager.ListenerWD -- SendKeys_TagName-->input
19:50:24.921 INFO  manager.ListenerWD -- Before find element-->By.xpath: //input[@placeholder='description']
19:50:24.940 INFO  manager.ListenerWD -- After find element-->By.xpath: //input[@placeholder='description']
19:50:24.940 INFO  manager.ListenerWD -- Location of element-->input
19:50:24.972 INFO  manager.ListenerWD -- Before click element-->inputtext-->
19:50:25.078 INFO  manager.ListenerWD -- After click element-->input
19:50:25.122 INFO  manager.ListenerWD -- SendKeys-->
19:50:25.122 INFO  manager.ListenerWD -- SendKeys_TagName-->input
19:50:25.192 INFO  manager.ListenerWD -- SendKeys-->
19:50:25.199 INFO  manager.ListenerWD -- SendKeys_TagName-->input
19:50:25.240 INFO  manager.ListenerWD -- Before find element-->By.cssSelector: .add_main__1tbl_ button
19:50:25.257 INFO  manager.ListenerWD -- After find element-->By.cssSelector: .add_main__1tbl_ button
19:50:25.257 INFO  manager.ListenerWD -- Location of element-->button
19:50:25.273 INFO  manager.ListenerWD -- Before click element-->buttontext-->Save
19:50:25.375 INFO  manager.ListenerWD -- After click element-->button
19:50:25.877 INFO  manager.ListenerWD -- Before find element-->By.cssSelector: a[href="/add"]
19:50:25.893 INFO  manager.ListenerWD -- After find element-->By.cssSelector: a[href="/add"]
19:50:25.909 INFO  manager.ListenerWD -- Location of element-->a
19:50:25.926 INFO  manager.ListenerWD -- Before click element-->atext-->ADD
19:50:26.025 INFO  manager.ListenerWD -- After click element-->a
19:50:26.025 INFO  manager.ListenerWD -- Before find element-->By.xpath: //input[@placeholder='Name']
19:50:26.041 INFO  manager.ListenerWD -- After find element-->By.xpath: //input[@placeholder='Name']
19:50:26.041 INFO  manager.ListenerWD -- Location of element-->input
19:50:26.057 INFO  manager.ListenerWD -- Before click element-->inputtext-->
19:50:26.164 INFO  manager.ListenerWD -- After click element-->input
19:50:26.220 INFO  manager.ListenerWD -- SendKeys-->
19:50:26.229 INFO  manager.ListenerWD -- SendKeys_TagName-->input
19:50:26.281 INFO  manager.ListenerWD -- SendKeys-->
19:50:26.288 INFO  manager.ListenerWD -- SendKeys_TagName-->input
19:50:26.332 INFO  manager.ListenerWD -- SendKeys-->
19:50:26.347 INFO  manager.ListenerWD -- SendKeys_TagName-->input
19:50:26.392 INFO  manager.ListenerWD -- Before find element-->By.xpath: //input[@placeholder='Last Name']
19:50:26.411 INFO  manager.ListenerWD -- After find element-->By.xpath: //input[@placeholder='Last Name']
19:50:26.419 INFO  manager.ListenerWD -- Location of element-->input
19:50:26.424 INFO  manager.ListenerWD -- Before click element-->inputtext-->
19:50:26.528 INFO  manager.ListenerWD -- After click element-->input
19:50:26.572 INFO  manager.ListenerWD -- SendKeys-->
19:50:26.572 INFO  manager.ListenerWD -- SendKeys_TagName-->input
19:50:26.634 INFO  manager.ListenerWD -- SendKeys-->
19:50:26.641 INFO  manager.ListenerWD -- SendKeys_TagName-->input
19:50:26.692 INFO  manager.ListenerWD -- SendKeys-->
19:50:26.699 INFO  manager.ListenerWD -- SendKeys_TagName-->input
19:50:26.743 INFO  manager.ListenerWD -- Before find element-->By.xpath: //input[@placeholder='Phone']
19:50:26.763 INFO  manager.ListenerWD -- After find element-->By.xpath: //input[@placeholder='Phone']
19:50:26.765 INFO  manager.ListenerWD -- Location of element-->input
19:50:26.781 INFO  manager.ListenerWD -- Before click element-->inputtext-->
19:50:26.882 INFO  manager.ListenerWD -- After click element-->input
19:50:26.922 INFO  manager.ListenerWD -- SendKeys-->
19:50:26.938 INFO  manager.ListenerWD -- SendKeys_TagName-->input
19:50:26.989 INFO  manager.ListenerWD -- SendKeys-->
19:50:26.997 INFO  manager.ListenerWD -- SendKeys_TagName-->input
19:50:27.053 INFO  manager.ListenerWD -- SendKeys-->
19:50:27.061 INFO  manager.ListenerWD -- SendKeys_TagName-->input
19:50:27.112 INFO  manager.ListenerWD -- Before find element-->By.xpath: //input[@placeholder='email']
19:50:27.129 INFO  manager.ListenerWD -- After find element-->By.xpath: //input[@placeholder='email']
19:50:27.132 INFO  manager.ListenerWD -- Location of element-->input
19:50:27.148 INFO  manager.ListenerWD -- Before click element-->inputtext-->
19:50:27.246 INFO  manager.ListenerWD -- After click element-->input
19:50:27.288 INFO  manager.ListenerWD -- SendKeys-->
19:50:27.288 INFO  manager.ListenerWD -- SendKeys_TagName-->input
19:50:27.354 INFO  manager.ListenerWD -- SendKeys-->
19:50:27.362 INFO  manager.ListenerWD -- SendKeys_TagName-->input
19:50:27.411 INFO  manager.ListenerWD -- SendKeys-->
19:50:27.415 INFO  manager.ListenerWD -- SendKeys_TagName-->input
19:50:27.467 INFO  manager.ListenerWD -- Before find element-->By.xpath: //input[@placeholder='Address']
19:50:27.488 INFO  manager.ListenerWD -- After find element-->By.xpath: //input[@placeholder='Address']
19:50:27.495 INFO  manager.ListenerWD -- Location of element-->input
19:50:27.515 INFO  manager.ListenerWD -- Before click element-->inputtext-->
19:50:27.609 INFO  manager.ListenerWD -- After click element-->input
19:50:27.646 INFO  manager.ListenerWD -- SendKeys-->
19:50:27.662 INFO  manager.ListenerWD -- SendKeys_TagName-->input
19:50:27.715 INFO  manager.ListenerWD -- SendKeys-->
19:50:27.722 INFO  manager.ListenerWD -- SendKeys_TagName-->input
19:50:27.766 INFO  manager.ListenerWD -- SendKeys-->
19:50:27.778 INFO  manager.ListenerWD -- SendKeys_TagName-->input
19:50:27.835 INFO  manager.ListenerWD -- Before find element-->By.xpath: //input[@placeholder='description']
19:50:27.854 INFO  manager.ListenerWD -- After find element-->By.xpath: //input[@placeholder='description']
19:50:27.857 INFO  manager.ListenerWD -- Location of element-->input
19:50:27.875 INFO  manager.ListenerWD -- Before click element-->inputtext-->
19:50:27.976 INFO  manager.ListenerWD -- After click element-->input
19:50:28.022 INFO  manager.ListenerWD -- SendKeys-->
19:50:28.022 INFO  manager.ListenerWD -- SendKeys_TagName-->input
19:50:28.081 INFO  manager.ListenerWD -- SendKeys-->
19:50:28.089 INFO  manager.ListenerWD -- SendKeys_TagName-->input
19:50:28.126 INFO  manager.ListenerWD -- Before find element-->By.cssSelector: .add_main__1tbl_ button
19:50:28.143 INFO  manager.ListenerWD -- After find element-->By.cssSelector: .add_main__1tbl_ button
19:50:28.149 INFO  manager.ListenerWD -- Location of element-->button
19:50:28.164 INFO  manager.ListenerWD -- Before click element-->buttontext-->Save
19:50:28.254 INFO  manager.ListenerWD -- After click element-->button
19:50:28.762 INFO  manager.ListenerWD -- Before find element-->By.cssSelector: a[href="/add"]
19:50:28.778 INFO  manager.ListenerWD -- After find element-->By.cssSelector: a[href="/add"]
19:50:28.778 INFO  manager.ListenerWD -- Location of element-->a
19:50:28.794 INFO  manager.ListenerWD -- Before click element-->atext-->ADD
19:50:28.902 INFO  manager.ListenerWD -- After click element-->a
19:50:28.902 INFO  manager.ListenerWD -- Before find element-->By.xpath: //input[@placeholder='Name']
19:50:28.915 INFO  manager.ListenerWD -- After find element-->By.xpath: //input[@placeholder='Name']
19:50:28.915 INFO  manager.ListenerWD -- Location of element-->input
19:50:28.931 INFO  manager.ListenerWD -- Before click element-->inputtext-->
19:50:29.042 INFO  manager.ListenerWD -- After click element-->input
19:50:29.099 INFO  manager.ListenerWD -- SendKeys-->
19:50:29.108 INFO  manager.ListenerWD -- SendKeys_TagName-->input
19:50:29.162 INFO  manager.ListenerWD -- SendKeys-->
19:50:29.164 INFO  manager.ListenerWD -- SendKeys_TagName-->input
19:50:29.221 INFO  manager.ListenerWD -- SendKeys-->
19:50:29.228 INFO  manager.ListenerWD -- SendKeys_TagName-->input
19:50:29.267 INFO  manager.ListenerWD -- Before find element-->By.xpath: //input[@placeholder='Last Name']
19:50:29.290 INFO  manager.ListenerWD -- After find element-->By.xpath: //input[@placeholder='Last Name']
19:50:29.298 INFO  manager.ListenerWD -- Location of element-->input
19:50:29.314 INFO  manager.ListenerWD -- Before click element-->inputtext-->
19:50:29.406 INFO  manager.ListenerWD -- After click element-->input
19:50:29.452 INFO  manager.ListenerWD -- SendKeys-->
19:50:29.462 INFO  manager.ListenerWD -- SendKeys_TagName-->input
19:50:29.508 INFO  manager.ListenerWD -- SendKeys-->
19:50:29.521 INFO  manager.ListenerWD -- SendKeys_TagName-->input
19:50:29.566 INFO  manager.ListenerWD -- SendKeys-->
19:50:29.578 INFO  manager.ListenerWD -- SendKeys_TagName-->input
19:50:29.617 INFO  manager.ListenerWD -- Before find element-->By.xpath: //input[@placeholder='Phone']
19:50:29.642 INFO  manager.ListenerWD -- After find element-->By.xpath: //input[@placeholder='Phone']
19:50:29.648 INFO  manager.ListenerWD -- Location of element-->input
19:50:29.664 INFO  manager.ListenerWD -- Before click element-->inputtext-->
19:50:29.759 INFO  manager.ListenerWD -- After click element-->input
19:50:29.805 INFO  manager.ListenerWD -- SendKeys-->
19:50:29.805 INFO  manager.ListenerWD -- SendKeys_TagName-->input
19:50:29.865 INFO  manager.ListenerWD -- SendKeys-->
19:50:29.872 INFO  manager.ListenerWD -- SendKeys_TagName-->input
19:50:29.925 INFO  manager.ListenerWD -- SendKeys-->
19:50:29.931 INFO  manager.ListenerWD -- SendKeys_TagName-->input
19:50:29.983 INFO  manager.ListenerWD -- Before find element-->By.xpath: //input[@placeholder='email']
19:50:29.998 INFO  manager.ListenerWD -- After find element-->By.xpath: //input[@placeholder='email']
19:50:29.998 INFO  manager.ListenerWD -- Location of element-->input
19:50:30.014 INFO  manager.ListenerWD -- Before click element-->inputtext-->
19:50:30.117 INFO  manager.ListenerWD -- After click element-->input
19:50:30.162 INFO  manager.ListenerWD -- SendKeys-->
19:50:30.172 INFO  manager.ListenerWD -- SendKeys_TagName-->input
19:50:30.222 INFO  manager.ListenerWD -- SendKeys-->
19:50:30.231 INFO  manager.ListenerWD -- SendKeys_TagName-->input
19:50:30.284 INFO  manager.ListenerWD -- SendKeys-->
19:50:30.289 INFO  manager.ListenerWD -- SendKeys_TagName-->input
19:50:30.348 INFO  manager.ListenerWD -- Before find element-->By.xpath: //input[@placeholder='Address']
19:50:30.365 INFO  manager.ListenerWD -- After find element-->By.xpath: //input[@placeholder='Address']
19:50:30.365 INFO  manager.ListenerWD -- Location of element-->input
19:50:30.381 INFO  manager.ListenerWD -- Before click element-->inputtext-->
19:50:30.485 INFO  manager.ListenerWD -- After click element-->input
19:50:30.530 INFO  manager.ListenerWD -- SendKeys-->
19:50:30.530 INFO  manager.ListenerWD -- SendKeys_TagName-->input
19:50:30.590 INFO  manager.ListenerWD -- SendKeys-->
19:50:30.598 INFO  manager.ListenerWD -- SendKeys_TagName-->input
19:50:30.654 INFO  manager.ListenerWD -- SendKeys-->
19:50:30.656 INFO  manager.ListenerWD -- SendKeys_TagName-->input
19:50:30.716 INFO  manager.ListenerWD -- Before find element-->By.xpath: //input[@placeholder='description']
19:50:30.736 INFO  manager.ListenerWD -- After find element-->By.xpath: //input[@placeholder='description']
19:50:30.740 INFO  manager.ListenerWD -- Location of element-->input
19:50:30.756 INFO  manager.ListenerWD -- Before click element-->inputtext-->
19:50:30.860 INFO  manager.ListenerWD -- After click element-->input
19:50:30.905 INFO  manager.ListenerWD -- SendKeys-->
19:50:30.905 INFO  manager.ListenerWD -- SendKeys_TagName-->input
19:50:30.964 INFO  manager.ListenerWD -- SendKeys-->
19:50:30.972 INFO  manager.ListenerWD -- SendKeys_TagName-->input
19:50:31.010 INFO  manager.ListenerWD -- Before find element-->By.cssSelector: .add_main__1tbl_ button
19:50:31.027 INFO  manager.ListenerWD -- After find element-->By.cssSelector: .add_main__1tbl_ button
19:50:31.031 INFO  manager.ListenerWD -- Location of element-->button
19:50:31.047 INFO  manager.ListenerWD -- Before click element-->buttontext-->Save
19:50:31.136 INFO  manager.ListenerWD -- After click element-->button
19:50:31.645 INFO  manager.TestNGListener -- Start test --> null
19:50:31.692 INFO  manager.HelperBase -- Number of Contacts before remove is -->3
19:50:31.692 INFO  manager.ListenerWD -- Before find element-->By.cssSelector: .contact-item_card__2SOIM
19:50:31.708 INFO  manager.ListenerWD -- After find element-->By.cssSelector: .contact-item_card__2SOIM
19:50:31.729 INFO  manager.ListenerWD -- Location of element-->div
19:50:31.752 INFO  manager.ListenerWD -- Before click element-->divtext-->Harry
05475671771
19:50:31.856 INFO  manager.ListenerWD -- After click element-->div
19:50:31.857 INFO  manager.ListenerWD -- Before find element-->By.xpath: //button[text()='Remove']
19:50:31.873 INFO  manager.ListenerWD -- After find element-->By.xpath: //button[text()='Remove']
19:50:31.888 INFO  manager.ListenerWD -- Location of element-->button
19:50:31.904 INFO  manager.ListenerWD -- Before click element-->buttontext-->Remove
19:50:32.002 INFO  manager.ListenerWD -- After click element-->button
19:50:33.020 INFO  manager.HelperBase -- Number of Contacts after remove is -->2
19:50:33.074 INFO  manager.HelperBase -- Number of Contacts before remove is -->2
19:50:33.074 INFO  manager.ListenerWD -- Before find element-->By.cssSelector: .contact-item_card__2SOIM
19:50:33.099 INFO  manager.ListenerWD -- After find element-->By.cssSelector: .contact-item_card__2SOIM
19:50:33.099 INFO  manager.ListenerWD -- Location of element-->div
19:50:33.115 INFO  manager.ListenerWD -- Before click element-->divtext-->Harry
05475671082
19:50:33.238 INFO  manager.ListenerWD -- After click element-->div
19:50:33.239 INFO  manager.ListenerWD -- Before find element-->By.xpath: //button[text()='Remove']
19:50:33.248 INFO  manager.ListenerWD -- After find element-->By.xpath: //button[text()='Remove']
19:50:33.269 INFO  manager.ListenerWD -- Location of element-->button
19:50:33.279 INFO  manager.ListenerWD -- Before click element-->buttontext-->Remove
19:50:33.386 INFO  manager.ListenerWD -- After click element-->button
19:50:34.409 INFO  manager.HelperBase -- Number of Contacts after remove is -->1
19:50:34.451 INFO  manager.HelperBase -- Number of Contacts before remove is -->1
19:50:34.451 INFO  manager.ListenerWD -- Before find element-->By.cssSelector: .contact-item_card__2SOIM
19:50:34.457 INFO  manager.ListenerWD -- After find element-->By.cssSelector: .contact-item_card__2SOIM
19:50:34.478 INFO  manager.ListenerWD -- Location of element-->div
19:50:34.488 INFO  manager.ListenerWD -- Before click element-->divtext-->Harry
05475671323
19:50:34.586 INFO  manager.ListenerWD -- After click element-->div
19:50:34.586 INFO  manager.ListenerWD -- Before find element-->By.xpath: //button[text()='Remove']
19:50:34.597 INFO  manager.ListenerWD -- After find element-->By.xpath: //button[text()='Remove']
19:50:34.597 INFO  manager.ListenerWD -- Location of element-->button
19:50:34.613 INFO  manager.ListenerWD -- Before click element-->buttontext-->Remove
19:50:34.708 INFO  manager.ListenerWD -- After click element-->button
19:50:40.723 INFO  manager.HelperBase -- Number of Contacts after remove is -->0
19:50:45.791 INFO  manager.ListenerWD -- Before find element-->By.cssSelector: .contact-page_message__2qafk>h1
19:50:45.806 INFO  manager.ListenerWD -- After find element-->By.cssSelector: .contact-page_message__2qafk>h1
19:50:45.822 INFO  manager.ListenerWD -- Location of element-->h1
19:50:45.840 INFO  manager.TestNGListener -- Success test --> removeAllContacts
19:50:45.840 INFO  tests.TestBase -- ===============================================
19:50:45.842 INFO  tests.TestBase -- Name of method (test) ---> removeFirstContact
19:50:50.912 INFO  manager.ListenerWD -- Before find element-->By.cssSelector: a[href="/add"]
19:50:50.928 INFO  manager.ListenerWD -- After find element-->By.cssSelector: a[href="/add"]
19:50:50.943 INFO  manager.ListenerWD -- Location of element-->a
19:50:50.965 INFO  manager.ListenerWD -- Before click element-->atext-->ADD
19:50:51.087 INFO  manager.ListenerWD -- After click element-->a
19:50:51.087 INFO  manager.ListenerWD -- Before find element-->By.xpath: //input[@placeholder='Name']
19:50:51.104 INFO  manager.ListenerWD -- After find element-->By.xpath: //input[@placeholder='Name']
19:50:51.104 INFO  manager.ListenerWD -- Location of element-->input
19:50:51.120 INFO  manager.ListenerWD -- Before click element-->inputtext-->
19:50:51.228 INFO  manager.ListenerWD -- After click element-->input
19:50:51.284 INFO  manager.ListenerWD -- SendKeys-->
19:50:51.293 INFO  manager.ListenerWD -- SendKeys_TagName-->input
19:50:51.348 INFO  manager.ListenerWD -- SendKeys-->
19:50:51.354 INFO  manager.ListenerWD -- SendKeys_TagName-->input
19:50:51.406 INFO  manager.ListenerWD -- SendKeys-->
19:50:51.412 INFO  manager.ListenerWD -- SendKeys_TagName-->input
19:50:51.455 INFO  manager.ListenerWD -- Before find element-->By.xpath: //input[@placeholder='Last Name']
19:50:51.472 INFO  manager.ListenerWD -- After find element-->By.xpath: //input[@placeholder='Last Name']
19:50:51.479 INFO  manager.ListenerWD -- Location of element-->input
19:50:51.495 INFO  manager.ListenerWD -- Before click element-->inputtext-->
19:50:51.587 INFO  manager.ListenerWD -- After click element-->input
19:50:51.628 INFO  manager.ListenerWD -- SendKeys-->
19:50:51.644 INFO  manager.ListenerWD -- SendKeys_TagName-->input
19:50:51.695 INFO  manager.ListenerWD -- SendKeys-->
19:50:51.695 INFO  manager.ListenerWD -- SendKeys_TagName-->input
19:50:51.755 INFO  manager.ListenerWD -- SendKeys-->
19:50:51.762 INFO  manager.ListenerWD -- SendKeys_TagName-->input
19:50:51.805 INFO  manager.ListenerWD -- Before find element-->By.xpath: //input[@placeholder='Phone']
19:50:51.823 INFO  manager.ListenerWD -- After find element-->By.xpath: //input[@placeholder='Phone']
19:50:51.828 INFO  manager.ListenerWD -- Location of element-->input
19:50:51.844 INFO  manager.ListenerWD -- Before click element-->inputtext-->
19:50:51.937 INFO  manager.ListenerWD -- After click element-->input
19:50:51.978 INFO  manager.ListenerWD -- SendKeys-->
19:50:51.994 INFO  manager.ListenerWD -- SendKeys_TagName-->input
19:50:52.052 INFO  manager.ListenerWD -- SendKeys-->
19:50:52.060 INFO  manager.ListenerWD -- SendKeys_TagName-->input
19:50:52.104 INFO  manager.ListenerWD -- SendKeys-->
19:50:52.118 INFO  manager.ListenerWD -- SendKeys_TagName-->input
19:50:52.171 INFO  manager.ListenerWD -- Before find element-->By.xpath: //input[@placeholder='email']
19:50:52.192 INFO  manager.ListenerWD -- After find element-->By.xpath: //input[@placeholder='email']
19:50:52.195 INFO  manager.ListenerWD -- Location of element-->input
19:50:52.211 INFO  manager.ListenerWD -- Before click element-->inputtext-->
19:50:52.315 INFO  manager.ListenerWD -- After click element-->input
19:50:52.360 INFO  manager.ListenerWD -- SendKeys-->
19:50:52.360 INFO  manager.ListenerWD -- SendKeys_TagName-->input
19:50:52.428 INFO  manager.ListenerWD -- SendKeys-->
19:50:52.437 INFO  manager.ListenerWD -- SendKeys_TagName-->input
19:50:52.486 INFO  manager.ListenerWD -- SendKeys-->
19:50:52.494 INFO  manager.ListenerWD -- SendKeys_TagName-->input
19:50:52.550 INFO  manager.ListenerWD -- Before find element-->By.xpath: //input[@placeholder='Address']
19:50:52.568 INFO  manager.ListenerWD -- After find element-->By.xpath: //input[@placeholder='Address']
19:50:52.575 INFO  manager.ListenerWD -- Location of element-->input
19:50:52.595 INFO  manager.ListenerWD -- Before click element-->inputtext-->
19:50:52.684 INFO  manager.ListenerWD -- After click element-->input
19:50:52.733 INFO  manager.ListenerWD -- SendKeys-->
19:50:52.740 INFO  manager.ListenerWD -- SendKeys_TagName-->input
19:50:52.789 INFO  manager.ListenerWD -- SendKeys-->
19:50:52.796 INFO  manager.ListenerWD -- SendKeys_TagName-->input
19:50:52.848 INFO  manager.ListenerWD -- SendKeys-->
19:50:52.856 INFO  manager.ListenerWD -- SendKeys_TagName-->input
19:50:52.904 INFO  manager.ListenerWD -- Before find element-->By.xpath: //input[@placeholder='description']
19:50:52.919 INFO  manager.ListenerWD -- After find element-->By.xpath: //input[@placeholder='description']
19:50:52.927 INFO  manager.ListenerWD -- Location of element-->input
19:50:52.950 INFO  manager.ListenerWD -- Before click element-->inputtext-->
19:50:53.042 INFO  manager.ListenerWD -- After click element-->input
19:50:53.086 INFO  manager.ListenerWD -- SendKeys-->
19:50:53.086 INFO  manager.ListenerWD -- SendKeys_TagName-->input
19:50:53.149 INFO  manager.ListenerWD -- SendKeys-->
19:50:53.153 INFO  manager.ListenerWD -- SendKeys_TagName-->input
19:50:53.192 INFO  manager.ListenerWD -- Before find element-->By.cssSelector: .add_main__1tbl_ button
19:50:53.212 INFO  manager.ListenerWD -- After find element-->By.cssSelector: .add_main__1tbl_ button
19:50:53.212 INFO  manager.ListenerWD -- Location of element-->button
19:50:53.234 INFO  manager.ListenerWD -- Before click element-->buttontext-->Save
19:50:53.335 INFO  manager.ListenerWD -- After click element-->button
19:50:53.847 INFO  manager.ListenerWD -- Before find element-->By.cssSelector: a[href="/add"]
19:50:53.863 INFO  manager.ListenerWD -- After find element-->By.cssSelector: a[href="/add"]
19:50:53.863 INFO  manager.ListenerWD -- Location of element-->a
19:50:53.895 INFO  manager.ListenerWD -- Before click element-->atext-->ADD
19:50:54.003 INFO  manager.ListenerWD -- After click element-->a
19:50:54.003 INFO  manager.ListenerWD -- Before find element-->By.xpath: //input[@placeholder='Name']
19:50:54.020 INFO  manager.ListenerWD -- After find element-->By.xpath: //input[@placeholder='Name']
19:50:54.025 INFO  manager.ListenerWD -- Location of element-->input
19:50:54.036 INFO  manager.ListenerWD -- Before click element-->inputtext-->
19:50:54.158 INFO  manager.ListenerWD -- After click element-->input
19:50:54.217 INFO  manager.ListenerWD -- SendKeys-->
19:50:54.225 INFO  manager.ListenerWD -- SendKeys_TagName-->input
19:50:54.287 INFO  manager.ListenerWD -- SendKeys-->
19:50:54.296 INFO  manager.ListenerWD -- SendKeys_TagName-->input
19:50:54.350 INFO  manager.ListenerWD -- SendKeys-->
19:50:54.353 INFO  manager.ListenerWD -- SendKeys_TagName-->input
19:50:54.402 INFO  manager.ListenerWD -- Before find element-->By.xpath: //input[@placeholder='Last Name']
19:50:54.421 INFO  manager.ListenerWD -- After find element-->By.xpath: //input[@placeholder='Last Name']
19:50:54.428 INFO  manager.ListenerWD -- Location of element-->input
19:50:54.444 INFO  manager.ListenerWD -- Before click element-->inputtext-->
19:50:54.544 INFO  manager.ListenerWD -- After click element-->input
19:50:54.584 INFO  manager.ListenerWD -- SendKeys-->
19:50:54.600 INFO  manager.ListenerWD -- SendKeys_TagName-->input
19:50:54.664 INFO  manager.ListenerWD -- SendKeys-->
19:50:54.670 INFO  manager.ListenerWD -- SendKeys_TagName-->input
19:50:54.726 INFO  manager.ListenerWD -- SendKeys-->
19:50:54.734 INFO  manager.ListenerWD -- SendKeys_TagName-->input
19:50:54.779 INFO  manager.ListenerWD -- Before find element-->By.xpath: //input[@placeholder='Phone']
19:50:54.804 INFO  manager.ListenerWD -- After find element-->By.xpath: //input[@placeholder='Phone']
19:50:54.811 INFO  manager.ListenerWD -- Location of element-->input
19:50:54.827 INFO  manager.ListenerWD -- Before click element-->inputtext-->
19:50:54.934 INFO  manager.ListenerWD -- After click element-->input
19:50:54.990 INFO  manager.ListenerWD -- SendKeys-->
19:50:54.992 INFO  manager.ListenerWD -- SendKeys_TagName-->input
19:50:55.055 INFO  manager.ListenerWD -- SendKeys-->
19:50:55.061 INFO  manager.ListenerWD -- SendKeys_TagName-->input
19:50:55.119 INFO  manager.ListenerWD -- SendKeys-->
19:50:55.127 INFO  manager.ListenerWD -- SendKeys_TagName-->input
19:50:55.180 INFO  manager.ListenerWD -- Before find element-->By.xpath: //input[@placeholder='email']
19:50:55.203 INFO  manager.ListenerWD -- After find element-->By.xpath: //input[@placeholder='email']
19:50:55.213 INFO  manager.ListenerWD -- Location of element-->input
19:50:55.227 INFO  manager.ListenerWD -- Before click element-->inputtext-->
19:50:55.340 INFO  manager.ListenerWD -- After click element-->input
19:50:55.393 INFO  manager.ListenerWD -- SendKeys-->
19:50:55.401 INFO  manager.ListenerWD -- SendKeys_TagName-->input
19:50:55.455 INFO  manager.ListenerWD -- SendKeys-->
19:50:55.461 INFO  manager.ListenerWD -- SendKeys_TagName-->input
19:50:55.522 INFO  manager.ListenerWD -- SendKeys-->
19:50:55.528 INFO  manager.ListenerWD -- SendKeys_TagName-->input
19:50:55.601 INFO  manager.ListenerWD -- Before find element-->By.xpath: //input[@placeholder='Address']
19:50:55.619 INFO  manager.ListenerWD -- After find element-->By.xpath: //input[@placeholder='Address']
19:50:55.619 INFO  manager.ListenerWD -- Location of element-->input
19:50:55.651 INFO  manager.ListenerWD -- Before click element-->inputtext-->
19:50:55.745 INFO  manager.ListenerWD -- After click element-->input
19:50:55.801 INFO  manager.ListenerWD -- SendKeys-->
19:50:55.801 INFO  manager.ListenerWD -- SendKeys_TagName-->input
19:50:55.872 INFO  manager.ListenerWD -- SendKeys-->
19:50:55.878 INFO  manager.ListenerWD -- SendKeys_TagName-->input
19:50:55.939 INFO  manager.ListenerWD -- SendKeys-->
19:50:55.944 INFO  manager.ListenerWD -- SendKeys_TagName-->input
19:50:56.003 INFO  manager.ListenerWD -- Before find element-->By.xpath: //input[@placeholder='description']
19:50:56.019 INFO  manager.ListenerWD -- After find element-->By.xpath: //input[@placeholder='description']
19:50:56.019 INFO  manager.ListenerWD -- Location of element-->input
19:50:56.044 INFO  manager.ListenerWD -- Before click element-->inputtext-->
19:50:56.150 INFO  manager.ListenerWD -- After click element-->input
19:50:56.193 INFO  manager.ListenerWD -- SendKeys-->
19:50:56.209 INFO  manager.ListenerWD -- SendKeys_TagName-->input
19:50:56.271 INFO  manager.ListenerWD -- SendKeys-->
19:50:56.278 INFO  manager.ListenerWD -- SendKeys_TagName-->input
19:50:56.323 INFO  manager.ListenerWD -- Before find element-->By.cssSelector: .add_main__1tbl_ button
19:50:56.344 INFO  manager.ListenerWD -- After find element-->By.cssSelector: .add_main__1tbl_ button
19:50:56.344 INFO  manager.ListenerWD -- Location of element-->button
19:50:56.376 INFO  manager.ListenerWD -- Before click element-->buttontext-->Save
19:50:56.469 INFO  manager.ListenerWD -- After click element-->button
19:50:56.974 INFO  manager.ListenerWD -- Before find element-->By.cssSelector: a[href="/add"]
19:50:56.990 INFO  manager.ListenerWD -- After find element-->By.cssSelector: a[href="/add"]
19:50:57.015 INFO  manager.ListenerWD -- Location of element-->a
19:50:57.021 INFO  manager.ListenerWD -- Before click element-->atext-->ADD
19:50:57.134 INFO  manager.ListenerWD -- After click element-->a
19:50:57.134 INFO  manager.ListenerWD -- Before find element-->By.xpath: //input[@placeholder='Name']
19:50:57.148 INFO  manager.ListenerWD -- After find element-->By.xpath: //input[@placeholder='Name']
19:50:57.148 INFO  manager.ListenerWD -- Location of element-->input
19:50:57.176 INFO  manager.ListenerWD -- Before click element-->inputtext-->
19:50:57.275 INFO  manager.ListenerWD -- After click element-->input
19:50:57.329 INFO  manager.ListenerWD -- SendKeys-->
19:50:57.337 INFO  manager.ListenerWD -- SendKeys_TagName-->input
19:50:57.394 INFO  manager.ListenerWD -- SendKeys-->
19:50:57.394 INFO  manager.ListenerWD -- SendKeys_TagName-->input
19:50:57.445 INFO  manager.ListenerWD -- SendKeys-->
19:50:57.458 INFO  manager.ListenerWD -- SendKeys_TagName-->input
19:50:57.501 INFO  manager.ListenerWD -- Before find element-->By.xpath: //input[@placeholder='Last Name']
19:50:57.519 INFO  manager.ListenerWD -- After find element-->By.xpath: //input[@placeholder='Last Name']
19:50:57.526 INFO  manager.ListenerWD -- Location of element-->input
19:50:57.544 INFO  manager.ListenerWD -- Before click element-->inputtext-->
19:50:57.646 INFO  manager.ListenerWD -- After click element-->input
19:50:57.683 INFO  manager.ListenerWD -- SendKeys-->
19:50:57.699 INFO  manager.ListenerWD -- SendKeys_TagName-->input
19:50:57.765 INFO  manager.ListenerWD -- SendKeys-->
19:50:57.769 INFO  manager.ListenerWD -- SendKeys_TagName-->input
19:50:57.827 INFO  manager.ListenerWD -- SendKeys-->
19:50:57.836 INFO  manager.ListenerWD -- SendKeys_TagName-->input
19:50:57.879 INFO  manager.ListenerWD -- Before find element-->By.xpath: //input[@placeholder='Phone']
19:50:57.902 INFO  manager.ListenerWD -- After find element-->By.xpath: //input[@placeholder='Phone']
19:50:57.911 INFO  manager.ListenerWD -- Location of element-->input
19:50:57.927 INFO  manager.ListenerWD -- Before click element-->inputtext-->
19:50:58.026 INFO  manager.ListenerWD -- After click element-->input
19:50:58.068 INFO  manager.ListenerWD -- SendKeys-->
19:50:58.084 INFO  manager.ListenerWD -- SendKeys_TagName-->input
19:50:58.143 INFO  manager.ListenerWD -- SendKeys-->
19:50:58.152 INFO  manager.ListenerWD -- SendKeys_TagName-->input
19:50:58.203 INFO  manager.ListenerWD -- SendKeys-->
19:50:58.211 INFO  manager.ListenerWD -- SendKeys_TagName-->input
19:50:58.263 INFO  manager.ListenerWD -- Before find element-->By.xpath: //input[@placeholder='email']
19:50:58.281 INFO  manager.ListenerWD -- After find element-->By.xpath: //input[@placeholder='email']
19:50:58.286 INFO  manager.ListenerWD -- Location of element-->input
19:50:58.302 INFO  manager.ListenerWD -- Before click element-->inputtext-->
19:50:58.397 INFO  manager.ListenerWD -- After click element-->input
19:50:58.442 INFO  manager.ListenerWD -- SendKeys-->
19:50:58.442 INFO  manager.ListenerWD -- SendKeys_TagName-->input
19:50:58.503 INFO  manager.ListenerWD -- SendKeys-->
19:50:58.511 INFO  manager.ListenerWD -- SendKeys_TagName-->input
19:50:58.561 INFO  manager.ListenerWD -- SendKeys-->
19:50:58.569 INFO  manager.ListenerWD -- SendKeys_TagName-->input
19:50:58.622 INFO  manager.ListenerWD -- Before find element-->By.xpath: //input[@placeholder='Address']
19:50:58.642 INFO  manager.ListenerWD -- After find element-->By.xpath: //input[@placeholder='Address']
19:50:58.644 INFO  manager.ListenerWD -- Location of element-->input
19:50:58.660 INFO  manager.ListenerWD -- Before click element-->inputtext-->
19:50:58.770 INFO  manager.ListenerWD -- After click element-->input
19:50:58.809 INFO  manager.ListenerWD -- SendKeys-->
19:50:58.825 INFO  manager.ListenerWD -- SendKeys_TagName-->input
19:50:58.887 INFO  manager.ListenerWD -- SendKeys-->
19:50:58.894 INFO  manager.ListenerWD -- SendKeys_TagName-->input
19:50:58.945 INFO  manager.ListenerWD -- SendKeys-->
19:50:58.953 INFO  manager.ListenerWD -- SendKeys_TagName-->input
19:50:59.012 INFO  manager.ListenerWD -- Before find element-->By.xpath: //input[@placeholder='description']
19:50:59.027 INFO  manager.ListenerWD -- After find element-->By.xpath: //input[@placeholder='description']
19:50:59.027 INFO  manager.ListenerWD -- Location of element-->input
19:50:59.059 INFO  manager.ListenerWD -- Before click element-->inputtext-->
19:50:59.152 INFO  manager.ListenerWD -- After click element-->input
19:50:59.192 INFO  manager.ListenerWD -- SendKeys-->
19:50:59.192 INFO  manager.ListenerWD -- SendKeys_TagName-->input
19:50:59.257 INFO  manager.ListenerWD -- SendKeys-->
19:50:59.260 INFO  manager.ListenerWD -- SendKeys_TagName-->input
19:50:59.303 INFO  manager.ListenerWD -- Before find element-->By.cssSelector: .add_main__1tbl_ button
19:50:59.319 INFO  manager.ListenerWD -- After find element-->By.cssSelector: .add_main__1tbl_ button
19:50:59.319 INFO  manager.ListenerWD -- Location of element-->button
19:50:59.342 INFO  manager.ListenerWD -- Before click element-->buttontext-->Save
19:50:59.430 INFO  manager.ListenerWD -- After click element-->button
19:50:59.940 INFO  manager.TestNGListener -- Start test --> null
19:50:59.972 INFO  manager.HelperBase -- Number of Contacts before remove is -->3
19:50:59.972 INFO  manager.ListenerWD -- Before find element-->By.cssSelector: .contact-item_card__2SOIM
19:50:59.989 INFO  manager.ListenerWD -- After find element-->By.cssSelector: .contact-item_card__2SOIM
19:50:59.989 INFO  manager.ListenerWD -- Location of element-->div
19:51:00.022 INFO  manager.ListenerWD -- Before click element-->divtext-->Harry
05475671070
19:51:00.124 INFO  manager.ListenerWD -- After click element-->div
19:51:00.124 INFO  manager.ListenerWD -- Before find element-->By.xpath: //button[text()='Remove']
19:51:00.136 INFO  manager.ListenerWD -- After find element-->By.xpath: //button[text()='Remove']
19:51:00.136 INFO  manager.ListenerWD -- Location of element-->button
19:51:00.152 INFO  manager.ListenerWD -- Before click element-->buttontext-->Remove
19:51:00.247 INFO  manager.ListenerWD -- After click element-->button
19:51:01.265 INFO  manager.HelperBase -- Number of Contacts after remove is -->2
19:51:01.265 INFO  manager.TestNGListener -- Success test --> removeFirstContact
19:51:01.265 INFO  tests.TestBase -- ===============================================
19:51:01.281 INFO  manager.TestNGListener -- Stop testing on date -->Wed Jun 03 19:51:01 IDT 2026
